translator,model,selection,label,target,target_n,hate_n,non_hate_n,tp,fn,recall,fnr,repeat
exaone,kcelectra,retrieved,source,gender,232,232,0,135,97,0.5818965517241379,0.41810344827586204,1
exaone,kcelectra,retrieved,source,age,102,102,0,58,44,0.5686274509803921,0.43137254901960786,1
exaone,kcelectra,retrieved,source,race_or_region_of_origin,893,893,0,595,298,0.6662933930571109,0.3337066069428891,1
exaone,kcelectra,retrieved,source,religion,46,46,0,30,16,0.6521739130434783,0.34782608695652173,1
exaone,kcelectra,retrieved,source,politics,1790,1790,0,851,939,0.47541899441340785,0.5245810055865922,1
exaone,kcelectra,retrieved,source,occupation,365,365,0,135,230,0.3698630136986301,0.6301369863013698,1
exaone,kcelectra,retrieved,source,disability,99,99,0,52,47,0.5252525252525253,0.47474747474747475,1
exaone,kcelectra,retrieved,exaone,gender,232,232,0,132,100,0.5689655172413793,0.43103448275862066,1
exaone,kcelectra,retrieved,exaone,age,102,102,0,68,34,0.6666666666666666,0.3333333333333333,1
exaone,kcelectra,retrieved,exaone,race_or_region_of_origin,893,893,0,780,113,0.8734602463605823,0.1265397536394177,1
exaone,kcelectra,retrieved,exaone,religion,46,46,0,37,9,0.8043478260869565,0.1956521739130435,1
exaone,kcelectra,retrieved,exaone,politics,1790,1790,0,1428,362,0.7977653631284917,0.2022346368715084,1
exaone,kcelectra,retrieved,exaone,occupation,365,365,0,225,140,0.6164383561643836,0.3835616438356164,1
exaone,kcelectra,retrieved,exaone,disability,99,99,0,59,40,0.5959595959595959,0.40404040404040403,1
exaone,kcelectra,retrieved,gemma4,gender,232,232,0,164,68,0.7068965517241379,0.29310344827586204,1
exaone,kcelectra,retrieved,gemma4,age,102,102,0,75,27,0.7352941176470589,0.2647058823529412,1
exaone,kcelectra,retrieved,gemma4,race_or_region_of_origin,893,893,0,787,106,0.8812989921612542,0.1187010078387458,1
exaone,kcelectra,retrieved,gemma4,religion,46,46,0,37,9,0.8043478260869565,0.1956521739130435,1
exaone,kcelectra,retrieved,gemma4,politics,1790,1790,0,1415,375,0.7905027932960894,0.20949720670391062,1
exaone,kcelectra,retrieved,gemma4,occupation,365,365,0,250,115,0.684931506849315,0.3150684931506849,1
exaone,kcelectra,retrieved,gemma4,disability,99,99,0,70,29,0.7070707070707071,0.29292929292929293,1
exaone,kcelectra,random,source,gender,232,232,0,136,96,0.5862068965517241,0.41379310344827586,1
exaone,kcelectra,random,source,age,102,102,0,55,47,0.5392156862745098,0.46078431372549017,1
exaone,kcelectra,random,source,race_or_region_of_origin,893,893,0,522,371,0.5845464725643897,0.4154535274356103,1
exaone,kcelectra,random,source,religion,46,46,0,29,17,0.6304347826086957,0.3695652173913043,1
exaone,kcelectra,random,source,politics,1790,1790,0,744,1046,0.41564245810055866,0.5843575418994413,1
exaone,kcelectra,random,source,occupation,365,365,0,130,235,0.3561643835616438,0.6438356164383562,1
exaone,kcelectra,random,source,disability,99,99,0,44,55,0.4444444444444444,0.5555555555555556,1
exaone,kcelectra,random,exaone,gender,232,232,0,121,111,0.521551724137931,0.47844827586206895,1
exaone,kcelectra,random,exaone,age,102,102,0,64,38,0.6274509803921569,0.37254901960784315,1
exaone,kcelectra,random,exaone,race_or_region_of_origin,893,893,0,732,161,0.8197088465845465,0.18029115341545351,1
exaone,kcelectra,random,exaone,religion,46,46,0,31,15,0.6739130434782609,0.32608695652173914,1
exaone,kcelectra,random,exaone,politics,1790,1790,0,1235,555,0.6899441340782123,0.3100558659217877,1
exaone,kcelectra,random,exaone,occupation,365,365,0,195,170,0.5342465753424658,0.4657534246575342,1
exaone,kcelectra,random,exaone,disability,99,99,0,57,42,0.5757575757575758,0.42424242424242425,1
exaone,kcelectra,random,gemma4,gender,232,232,0,166,66,0.7155172413793104,0.28448275862068967,1
exaone,kcelectra,random,gemma4,age,102,102,0,74,28,0.7254901960784313,0.27450980392156865,1
exaone,kcelectra,random,gemma4,race_or_region_of_origin,893,893,0,745,148,0.8342665173572228,0.16573348264277715,1
exaone,kcelectra,random,gemma4,religion,46,46,0,35,11,0.7608695652173914,0.2391304347826087,1
exaone,kcelectra,random,gemma4,politics,1790,1790,0,1087,703,0.6072625698324022,0.39273743016759777,1
exaone,kcelectra,random,gemma4,occupation,365,365,0,187,178,0.5123287671232877,0.4876712328767123,1
exaone,kcelectra,random,gemma4,disability,99,99,0,62,37,0.6262626262626263,0.37373737373737376,1
exaone,kcelectra,retrieved,source,gender,232,232,0,171,61,0.7370689655172413,0.2629310344827586,2
exaone,kcelectra,retrieved,source,age,102,102,0,71,31,0.696078431372549,0.30392156862745096,2
exaone,kcelectra,retrieved,source,race_or_region_of_origin,893,893,0,646,247,0.723404255319149,0.2765957446808511,2
exaone,kcelectra,retrieved,source,religion,46,46,0,33,13,0.717391304347826,0.2826086956521739,2
exaone,kcelectra,retrieved,source,politics,1790,1790,0,1085,705,0.6061452513966481,0.39385474860335196,2
exaone,kcelectra,retrieved,source,occupation,365,365,0,200,165,0.547945205479452,0.4520547945205479,2
exaone,kcelectra,retrieved,source,disability,99,99,0,58,41,0.5858585858585859,0.41414141414141414,2
exaone,kcelectra,retrieved,exaone,gender,232,232,0,126,106,0.5431034482758621,0.45689655172413796,2
exaone,kcelectra,retrieved,exaone,age,102,102,0,58,44,0.5686274509803921,0.43137254901960786,2
exaone,kcelectra,retrieved,exaone,race_or_region_of_origin,893,893,0,739,154,0.8275475923852184,0.17245240761478164,2
exaone,kcelectra,retrieved,exaone,religion,46,46,0,28,18,0.6086956521739131,0.391304347826087,2
exaone,kcelectra,retrieved,exaone,politics,1790,1790,0,1394,396,0.7787709497206704,0.2212290502793296,2
exaone,kcelectra,retrieved,exaone,occupation,365,365,0,204,161,0.5589041095890411,0.4410958904109589,2
exaone,kcelectra,retrieved,exaone,disability,99,99,0,47,52,0.47474747474747475,0.5252525252525253,2
exaone,kcelectra,retrieved,gemma4,gender,232,232,0,170,62,0.7327586206896551,0.2672413793103448,2
exaone,kcelectra,retrieved,gemma4,age,102,102,0,68,34,0.6666666666666666,0.3333333333333333,2
exaone,kcelectra,retrieved,gemma4,race_or_region_of_origin,893,893,0,722,171,0.8085106382978723,0.19148936170212766,2
exaone,kcelectra,retrieved,gemma4,religion,46,46,0,31,15,0.6739130434782609,0.32608695652173914,2
exaone,kcelectra,retrieved,gemma4,politics,1790,1790,0,1310,480,0.7318435754189944,0.2681564245810056,2
exaone,kcelectra,retrieved,gemma4,occupation,365,365,0,236,129,0.6465753424657534,0.35342465753424657,2
exaone,kcelectra,retrieved,gemma4,disability,99,99,0,48,51,0.48484848484848486,0.5151515151515151,2
exaone,kcelectra,random,source,gender,232,232,0,167,65,0.7198275862068966,0.2801724137931034,2
exaone,kcelectra,random,source,age,102,102,0,65,37,0.6372549019607843,0.3627450980392157,2
exaone,kcelectra,random,source,race_or_region_of_origin,893,893,0,581,312,0.6506159014557671,0.3493840985442329,2
exaone,kcelectra,random,source,religion,46,46,0,30,16,0.6521739130434783,0.34782608695652173,2
exaone,kcelectra,random,source,politics,1790,1790,0,918,872,0.5128491620111731,0.4871508379888268,2
exaone,kcelectra,random,source,occupation,365,365,0,167,198,0.4575342465753425,0.5424657534246575,2
exaone,kcelectra,random,source,disability,99,99,0,56,43,0.5656565656565656,0.43434343434343436,2
exaone,kcelectra,random,exaone,gender,232,232,0,147,85,0.6336206896551724,0.36637931034482757,2
exaone,kcelectra,random,exaone,age,102,102,0,73,29,0.7156862745098039,0.28431372549019607,2
exaone,kcelectra,random,exaone,race_or_region_of_origin,893,893,0,795,98,0.8902575587905935,0.10974244120940649,2
exaone,kcelectra,random,exaone,religion,46,46,0,39,7,0.8478260869565217,0.15217391304347827,2
exaone,kcelectra,random,exaone,politics,1790,1790,0,1486,304,0.8301675977653631,0.16983240223463686,2
exaone,kcelectra,random,exaone,occupation,365,365,0,256,109,0.7013698630136986,0.29863013698630136,2
exaone,kcelectra,random,exaone,disability,99,99,0,62,37,0.6262626262626263,0.37373737373737376,2
exaone,kcelectra,random,gemma4,gender,232,232,0,182,50,0.7844827586206896,0.21551724137931033,2
exaone,kcelectra,random,gemma4,age,102,102,0,79,23,0.7745098039215687,0.22549019607843138,2
exaone,kcelectra,random,gemma4,race_or_region_of_origin,893,893,0,774,119,0.8667413213885778,0.13325867861142218,2
exaone,kcelectra,random,gemma4,religion,46,46,0,32,14,0.6956521739130435,0.30434782608695654,2
exaone,kcelectra,random,gemma4,politics,1790,1790,0,1366,424,0.7631284916201118,0.23687150837988827,2
exaone,kcelectra,random,gemma4,occupation,365,365,0,260,105,0.7123287671232876,0.2876712328767123,2
exaone,kcelectra,random,gemma4,disability,99,99,0,65,34,0.6565656565656566,0.3434343434343434,2
exaone,kcelectra,retrieved,source,gender,232,232,0,112,120,0.4827586206896552,0.5172413793103449,3
exaone,kcelectra,retrieved,source,age,102,102,0,41,61,0.4019607843137255,0.5980392156862745,3
exaone,kcelectra,retrieved,source,race_or_region_of_origin,893,893,0,454,439,0.5083986562150056,0.4916013437849944,3
exaone,kcelectra,retrieved,source,religion,46,46,0,17,29,0.3695652173913043,0.6304347826086957,3
exaone,kcelectra,retrieved,source,politics,1790,1790,0,630,1160,0.35195530726256985,0.6480446927374302,3
exaone,kcelectra,retrieved,source,occupation,365,365,0,104,261,0.28493150684931506,0.7150684931506849,3
exaone,kcelectra,retrieved,source,disability,99,99,0,42,57,0.42424242424242425,0.5757575757575758,3
exaone,kcelectra,retrieved,exaone,gender,232,232,0,150,82,0.646551724137931,0.35344827586206895,3
exaone,kcelectra,retrieved,exaone,age,102,102,0,78,24,0.7647058823529411,0.23529411764705882,3
exaone,kcelectra,retrieved,exaone,race_or_region_of_origin,893,893,0,792,101,0.8868980963045913,0.11310190369540873,3
exaone,kcelectra,retrieved,exaone,religion,46,46,0,35,11,0.7608695652173914,0.2391304347826087,3
exaone,kcelectra,retrieved,exaone,politics,1790,1790,0,1517,273,0.8474860335195531,0.15251396648044693,3
exaone,kcelectra,retrieved,exaone,occupation,365,365,0,265,100,0.726027397260274,0.273972602739726,3
exaone,kcelectra,retrieved,exaone,disability,99,99,0,61,38,0.6161616161616161,0.3838383838383838,3
exaone,kcelectra,retrieved,gemma4,gender,232,232,0,188,44,0.8103448275862069,0.1896551724137931,3
exaone,kcelectra,retrieved,gemma4,age,102,102,0,81,21,0.7941176470588235,0.20588235294117646,3
exaone,kcelectra,retrieved,gemma4,race_or_region_of_origin,893,893,0,779,114,0.8723404255319149,0.1276595744680851,3
exaone,kcelectra,retrieved,gemma4,religion,46,46,0,34,12,0.7391304347826086,0.2608695652173913,3
exaone,kcelectra,retrieved,gemma4,politics,1790,1790,0,1424,366,0.7955307262569833,0.20446927374301677,3
exaone,kcelectra,retrieved,gemma4,occupation,365,365,0,285,80,0.7808219178082192,0.2191780821917808,3
exaone,kcelectra,retrieved,gemma4,disability,99,99,0,68,31,0.6868686868686869,0.31313131313131315,3
exaone,kcelectra,random,source,gender,232,232,0,129,103,0.5560344827586207,0.44396551724137934,3
exaone,kcelectra,random,source,age,102,102,0,47,55,0.46078431372549017,0.5392156862745098,3
exaone,kcelectra,random,source,race_or_region_of_origin,893,893,0,541,352,0.6058230683090705,0.39417693169092943,3
exaone,kcelectra,random,source,religion,46,46,0,19,27,0.41304347826086957,0.5869565217391305,3
exaone,kcelectra,random,source,politics,1790,1790,0,814,976,0.4547486033519553,0.5452513966480447,3
exaone,kcelectra,random,source,occupation,365,365,0,131,234,0.3589041095890411,0.6410958904109589,3
exaone,kcelectra,random,source,disability,99,99,0,46,53,0.46464646464646464,0.5353535353535354,3
exaone,kcelectra,random,exaone,gender,232,232,0,137,95,0.5905172413793104,0.40948275862068967,3
exaone,kcelectra,random,exaone,age,102,102,0,67,35,0.6568627450980392,0.3431372549019608,3
exaone,kcelectra,random,exaone,race_or_region_of_origin,893,893,0,772,121,0.864501679731243,0.135498320268757,3
exaone,kcelectra,random,exaone,religion,46,46,0,35,11,0.7608695652173914,0.2391304347826087,3
exaone,kcelectra,random,exaone,politics,1790,1790,0,1386,404,0.7743016759776536,0.22569832402234638,3
exaone,kcelectra,random,exaone,occupation,365,365,0,250,115,0.684931506849315,0.3150684931506849,3
exaone,kcelectra,random,exaone,disability,99,99,0,63,36,0.6363636363636364,0.36363636363636365,3
exaone,kcelectra,random,gemma4,gender,232,232,0,180,52,0.7758620689655172,0.22413793103448276,3
exaone,kcelectra,random,gemma4,age,102,102,0,68,34,0.6666666666666666,0.3333333333333333,3
exaone,kcelectra,random,gemma4,race_or_region_of_origin,893,893,0,762,131,0.8533034714445689,0.14669652855543114,3
exaone,kcelectra,random,gemma4,religion,46,46,0,34,12,0.7391304347826086,0.2608695652173913,3
exaone,kcelectra,random,gemma4,politics,1790,1790,0,1288,502,0.7195530726256983,0.28044692737430166,3
exaone,kcelectra,random,gemma4,occupation,365,365,0,252,113,0.6904109589041096,0.3095890410958904,3
exaone,kcelectra,random,gemma4,disability,99,99,0,62,37,0.6262626262626263,0.37373737373737376,3
exaone,kcelectra,retrieved,source,gender,232,232,0,151,81,0.6508620689655172,0.34913793103448276,4
exaone,kcelectra,retrieved,source,age,102,102,0,50,52,0.49019607843137253,0.5098039215686274,4
exaone,kcelectra,retrieved,source,race_or_region_of_origin,893,893,0,431,462,0.4826427771556551,0.5173572228443449,4
exaone,kcelectra,retrieved,source,religion,46,46,0,25,21,0.5434782608695652,0.45652173913043476,4
exaone,kcelectra,retrieved,source,politics,1790,1790,0,744,1046,0.41564245810055866,0.5843575418994413,4
exaone,kcelectra,retrieved,source,occupation,365,365,0,121,244,0.3315068493150685,0.6684931506849315,4
exaone,kcelectra,retrieved,source,disability,99,99,0,51,48,0.5151515151515151,0.48484848484848486,4
exaone,kcelectra,retrieved,exaone,gender,232,232,0,101,131,0.4353448275862069,0.5646551724137931,4
exaone,kcelectra,retrieved,exaone,age,102,102,0,48,54,0.47058823529411764,0.5294117647058824,4
exaone,kcelectra,retrieved,exaone,race_or_region_of_origin,893,893,0,678,215,0.7592385218365062,0.24076147816349383,4
exaone,kcelectra,retrieved,exaone,religion,46,46,0,28,18,0.6086956521739131,0.391304347826087,4
exaone,kcelectra,retrieved,exaone,politics,1790,1790,0,1372,418,0.7664804469273743,0.2335195530726257,4
exaone,kcelectra,retrieved,exaone,occupation,365,365,0,195,170,0.5342465753424658,0.4657534246575342,4
exaone,kcelectra,retrieved,exaone,disability,99,99,0,46,53,0.46464646464646464,0.5353535353535354,4
exaone,kcelectra,retrieved,gemma4,gender,232,232,0,154,78,0.6637931034482759,0.33620689655172414,4
exaone,kcelectra,retrieved,gemma4,age,102,102,0,55,47,0.5392156862745098,0.46078431372549017,4
exaone,kcelectra,retrieved,gemma4,race_or_region_of_origin,893,893,0,634,259,0.70996640537514,0.29003359462486,4
exaone,kcelectra,retrieved,gemma4,religion,46,46,0,23,23,0.5,0.5,4
exaone,kcelectra,retrieved,gemma4,politics,1790,1790,0,1069,721,0.5972067039106145,0.40279329608938547,4
exaone,kcelectra,retrieved,gemma4,occupation,365,365,0,151,214,0.4136986301369863,0.5863013698630137,4
exaone,kcelectra,retrieved,gemma4,disability,99,99,0,43,56,0.43434343434343436,0.5656565656565656,4
exaone,kcelectra,random,source,gender,232,232,0,182,50,0.7844827586206896,0.21551724137931033,4
exaone,kcelectra,random,source,age,102,102,0,65,37,0.6372549019607843,0.3627450980392157,4
exaone,kcelectra,random,source,race_or_region_of_origin,893,893,0,534,359,0.5979843225083986,0.40201567749160133,4
exaone,kcelectra,random,source,religion,46,46,0,31,15,0.6739130434782609,0.32608695652173914,4
exaone,kcelectra,random,source,politics,1790,1790,0,872,918,0.4871508379888268,0.5128491620111731,4
exaone,kcelectra,random,source,occupation,365,365,0,155,210,0.4246575342465753,0.5753424657534246,4
exaone,kcelectra,random,source,disability,99,99,0,60,39,0.6060606060606061,0.3939393939393939,4
exaone,kcelectra,random,exaone,gender,232,232,0,149,83,0.6422413793103449,0.3577586206896552,4
exaone,kcelectra,random,exaone,age,102,102,0,72,30,0.7058823529411765,0.29411764705882354,4
exaone,kcelectra,random,exaone,race_or_region_of_origin,893,893,0,757,136,0.8477043673012318,0.1522956326987682,4
exaone,kcelectra,random,exaone,religion,46,46,0,34,12,0.7391304347826086,0.2608695652173913,4
exaone,kcelectra,random,exaone,politics,1790,1790,0,1342,448,0.7497206703910615,0.25027932960893856,4
exaone,kcelectra,random,exaone,occupation,365,365,0,226,139,0.6191780821917808,0.38082191780821917,4
exaone,kcelectra,random,exaone,disability,99,99,0,64,35,0.6464646464646465,0.35353535353535354,4
exaone,kcelectra,random,gemma4,gender,232,232,0,195,37,0.8405172413793104,0.15948275862068967,4
exaone,kcelectra,random,gemma4,age,102,102,0,76,26,0.7450980392156863,0.2549019607843137,4
exaone,kcelectra,random,gemma4,race_or_region_of_origin,893,893,0,776,117,0.8689809630459127,0.13101903695408734,4
exaone,kcelectra,random,gemma4,religion,46,46,0,41,5,0.8913043478260869,0.10869565217391304,4
exaone,kcelectra,random,gemma4,politics,1790,1790,0,1308,482,0.7307262569832402,0.26927374301675977,4
exaone,kcelectra,random,gemma4,occupation,365,365,0,226,139,0.6191780821917808,0.38082191780821917,4
exaone,kcelectra,random,gemma4,disability,99,99,0,63,36,0.6363636363636364,0.36363636363636365,4
exaone,kcelectra,retrieved,source,gender,232,232,0,113,119,0.4870689655172414,0.5129310344827587,5
exaone,kcelectra,retrieved,source,age,102,102,0,40,62,0.39215686274509803,0.6078431372549019,5
exaone,kcelectra,retrieved,source,race_or_region_of_origin,893,893,0,404,489,0.45240761478163494,0.5475923852183651,5
exaone,kcelectra,retrieved,source,religion,46,46,0,15,31,0.32608695652173914,0.6739130434782609,5
exaone,kcelectra,retrieved,source,politics,1790,1790,0,589,1201,0.32905027932960895,0.670949720670391,5
exaone,kcelectra,retrieved,source,occupation,365,365,0,83,282,0.2273972602739726,0.7726027397260274,5
exaone,kcelectra,retrieved,source,disability,99,99,0,42,57,0.42424242424242425,0.5757575757575758,5
exaone,kcelectra,retrieved,exaone,gender,232,232,0,114,118,0.49137931034482757,0.5086206896551724,5
exaone,kcelectra,retrieved,exaone,age,102,102,0,49,53,0.4803921568627451,0.5196078431372549,5
exaone,kcelectra,retrieved,exaone,race_or_region_of_origin,893,893,0,780,113,0.8734602463605823,0.1265397536394177,5
exaone,kcelectra,retrieved,exaone,religion,46,46,0,34,12,0.7391304347826086,0.2608695652173913,5
exaone,kcelectra,retrieved,exaone,politics,1790,1790,0,1343,447,0.7502793296089385,0.24972067039106144,5
exaone,kcelectra,retrieved,exaone,occupation,365,365,0,163,202,0.4465753424657534,0.5534246575342465,5
exaone,kcelectra,retrieved,exaone,disability,99,99,0,45,54,0.45454545454545453,0.5454545454545454,5
exaone,kcelectra,retrieved,gemma4,gender,232,232,0,177,55,0.7629310344827587,0.23706896551724138,5
exaone,kcelectra,retrieved,gemma4,age,102,102,0,67,35,0.6568627450980392,0.3431372549019608,5
exaone,kcelectra,retrieved,gemma4,race_or_region_of_origin,893,893,0,751,142,0.8409854423292273,0.1590145576707727,5
exaone,kcelectra,retrieved,gemma4,religion,46,46,0,34,12,0.7391304347826086,0.2608695652173913,5
exaone,kcelectra,retrieved,gemma4,politics,1790,1790,0,1105,685,0.61731843575419,0.38268156424581007,5
exaone,kcelectra,retrieved,gemma4,occupation,365,365,0,209,156,0.5726027397260274,0.4273972602739726,5
exaone,kcelectra,retrieved,gemma4,disability,99,99,0,55,44,0.5555555555555556,0.4444444444444444,5
exaone,kcelectra,random,source,gender,232,232,0,119,113,0.5129310344827587,0.4870689655172414,5
exaone,kcelectra,random,source,age,102,102,0,33,69,0.3235294117647059,0.6764705882352942,5
exaone,kcelectra,random,source,race_or_region_of_origin,893,893,0,417,476,0.4669652855543113,0.5330347144456887,5
exaone,kcelectra,random,source,religion,46,46,0,19,27,0.41304347826086957,0.5869565217391305,5
exaone,kcelectra,random,source,politics,1790,1790,0,604,1186,0.33743016759776534,0.6625698324022347,5
exaone,kcelectra,random,source,occupation,365,365,0,98,267,0.2684931506849315,0.7315068493150685,5
exaone,kcelectra,random,source,disability,99,99,0,38,61,0.3838383838383838,0.6161616161616161,5
exaone,kcelectra,random,exaone,gender,232,232,0,123,109,0.5301724137931034,0.4698275862068966,5
exaone,kcelectra,random,exaone,age,102,102,0,55,47,0.5392156862745098,0.46078431372549017,5
exaone,kcelectra,random,exaone,race_or_region_of_origin,893,893,0,753,140,0.8432250839865622,0.15677491601343785,5
exaone,kcelectra,random,exaone,religion,46,46,0,34,12,0.7391304347826086,0.2608695652173913,5
exaone,kcelectra,random,exaone,politics,1790,1790,0,1229,561,0.6865921787709497,0.31340782122905025,5
exaone,kcelectra,random,exaone,occupation,365,365,0,212,153,0.5808219178082191,0.4191780821917808,5
exaone,kcelectra,random,exaone,disability,99,99,0,52,47,0.5252525252525253,0.47474747474747475,5
exaone,kcelectra,random,gemma4,gender,232,232,0,149,83,0.6422413793103449,0.3577586206896552,5
exaone,kcelectra,random,gemma4,age,102,102,0,58,44,0.5686274509803921,0.43137254901960786,5
exaone,kcelectra,random,gemma4,race_or_region_of_origin,893,893,0,703,190,0.7872340425531915,0.2127659574468085,5
exaone,kcelectra,random,gemma4,religion,46,46,0,29,17,0.6304347826086957,0.3695652173913043,5
exaone,kcelectra,random,gemma4,politics,1790,1790,0,1004,786,0.5608938547486033,0.43910614525139663,5
exaone,kcelectra,random,gemma4,occupation,365,365,0,157,208,0.4301369863013699,0.5698630136986301,5
exaone,kcelectra,random,gemma4,disability,99,99,0,49,50,0.494949494949495,0.5050505050505051,5
exaone,kcelectra,retrieved,source,gender,232,232,0,64,168,0.27586206896551724,0.7241379310344828,6
exaone,kcelectra,retrieved,source,age,102,102,0,26,76,0.2549019607843137,0.7450980392156863,6
exaone,kcelectra,retrieved,source,race_or_region_of_origin,893,893,0,287,606,0.3213885778275476,0.6786114221724524,6
exaone,kcelectra,retrieved,source,religion,46,46,0,9,37,0.1956521739130435,0.8043478260869565,6
exaone,kcelectra,retrieved,source,politics,1790,1790,0,406,1384,0.22681564245810057,0.7731843575418994,6
exaone,kcelectra,retrieved,source,occupation,365,365,0,56,309,0.15342465753424658,0.8465753424657534,6
exaone,kcelectra,retrieved,source,disability,99,99,0,28,71,0.2828282828282828,0.7171717171717171,6
exaone,kcelectra,retrieved,exaone,gender,232,232,0,86,146,0.3706896551724138,0.6293103448275862,6
exaone,kcelectra,retrieved,exaone,age,102,102,0,45,57,0.4411764705882353,0.5588235294117647,6
exaone,kcelectra,retrieved,exaone,race_or_region_of_origin,893,893,0,646,247,0.723404255319149,0.2765957446808511,6
exaone,kcelectra,retrieved,exaone,religion,46,46,0,27,19,0.5869565217391305,0.41304347826086957,6
exaone,kcelectra,retrieved,exaone,politics,1790,1790,0,1287,503,0.7189944134078212,0.2810055865921788,6
exaone,kcelectra,retrieved,exaone,occupation,365,365,0,173,192,0.473972602739726,0.5260273972602739,6
exaone,kcelectra,retrieved,exaone,disability,99,99,0,33,66,0.3333333333333333,0.6666666666666666,6
exaone,kcelectra,retrieved,gemma4,gender,232,232,0,118,114,0.5086206896551724,0.49137931034482757,6
exaone,kcelectra,retrieved,gemma4,age,102,102,0,47,55,0.46078431372549017,0.5392156862745098,6
exaone,kcelectra,retrieved,gemma4,race_or_region_of_origin,893,893,0,627,266,0.7021276595744681,0.2978723404255319,6
exaone,kcelectra,retrieved,gemma4,religion,46,46,0,25,21,0.5434782608695652,0.45652173913043476,6
exaone,kcelectra,retrieved,gemma4,politics,1790,1790,0,1024,766,0.5720670391061452,0.42793296089385474,6
exaone,kcelectra,retrieved,gemma4,occupation,365,365,0,139,226,0.38082191780821917,0.6191780821917808,6
exaone,kcelectra,retrieved,gemma4,disability,99,99,0,30,69,0.30303030303030304,0.696969696969697,6
exaone,kcelectra,random,source,gender,232,232,0,82,150,0.35344827586206895,0.646551724137931,6
exaone,kcelectra,random,source,age,102,102,0,35,67,0.3431372549019608,0.6568627450980392,6
exaone,kcelectra,random,source,race_or_region_of_origin,893,893,0,349,544,0.3908174692049272,0.6091825307950728,6
exaone,kcelectra,random,source,religion,46,46,0,19,27,0.41304347826086957,0.5869565217391305,6
exaone,kcelectra,random,source,politics,1790,1790,0,469,1321,0.2620111731843575,0.7379888268156425,6
exaone,kcelectra,random,source,occupation,365,365,0,79,286,0.21643835616438356,0.7835616438356164,6
exaone,kcelectra,random,source,disability,99,99,0,33,66,0.3333333333333333,0.6666666666666666,6
exaone,kcelectra,random,exaone,gender,232,232,0,82,150,0.35344827586206895,0.646551724137931,6
exaone,kcelectra,random,exaone,age,102,102,0,46,56,0.45098039215686275,0.5490196078431373,6
exaone,kcelectra,random,exaone,race_or_region_of_origin,893,893,0,695,198,0.7782754759238522,0.22172452407614782,6
exaone,kcelectra,random,exaone,religion,46,46,0,29,17,0.6304347826086957,0.3695652173913043,6
exaone,kcelectra,random,exaone,politics,1790,1790,0,1133,657,0.6329608938547486,0.36703910614525137,6
exaone,kcelectra,random,exaone,occupation,365,365,0,165,200,0.4520547945205479,0.547945205479452,6
exaone,kcelectra,random,exaone,disability,99,99,0,48,51,0.48484848484848486,0.5151515151515151,6
exaone,kcelectra,random,gemma4,gender,232,232,0,123,109,0.5301724137931034,0.4698275862068966,6
exaone,kcelectra,random,gemma4,age,102,102,0,47,55,0.46078431372549017,0.5392156862745098,6
exaone,kcelectra,random,gemma4,race_or_region_of_origin,893,893,0,651,242,0.729003359462486,0.270996640537514,6
exaone,kcelectra,random,gemma4,religion,46,46,0,29,17,0.6304347826086957,0.3695652173913043,6
exaone,kcelectra,random,gemma4,politics,1790,1790,0,985,805,0.5502793296089385,0.44972067039106145,6
exaone,kcelectra,random,gemma4,occupation,365,365,0,142,223,0.38904109589041097,0.6109589041095891,6
exaone,kcelectra,random,gemma4,disability,99,99,0,41,58,0.41414141414141414,0.5858585858585859,6
exaone,kcelectra,retrieved,source,gender,232,232,0,187,45,0.8060344827586207,0.1939655172413793,7
exaone,kcelectra,retrieved,source,age,102,102,0,82,20,0.803921568627451,0.19607843137254902,7
exaone,kcelectra,retrieved,source,race_or_region_of_origin,893,893,0,708,185,0.7928331466965286,0.20716685330347145,7
exaone,kcelectra,retrieved,source,religion,46,46,0,31,15,0.6739130434782609,0.32608695652173914,7
exaone,kcelectra,retrieved,source,politics,1790,1790,0,1307,483,0.7301675977653631,0.2698324022346369,7
exaone,kcelectra,retrieved,source,occupation,365,365,0,242,123,0.663013698630137,0.336986301369863,7
exaone,kcelectra,retrieved,source,disability,99,99,0,73,26,0.7373737373737373,0.26262626262626265,7
exaone,kcelectra,retrieved,exaone,gender,232,232,0,141,91,0.6077586206896551,0.3922413793103448,7
exaone,kcelectra,retrieved,exaone,age,102,102,0,69,33,0.6764705882352942,0.3235294117647059,7
exaone,kcelectra,retrieved,exaone,race_or_region_of_origin,893,893,0,809,84,0.9059350503919373,0.0940649496080627,7
exaone,kcelectra,retrieved,exaone,religion,46,46,0,34,12,0.7391304347826086,0.2608695652173913,7
exaone,kcelectra,retrieved,exaone,politics,1790,1790,0,1636,154,0.9139664804469274,0.08603351955307263,7
exaone,kcelectra,retrieved,exaone,occupation,365,365,0,244,121,0.6684931506849315,0.3315068493150685,7
exaone,kcelectra,retrieved,exaone,disability,99,99,0,61,38,0.6161616161616161,0.3838383838383838,7
exaone,kcelectra,retrieved,gemma4,gender,232,232,0,169,63,0.728448275862069,0.27155172413793105,7
exaone,kcelectra,retrieved,gemma4,age,102,102,0,73,29,0.7156862745098039,0.28431372549019607,7
exaone,kcelectra,retrieved,gemma4,race_or_region_of_origin,893,893,0,749,144,0.8387458006718925,0.1612541993281075,7
exaone,kcelectra,retrieved,gemma4,religion,46,46,0,35,11,0.7608695652173914,0.2391304347826087,7
exaone,kcelectra,retrieved,gemma4,politics,1790,1790,0,1449,341,0.8094972067039106,0.19050279329608938,7
exaone,kcelectra,retrieved,gemma4,occupation,365,365,0,249,116,0.6821917808219178,0.3178082191780822,7
exaone,kcelectra,retrieved,gemma4,disability,99,99,0,62,37,0.6262626262626263,0.37373737373737376,7
exaone,kcelectra,random,source,gender,232,232,0,141,91,0.6077586206896551,0.3922413793103448,7
exaone,kcelectra,random,source,age,102,102,0,56,46,0.5490196078431373,0.45098039215686275,7
exaone,kcelectra,random,source,race_or_region_of_origin,893,893,0,571,322,0.6394176931690929,0.36058230683090703,7
exaone,kcelectra,random,source,religion,46,46,0,26,20,0.5652173913043478,0.43478260869565216,7
exaone,kcelectra,random,source,politics,1790,1790,0,812,978,0.45363128491620114,0.5463687150837989,7
exaone,kcelectra,random,source,occupation,365,365,0,131,234,0.3589041095890411,0.6410958904109589,7
exaone,kcelectra,random,source,disability,99,99,0,52,47,0.5252525252525253,0.47474747474747475,7
exaone,kcelectra,random,exaone,gender,232,232,0,148,84,0.6379310344827587,0.3620689655172414,7
exaone,kcelectra,random,exaone,age,102,102,0,71,31,0.696078431372549,0.30392156862745096,7
exaone,kcelectra,random,exaone,race_or_region_of_origin,893,893,0,808,85,0.9048152295632699,0.09518477043673013,7
exaone,kcelectra,random,exaone,religion,46,46,0,37,9,0.8043478260869565,0.1956521739130435,7
exaone,kcelectra,random,exaone,politics,1790,1790,0,1555,235,0.8687150837988827,0.13128491620111732,7
exaone,kcelectra,random,exaone,occupation,365,365,0,259,106,0.7095890410958904,0.29041095890410956,7
exaone,kcelectra,random,exaone,disability,99,99,0,64,35,0.6464646464646465,0.35353535353535354,7
exaone,kcelectra,random,gemma4,gender,232,232,0,120,112,0.5172413793103449,0.4827586206896552,7
exaone,kcelectra,random,gemma4,age,102,102,0,54,48,0.5294117647058824,0.47058823529411764,7
exaone,kcelectra,random,gemma4,race_or_region_of_origin,893,893,0,689,204,0.7715565509518477,0.2284434490481523,7
exaone,kcelectra,random,gemma4,religion,46,46,0,27,19,0.5869565217391305,0.41304347826086957,7
exaone,kcelectra,random,gemma4,politics,1790,1790,0,1117,673,0.6240223463687151,0.37597765363128494,7
exaone,kcelectra,random,gemma4,occupation,365,365,0,186,179,0.5095890410958904,0.4904109589041096,7
exaone,kcelectra,random,gemma4,disability,99,99,0,42,57,0.42424242424242425,0.5757575757575758,7
exaone,kcelectra,retrieved,source,gender,232,232,0,187,45,0.8060344827586207,0.1939655172413793,8
exaone,kcelectra,retrieved,source,age,102,102,0,72,30,0.7058823529411765,0.29411764705882354,8
exaone,kcelectra,retrieved,source,race_or_region_of_origin,893,893,0,675,218,0.7558790593505039,0.24412094064949608,8
exaone,kcelectra,retrieved,source,religion,46,46,0,33,13,0.717391304347826,0.2826086956521739,8
exaone,kcelectra,retrieved,source,politics,1790,1790,0,1085,705,0.6061452513966481,0.39385474860335196,8
exaone,kcelectra,retrieved,source,occupation,365,365,0,215,150,0.589041095890411,0.410958904109589,8
exaone,kcelectra,retrieved,source,disability,99,99,0,68,31,0.6868686868686869,0.31313131313131315,8
exaone,kcelectra,retrieved,exaone,gender,232,232,0,152,80,0.6551724137931034,0.3448275862068966,8
exaone,kcelectra,retrieved,exaone,age,102,102,0,68,34,0.6666666666666666,0.3333333333333333,8
exaone,kcelectra,retrieved,exaone,race_or_region_of_origin,893,893,0,786,107,0.8801791713325868,0.11982082866741321,8
exaone,kcelectra,retrieved,exaone,religion,46,46,0,33,13,0.717391304347826,0.2826086956521739,8
exaone,kcelectra,retrieved,exaone,politics,1790,1790,0,1519,271,0.8486033519553072,0.15139664804469274,8
exaone,kcelectra,retrieved,exaone,occupation,365,365,0,238,127,0.6520547945205479,0.34794520547945207,8
exaone,kcelectra,retrieved,exaone,disability,99,99,0,53,46,0.5353535353535354,0.46464646464646464,8
exaone,kcelectra,retrieved,gemma4,gender,232,232,0,185,47,0.7974137931034483,0.2025862068965517,8
exaone,kcelectra,retrieved,gemma4,age,102,102,0,83,19,0.8137254901960784,0.18627450980392157,8
exaone,kcelectra,retrieved,gemma4,race_or_region_of_origin,893,893,0,782,111,0.8756998880179171,0.12430011198208286,8
exaone,kcelectra,retrieved,gemma4,religion,46,46,0,34,12,0.7391304347826086,0.2608695652173913,8
exaone,kcelectra,retrieved,gemma4,politics,1790,1790,0,1437,353,0.8027932960893854,0.1972067039106145,8
exaone,kcelectra,retrieved,gemma4,occupation,365,365,0,278,87,0.7616438356164383,0.23835616438356164,8
exaone,kcelectra,retrieved,gemma4,disability,99,99,0,70,29,0.7070707070707071,0.29292929292929293,8
exaone,kcelectra,random,source,gender,232,232,0,131,101,0.5646551724137931,0.4353448275862069,8
exaone,kcelectra,random,source,age,102,102,0,49,53,0.4803921568627451,0.5196078431372549,8
exaone,kcelectra,random,source,race_or_region_of_origin,893,893,0,390,503,0.43673012318029114,0.5632698768197089,8
exaone,kcelectra,random,source,religion,46,46,0,24,22,0.5217391304347826,0.4782608695652174,8
exaone,kcelectra,random,source,politics,1790,1790,0,622,1168,0.3474860335195531,0.6525139664804469,8
exaone,kcelectra,random,source,occupation,365,365,0,79,286,0.21643835616438356,0.7835616438356164,8
exaone,kcelectra,random,source,disability,99,99,0,31,68,0.31313131313131315,0.6868686868686869,8
exaone,kcelectra,random,exaone,gender,232,232,0,152,80,0.6551724137931034,0.3448275862068966,8
exaone,kcelectra,random,exaone,age,102,102,0,68,34,0.6666666666666666,0.3333333333333333,8
exaone,kcelectra,random,exaone,race_or_region_of_origin,893,893,0,773,120,0.8656215005599104,0.1343784994400896,8
exaone,kcelectra,random,exaone,religion,46,46,0,33,13,0.717391304347826,0.2826086956521739,8
exaone,kcelectra,random,exaone,politics,1790,1790,0,1357,433,0.7581005586592179,0.24189944134078212,8
exaone,kcelectra,random,exaone,occupation,365,365,0,232,133,0.6356164383561644,0.3643835616438356,8
exaone,kcelectra,random,exaone,disability,99,99,0,64,35,0.6464646464646465,0.35353535353535354,8
exaone,kcelectra,random,gemma4,gender,232,232,0,180,52,0.7758620689655172,0.22413793103448276,8
exaone,kcelectra,random,gemma4,age,102,102,0,72,30,0.7058823529411765,0.29411764705882354,8
exaone,kcelectra,random,gemma4,race_or_region_of_origin,893,893,0,743,150,0.832026875699888,0.167973124300112,8
exaone,kcelectra,random,gemma4,religion,46,46,0,33,13,0.717391304347826,0.2826086956521739,8
exaone,kcelectra,random,gemma4,politics,1790,1790,0,1246,544,0.6960893854748603,0.3039106145251397,8
exaone,kcelectra,random,gemma4,occupation,365,365,0,238,127,0.6520547945205479,0.34794520547945207,8
exaone,kcelectra,random,gemma4,disability,99,99,0,65,34,0.6565656565656566,0.3434343434343434,8
exaone,kcelectra,retrieved,source,gender,232,232,0,106,126,0.45689655172413796,0.5431034482758621,9
exaone,kcelectra,retrieved,source,age,102,102,0,43,59,0.4215686274509804,0.5784313725490197,9
exaone,kcelectra,retrieved,source,race_or_region_of_origin,893,893,0,304,589,0.3404255319148936,0.6595744680851063,9
exaone,kcelectra,retrieved,source,religion,46,46,0,17,29,0.3695652173913043,0.6304347826086957,9
exaone,kcelectra,retrieved,source,politics,1790,1790,0,516,1274,0.288268156424581,0.711731843575419,9
exaone,kcelectra,retrieved,source,occupation,365,365,0,69,296,0.18904109589041096,0.810958904109589,9
exaone,kcelectra,retrieved,source,disability,99,99,0,43,56,0.43434343434343436,0.5656565656565656,9
exaone,kcelectra,retrieved,exaone,gender,232,232,0,121,111,0.521551724137931,0.47844827586206895,9
exaone,kcelectra,retrieved,exaone,age,102,102,0,61,41,0.5980392156862745,0.4019607843137255,9
exaone,kcelectra,retrieved,exaone,race_or_region_of_origin,893,893,0,735,158,0.8230683090705487,0.1769316909294513,9
exaone,kcelectra,retrieved,exaone,religion,46,46,0,31,15,0.6739130434782609,0.32608695652173914,9
exaone,kcelectra,retrieved,exaone,politics,1790,1790,0,1530,260,0.8547486033519553,0.1452513966480447,9
exaone,kcelectra,retrieved,exaone,occupation,365,365,0,189,176,0.5178082191780822,0.4821917808219178,9
exaone,kcelectra,retrieved,exaone,disability,99,99,0,50,49,0.5050505050505051,0.494949494949495,9
exaone,kcelectra,retrieved,gemma4,gender,232,232,0,156,76,0.6724137931034483,0.3275862068965517,9
exaone,kcelectra,retrieved,gemma4,age,102,102,0,63,39,0.6176470588235294,0.38235294117647056,9
exaone,kcelectra,retrieved,gemma4,race_or_region_of_origin,893,893,0,637,256,0.7133258678611423,0.2866741321388578,9
exaone,kcelectra,retrieved,gemma4,religion,46,46,0,30,16,0.6521739130434783,0.34782608695652173,9
exaone,kcelectra,retrieved,gemma4,politics,1790,1790,0,1235,555,0.6899441340782123,0.3100558659217877,9
exaone,kcelectra,retrieved,gemma4,occupation,365,365,0,191,174,0.5232876712328767,0.4767123287671233,9
exaone,kcelectra,retrieved,gemma4,disability,99,99,0,46,53,0.46464646464646464,0.5353535353535354,9
exaone,kcelectra,random,source,gender,232,232,0,72,160,0.3103448275862069,0.6896551724137931,9
exaone,kcelectra,random,source,age,102,102,0,33,69,0.3235294117647059,0.6764705882352942,9
exaone,kcelectra,random,source,race_or_region_of_origin,893,893,0,356,537,0.3986562150055991,0.6013437849944009,9
exaone,kcelectra,random,source,religion,46,46,0,17,29,0.3695652173913043,0.6304347826086957,9
exaone,kcelectra,random,source,politics,1790,1790,0,491,1299,0.27430167597765365,0.7256983240223464,9
exaone,kcelectra,random,source,occupation,365,365,0,71,294,0.19452054794520549,0.8054794520547945,9
exaone,kcelectra,random,source,disability,99,99,0,42,57,0.42424242424242425,0.5757575757575758,9
exaone,kcelectra,random,exaone,gender,232,232,0,122,110,0.5258620689655172,0.47413793103448276,9
exaone,kcelectra,random,exaone,age,102,102,0,64,38,0.6274509803921569,0.37254901960784315,9
exaone,kcelectra,random,exaone,race_or_region_of_origin,893,893,0,717,176,0.8029115341545353,0.19708846584546472,9
exaone,kcelectra,random,exaone,religion,46,46,0,34,12,0.7391304347826086,0.2608695652173913,9
exaone,kcelectra,random,exaone,politics,1790,1790,0,1328,462,0.7418994413407821,0.2581005586592179,9
exaone,kcelectra,random,exaone,occupation,365,365,0,184,181,0.5041095890410959,0.4958904109589041,9
exaone,kcelectra,random,exaone,disability,99,99,0,50,49,0.5050505050505051,0.494949494949495,9
exaone,kcelectra,random,gemma4,gender,232,232,0,150,82,0.646551724137931,0.35344827586206895,9
exaone,kcelectra,random,gemma4,age,102,102,0,61,41,0.5980392156862745,0.4019607843137255,9
exaone,kcelectra,random,gemma4,race_or_region_of_origin,893,893,0,687,206,0.7693169092945129,0.23068309070548712,9
exaone,kcelectra,random,gemma4,religion,46,46,0,32,14,0.6956521739130435,0.30434782608695654,9
exaone,kcelectra,random,gemma4,politics,1790,1790,0,1055,735,0.5893854748603352,0.4106145251396648,9
exaone,kcelectra,random,gemma4,occupation,365,365,0,153,212,0.4191780821917808,0.5808219178082191,9
exaone,kcelectra,random,gemma4,disability,99,99,0,55,44,0.5555555555555556,0.4444444444444444,9
exaone,kcelectra,retrieved,source,gender,232,232,0,158,74,0.6810344827586207,0.31896551724137934,10
exaone,kcelectra,retrieved,source,age,102,102,0,61,41,0.5980392156862745,0.4019607843137255,10
exaone,kcelectra,retrieved,source,race_or_region_of_origin,893,893,0,611,282,0.6842105263157895,0.3157894736842105,10
exaone,kcelectra,retrieved,source,religion,46,46,0,28,18,0.6086956521739131,0.391304347826087,10
exaone,kcelectra,retrieved,source,politics,1790,1790,0,893,897,0.4988826815642458,0.5011173184357542,10
exaone,kcelectra,retrieved,source,occupation,365,365,0,148,217,0.4054794520547945,0.5945205479452055,10
exaone,kcelectra,retrieved,source,disability,99,99,0,59,40,0.5959595959595959,0.40404040404040403,10
exaone,kcelectra,retrieved,exaone,gender,232,232,0,167,65,0.7198275862068966,0.2801724137931034,10
exaone,kcelectra,retrieved,exaone,age,102,102,0,74,28,0.7254901960784313,0.27450980392156865,10
exaone,kcelectra,retrieved,exaone,race_or_region_of_origin,893,893,0,787,106,0.8812989921612542,0.1187010078387458,10
exaone,kcelectra,retrieved,exaone,religion,46,46,0,35,11,0.7608695652173914,0.2391304347826087,10
exaone,kcelectra,retrieved,exaone,politics,1790,1790,0,1568,222,0.8759776536312849,0.12402234636871508,10
exaone,kcelectra,retrieved,exaone,occupation,365,365,0,282,83,0.7726027397260274,0.2273972602739726,10
exaone,kcelectra,retrieved,exaone,disability,99,99,0,66,33,0.6666666666666666,0.3333333333333333,10
exaone,kcelectra,retrieved,gemma4,gender,232,232,0,195,37,0.8405172413793104,0.15948275862068967,10
exaone,kcelectra,retrieved,gemma4,age,102,102,0,83,19,0.8137254901960784,0.18627450980392157,10
exaone,kcelectra,retrieved,gemma4,race_or_region_of_origin,893,893,0,787,106,0.8812989921612542,0.1187010078387458,10
exaone,kcelectra,retrieved,gemma4,religion,46,46,0,34,12,0.7391304347826086,0.2608695652173913,10
exaone,kcelectra,retrieved,gemma4,politics,1790,1790,0,1463,327,0.8173184357541899,0.18268156424581006,10
exaone,kcelectra,retrieved,gemma4,occupation,365,365,0,297,68,0.8136986301369863,0.1863013698630137,10
exaone,kcelectra,retrieved,gemma4,disability,99,99,0,70,29,0.7070707070707071,0.29292929292929293,10
exaone,kcelectra,random,source,gender,232,232,0,173,59,0.7456896551724138,0.2543103448275862,10
exaone,kcelectra,random,source,age,102,102,0,64,38,0.6274509803921569,0.37254901960784315,10
exaone,kcelectra,random,source,race_or_region_of_origin,893,893,0,641,252,0.7178051511758119,0.2821948488241881,10
exaone,kcelectra,random,source,religion,46,46,0,32,14,0.6956521739130435,0.30434782608695654,10
exaone,kcelectra,random,source,politics,1790,1790,0,1094,696,0.6111731843575419,0.3888268156424581,10
exaone,kcelectra,random,source,occupation,365,365,0,177,188,0.4849315068493151,0.5150684931506849,10
exaone,kcelectra,random,source,disability,99,99,0,59,40,0.5959595959595959,0.40404040404040403,10
exaone,kcelectra,random,exaone,gender,232,232,0,113,119,0.4870689655172414,0.5129310344827587,10
exaone,kcelectra,random,exaone,age,102,102,0,65,37,0.6372549019607843,0.3627450980392157,10
exaone,kcelectra,random,exaone,race_or_region_of_origin,893,893,0,766,127,0.8577827547592385,0.1422172452407615,10
exaone,kcelectra,random,exaone,religion,46,46,0,31,15,0.6739130434782609,0.32608695652173914,10
exaone,kcelectra,random,exaone,politics,1790,1790,0,1379,411,0.770391061452514,0.22960893854748604,10
exaone,kcelectra,random,exaone,occupation,365,365,0,241,124,0.6602739726027397,0.33972602739726027,10
exaone,kcelectra,random,exaone,disability,99,99,0,57,42,0.5757575757575758,0.42424242424242425,10
exaone,kcelectra,random,gemma4,gender,232,232,0,189,43,0.8146551724137931,0.1853448275862069,10
exaone,kcelectra,random,gemma4,age,102,102,0,80,22,0.7843137254901961,0.21568627450980393,10
exaone,kcelectra,random,gemma4,race_or_region_of_origin,893,893,0,759,134,0.8499440089585666,0.15005599104143338,10
exaone,kcelectra,random,gemma4,religion,46,46,0,35,11,0.7608695652173914,0.2391304347826087,10
exaone,kcelectra,random,gemma4,politics,1790,1790,0,1434,356,0.8011173184357542,0.19888268156424582,10
exaone,kcelectra,random,gemma4,occupation,365,365,0,272,93,0.7452054794520548,0.2547945205479452,10
exaone,kcelectra,random,gemma4,disability,99,99,0,70,29,0.7070707070707071,0.29292929292929293,10
exaone,kcelectra,retrieved,source,gender,232,232,0,163,69,0.7025862068965517,0.2974137931034483,11
exaone,kcelectra,retrieved,source,age,102,102,0,58,44,0.5686274509803921,0.43137254901960786,11
exaone,kcelectra,retrieved,source,race_or_region_of_origin,893,893,0,571,322,0.6394176931690929,0.36058230683090703,11
exaone,kcelectra,retrieved,source,religion,46,46,0,31,15,0.6739130434782609,0.32608695652173914,11
exaone,kcelectra,retrieved,source,politics,1790,1790,0,911,879,0.5089385474860335,0.4910614525139665,11
exaone,kcelectra,retrieved,source,occupation,365,365,0,184,181,0.5041095890410959,0.4958904109589041,11
exaone,kcelectra,retrieved,source,disability,99,99,0,60,39,0.6060606060606061,0.3939393939393939,11
exaone,kcelectra,retrieved,exaone,gender,232,232,0,131,101,0.5646551724137931,0.4353448275862069,11
exaone,kcelectra,retrieved,exaone,age,102,102,0,58,44,0.5686274509803921,0.43137254901960786,11
exaone,kcelectra,retrieved,exaone,race_or_region_of_origin,893,893,0,716,177,0.8017917133258678,0.19820828667413215,11
exaone,kcelectra,retrieved,exaone,religion,46,46,0,29,17,0.6304347826086957,0.3695652173913043,11
exaone,kcelectra,retrieved,exaone,politics,1790,1790,0,1328,462,0.7418994413407821,0.2581005586592179,11
exaone,kcelectra,retrieved,exaone,occupation,365,365,0,188,177,0.5150684931506849,0.4849315068493151,11
exaone,kcelectra,retrieved,exaone,disability,99,99,0,50,49,0.5050505050505051,0.494949494949495,11
exaone,kcelectra,retrieved,gemma4,gender,232,232,0,173,59,0.7456896551724138,0.2543103448275862,11
exaone,kcelectra,retrieved,gemma4,age,102,102,0,74,28,0.7254901960784313,0.27450980392156865,11
exaone,kcelectra,retrieved,gemma4,race_or_region_of_origin,893,893,0,684,209,0.7659574468085106,0.23404255319148937,11
exaone,kcelectra,retrieved,gemma4,religion,46,46,0,30,16,0.6521739130434783,0.34782608695652173,11
exaone,kcelectra,retrieved,gemma4,politics,1790,1790,0,1231,559,0.6877094972067039,0.31229050279329607,11
exaone,kcelectra,retrieved,gemma4,occupation,365,365,0,209,156,0.5726027397260274,0.4273972602739726,11
exaone,kcelectra,retrieved,gemma4,disability,99,99,0,58,41,0.5858585858585859,0.41414141414141414,11
exaone,kcelectra,random,source,gender,232,232,0,169,63,0.728448275862069,0.27155172413793105,11
exaone,kcelectra,random,source,age,102,102,0,60,42,0.5882352941176471,0.4117647058823529,11
exaone,kcelectra,random,source,race_or_region_of_origin,893,893,0,474,419,0.5307950727883539,0.46920492721164614,11
exaone,kcelectra,random,source,religion,46,46,0,27,19,0.5869565217391305,0.41304347826086957,11
exaone,kcelectra,random,source,politics,1790,1790,0,726,1064,0.40558659217877097,0.5944134078212291,11
exaone,kcelectra,random,source,occupation,365,365,0,145,220,0.3972602739726027,0.6027397260273972,11
exaone,kcelectra,random,source,disability,99,99,0,51,48,0.5151515151515151,0.48484848484848486,11
exaone,kcelectra,random,exaone,gender,232,232,0,154,78,0.6637931034482759,0.33620689655172414,11
exaone,kcelectra,random,exaone,age,102,102,0,69,33,0.6764705882352942,0.3235294117647059,11
exaone,kcelectra,random,exaone,race_or_region_of_origin,893,893,0,733,160,0.8208286674132139,0.1791713325867861,11
exaone,kcelectra,random,exaone,religion,46,46,0,31,15,0.6739130434782609,0.32608695652173914,11
exaone,kcelectra,random,exaone,politics,1790,1790,0,1318,472,0.7363128491620111,0.2636871508379888,11
exaone,kcelectra,random,exaone,occupation,365,365,0,229,136,0.6273972602739726,0.3726027397260274,11
exaone,kcelectra,random,exaone,disability,99,99,0,62,37,0.6262626262626263,0.37373737373737376,11
exaone,kcelectra,random,gemma4,gender,232,232,0,173,59,0.7456896551724138,0.2543103448275862,11
exaone,kcelectra,random,gemma4,age,102,102,0,72,30,0.7058823529411765,0.29411764705882354,11
exaone,kcelectra,random,gemma4,race_or_region_of_origin,893,893,0,667,226,0.7469204927211646,0.2530795072788354,11
exaone,kcelectra,random,gemma4,religion,46,46,0,27,19,0.5869565217391305,0.41304347826086957,11
exaone,kcelectra,random,gemma4,politics,1790,1790,0,1119,671,0.6251396648044693,0.37486033519553075,11
exaone,kcelectra,random,gemma4,occupation,365,365,0,217,148,0.5945205479452055,0.4054794520547945,11
exaone,kcelectra,random,gemma4,disability,99,99,0,65,34,0.6565656565656566,0.3434343434343434,11
exaone,kcelectra,retrieved,source,gender,232,232,0,140,92,0.603448275862069,0.39655172413793105,12
exaone,kcelectra,retrieved,source,age,102,102,0,53,49,0.5196078431372549,0.4803921568627451,12
exaone,kcelectra,retrieved,source,race_or_region_of_origin,893,893,0,470,423,0.5263157894736842,0.47368421052631576,12
exaone,kcelectra,retrieved,source,religion,46,46,0,26,20,0.5652173913043478,0.43478260869565216,12
exaone,kcelectra,retrieved,source,politics,1790,1790,0,762,1028,0.42569832402234636,0.5743016759776536,12
exaone,kcelectra,retrieved,source,occupation,365,365,0,144,221,0.39452054794520547,0.6054794520547945,12
exaone,kcelectra,retrieved,source,disability,99,99,0,44,55,0.4444444444444444,0.5555555555555556,12
exaone,kcelectra,retrieved,exaone,gender,232,232,0,164,68,0.7068965517241379,0.29310344827586204,12
exaone,kcelectra,retrieved,exaone,age,102,102,0,77,25,0.7549019607843137,0.24509803921568626,12
exaone,kcelectra,retrieved,exaone,race_or_region_of_origin,893,893,0,785,108,0.8790593505039194,0.12094064949608063,12
exaone,kcelectra,retrieved,exaone,religion,46,46,0,34,12,0.7391304347826086,0.2608695652173913,12
exaone,kcelectra,retrieved,exaone,politics,1790,1790,0,1548,242,0.864804469273743,0.13519553072625698,12
exaone,kcelectra,retrieved,exaone,occupation,365,365,0,265,100,0.726027397260274,0.273972602739726,12
exaone,kcelectra,retrieved,exaone,disability,99,99,0,63,36,0.6363636363636364,0.36363636363636365,12
exaone,kcelectra,retrieved,gemma4,gender,232,232,0,192,40,0.8275862068965517,0.1724137931034483,12
exaone,kcelectra,retrieved,gemma4,age,102,102,0,78,24,0.7647058823529411,0.23529411764705882,12
exaone,kcelectra,retrieved,gemma4,race_or_region_of_origin,893,893,0,735,158,0.8230683090705487,0.1769316909294513,12
exaone,kcelectra,retrieved,gemma4,religion,46,46,0,33,13,0.717391304347826,0.2826086956521739,12
exaone,kcelectra,retrieved,gemma4,politics,1790,1790,0,1398,392,0.7810055865921788,0.21899441340782122,12
exaone,kcelectra,retrieved,gemma4,occupation,365,365,0,247,118,0.6767123287671233,0.3232876712328767,12
exaone,kcelectra,retrieved,gemma4,disability,99,99,0,67,32,0.6767676767676768,0.32323232323232326,12
exaone,kcelectra,random,source,gender,232,232,0,117,115,0.5043103448275862,0.4956896551724138,12
exaone,kcelectra,random,source,age,102,102,0,48,54,0.47058823529411764,0.5294117647058824,12
exaone,kcelectra,random,source,race_or_region_of_origin,893,893,0,373,520,0.4176931690929451,0.5823068309070548,12
exaone,kcelectra,random,source,religion,46,46,0,21,25,0.45652173913043476,0.5434782608695652,12
exaone,kcelectra,random,source,politics,1790,1790,0,662,1128,0.36983240223463687,0.6301675977653631,12
exaone,kcelectra,random,source,occupation,365,365,0,115,250,0.3150684931506849,0.684931506849315,12
exaone,kcelectra,random,source,disability,99,99,0,41,58,0.41414141414141414,0.5858585858585859,12
exaone,kcelectra,random,exaone,gender,232,232,0,169,63,0.728448275862069,0.27155172413793105,12
exaone,kcelectra,random,exaone,age,102,102,0,84,18,0.8235294117647058,0.17647058823529413,12
exaone,kcelectra,random,exaone,race_or_region_of_origin,893,893,0,812,81,0.9092945128779395,0.09070548712206047,12
exaone,kcelectra,random,exaone,religion,46,46,0,38,8,0.8260869565217391,0.17391304347826086,12
exaone,kcelectra,random,exaone,politics,1790,1790,0,1588,202,0.8871508379888268,0.11284916201117319,12
exaone,kcelectra,random,exaone,occupation,365,365,0,293,72,0.8027397260273973,0.19726027397260273,12
exaone,kcelectra,random,exaone,disability,99,99,0,69,30,0.696969696969697,0.30303030303030304,12
exaone,kcelectra,random,gemma4,gender,232,232,0,195,37,0.8405172413793104,0.15948275862068967,12
exaone,kcelectra,random,gemma4,age,102,102,0,81,21,0.7941176470588235,0.20588235294117646,12
exaone,kcelectra,random,gemma4,race_or_region_of_origin,893,893,0,803,90,0.8992161254199328,0.10078387458006718,12
exaone,kcelectra,random,gemma4,religion,46,46,0,38,8,0.8260869565217391,0.17391304347826086,12
exaone,kcelectra,random,gemma4,politics,1790,1790,0,1482,308,0.8279329608938547,0.17206703910614526,12
exaone,kcelectra,random,gemma4,occupation,365,365,0,301,64,0.8246575342465754,0.17534246575342466,12
exaone,kcelectra,random,gemma4,disability,99,99,0,73,26,0.7373737373737373,0.26262626262626265,12
exaone,kcelectra,retrieved,source,gender,232,232,0,115,117,0.4956896551724138,0.5043103448275862,13
exaone,kcelectra,retrieved,source,age,102,102,0,47,55,0.46078431372549017,0.5392156862745098,13
exaone,kcelectra,retrieved,source,race_or_region_of_origin,893,893,0,423,470,0.47368421052631576,0.5263157894736842,13
exaone,kcelectra,retrieved,source,religion,46,46,0,18,28,0.391304347826087,0.6086956521739131,13
exaone,kcelectra,retrieved,source,politics,1790,1790,0,765,1025,0.4273743016759777,0.5726256983240223,13
exaone,kcelectra,retrieved,source,occupation,365,365,0,111,254,0.3041095890410959,0.6958904109589041,13
exaone,kcelectra,retrieved,source,disability,99,99,0,42,57,0.42424242424242425,0.5757575757575758,13
exaone,kcelectra,retrieved,exaone,gender,232,232,0,141,91,0.6077586206896551,0.3922413793103448,13
exaone,kcelectra,retrieved,exaone,age,102,102,0,63,39,0.6176470588235294,0.38235294117647056,13
exaone,kcelectra,retrieved,exaone,race_or_region_of_origin,893,893,0,779,114,0.8723404255319149,0.1276595744680851,13
exaone,kcelectra,retrieved,exaone,religion,46,46,0,35,11,0.7608695652173914,0.2391304347826087,13
exaone,kcelectra,retrieved,exaone,politics,1790,1790,0,1547,243,0.8642458100558659,0.13575418994413407,13
exaone,kcelectra,retrieved,exaone,occupation,365,365,0,230,135,0.6301369863013698,0.3698630136986301,13
exaone,kcelectra,retrieved,exaone,disability,99,99,0,56,43,0.5656565656565656,0.43434343434343436,13
exaone,kcelectra,retrieved,gemma4,gender,232,232,0,167,65,0.7198275862068966,0.2801724137931034,13
exaone,kcelectra,retrieved,gemma4,age,102,102,0,67,35,0.6568627450980392,0.3431372549019608,13
exaone,kcelectra,retrieved,gemma4,race_or_region_of_origin,893,893,0,739,154,0.8275475923852184,0.17245240761478164,13
exaone,kcelectra,retrieved,gemma4,religion,46,46,0,32,14,0.6956521739130435,0.30434782608695654,13
exaone,kcelectra,retrieved,gemma4,politics,1790,1790,0,1329,461,0.7424581005586592,0.25754189944134076,13
exaone,kcelectra,retrieved,gemma4,occupation,365,365,0,219,146,0.6,0.4,13
exaone,kcelectra,retrieved,gemma4,disability,99,99,0,52,47,0.5252525252525253,0.47474747474747475,13
exaone,kcelectra,random,source,gender,232,232,0,122,110,0.5258620689655172,0.47413793103448276,13
exaone,kcelectra,random,source,age,102,102,0,52,50,0.5098039215686274,0.49019607843137253,13
exaone,kcelectra,random,source,race_or_region_of_origin,893,893,0,415,478,0.46472564389697646,0.5352743561030235,13
exaone,kcelectra,random,source,religion,46,46,0,20,26,0.43478260869565216,0.5652173913043478,13
exaone,kcelectra,random,source,politics,1790,1790,0,752,1038,0.4201117318435754,0.5798882681564246,13
exaone,kcelectra,random,source,occupation,365,365,0,137,228,0.37534246575342467,0.6246575342465753,13
exaone,kcelectra,random,source,disability,99,99,0,41,58,0.41414141414141414,0.5858585858585859,13
exaone,kcelectra,random,exaone,gender,232,232,0,106,126,0.45689655172413796,0.5431034482758621,13
exaone,kcelectra,random,exaone,age,102,102,0,59,43,0.5784313725490197,0.4215686274509804,13
exaone,kcelectra,random,exaone,race_or_region_of_origin,893,893,0,729,164,0.8163493840985442,0.18365061590145576,13
exaone,kcelectra,random,exaone,religion,46,46,0,32,14,0.6956521739130435,0.30434782608695654,13
exaone,kcelectra,random,exaone,politics,1790,1790,0,1346,444,0.7519553072625699,0.24804469273743016,13
exaone,kcelectra,random,exaone,occupation,365,365,0,212,153,0.5808219178082191,0.4191780821917808,13
exaone,kcelectra,random,exaone,disability,99,99,0,45,54,0.45454545454545453,0.5454545454545454,13
exaone,kcelectra,random,gemma4,gender,232,232,0,172,60,0.7413793103448276,0.25862068965517243,13
exaone,kcelectra,random,gemma4,age,102,102,0,64,38,0.6274509803921569,0.37254901960784315,13
exaone,kcelectra,random,gemma4,race_or_region_of_origin,893,893,0,719,174,0.8051511758118701,0.1948488241881299,13
exaone,kcelectra,random,gemma4,religion,46,46,0,34,12,0.7391304347826086,0.2608695652173913,13
exaone,kcelectra,random,gemma4,politics,1790,1790,0,1251,539,0.6988826815642458,0.3011173184357542,13
exaone,kcelectra,random,gemma4,occupation,365,365,0,225,140,0.6164383561643836,0.3835616438356164,13
exaone,kcelectra,random,gemma4,disability,99,99,0,62,37,0.6262626262626263,0.37373737373737376,13
exaone,kcelectra,retrieved,source,gender,232,232,0,94,138,0.4051724137931034,0.5948275862068966,14
exaone,kcelectra,retrieved,source,age,102,102,0,42,60,0.4117647058823529,0.5882352941176471,14
exaone,kcelectra,retrieved,source,race_or_region_of_origin,893,893,0,427,466,0.47816349384098544,0.5218365061590146,14
exaone,kcelectra,retrieved,source,religion,46,46,0,18,28,0.391304347826087,0.6086956521739131,14
exaone,kcelectra,retrieved,source,politics,1790,1790,0,856,934,0.4782122905027933,0.5217877094972067,14
exaone,kcelectra,retrieved,source,occupation,365,365,0,112,253,0.30684931506849317,0.6931506849315069,14
exaone,kcelectra,retrieved,source,disability,99,99,0,44,55,0.4444444444444444,0.5555555555555556,14
exaone,kcelectra,retrieved,exaone,gender,232,232,0,147,85,0.6336206896551724,0.36637931034482757,14
exaone,kcelectra,retrieved,exaone,age,102,102,0,73,29,0.7156862745098039,0.28431372549019607,14
exaone,kcelectra,retrieved,exaone,race_or_region_of_origin,893,893,0,794,99,0.8891377379619261,0.11086226203807391,14
exaone,kcelectra,retrieved,exaone,religion,46,46,0,38,8,0.8260869565217391,0.17391304347826086,14
exaone,kcelectra,retrieved,exaone,politics,1790,1790,0,1633,157,0.912290502793296,0.08770949720670392,14
exaone,kcelectra,retrieved,exaone,occupation,365,365,0,280,85,0.7671232876712328,0.2328767123287671,14
exaone,kcelectra,retrieved,exaone,disability,99,99,0,67,32,0.6767676767676768,0.32323232323232326,14
exaone,kcelectra,retrieved,gemma4,gender,232,232,0,169,63,0.728448275862069,0.27155172413793105,14
exaone,kcelectra,retrieved,gemma4,age,102,102,0,75,27,0.7352941176470589,0.2647058823529412,14
exaone,kcelectra,retrieved,gemma4,race_or_region_of_origin,893,893,0,771,122,0.8633818589025756,0.1366181410974244,14
exaone,kcelectra,retrieved,gemma4,religion,46,46,0,35,11,0.7608695652173914,0.2391304347826087,14
exaone,kcelectra,retrieved,gemma4,politics,1790,1790,0,1511,279,0.8441340782122905,0.1558659217877095,14
exaone,kcelectra,retrieved,gemma4,occupation,365,365,0,281,84,0.7698630136986301,0.23013698630136986,14
exaone,kcelectra,retrieved,gemma4,disability,99,99,0,63,36,0.6363636363636364,0.36363636363636365,14
exaone,kcelectra,random,source,gender,232,232,0,107,125,0.46120689655172414,0.5387931034482759,14
exaone,kcelectra,random,source,age,102,102,0,45,57,0.4411764705882353,0.5588235294117647,14
exaone,kcelectra,random,source,race_or_region_of_origin,893,893,0,499,394,0.5587905935050392,0.4412094064949608,14
exaone,kcelectra,random,source,religion,46,46,0,23,23,0.5,0.5,14
exaone,kcelectra,random,source,politics,1790,1790,0,855,935,0.4776536312849162,0.5223463687150838,14
exaone,kcelectra,random,source,occupation,365,365,0,124,241,0.33972602739726027,0.6602739726027397,14
exaone,kcelectra,random,source,disability,99,99,0,52,47,0.5252525252525253,0.47474747474747475,14
exaone,kcelectra,random,exaone,gender,232,232,0,119,113,0.5129310344827587,0.4870689655172414,14
exaone,kcelectra,random,exaone,age,102,102,0,62,40,0.6078431372549019,0.39215686274509803,14
exaone,kcelectra,random,exaone,race_or_region_of_origin,893,893,0,761,132,0.8521836506159015,0.14781634938409854,14
exaone,kcelectra,random,exaone,religion,46,46,0,32,14,0.6956521739130435,0.30434782608695654,14
exaone,kcelectra,random,exaone,politics,1790,1790,0,1388,402,0.7754189944134078,0.2245810055865922,14
exaone,kcelectra,random,exaone,occupation,365,365,0,207,158,0.5671232876712329,0.4328767123287671,14
exaone,kcelectra,random,exaone,disability,99,99,0,59,40,0.5959595959595959,0.40404040404040403,14
exaone,kcelectra,random,gemma4,gender,232,232,0,150,82,0.646551724137931,0.35344827586206895,14
exaone,kcelectra,random,gemma4,age,102,102,0,68,34,0.6666666666666666,0.3333333333333333,14
exaone,kcelectra,random,gemma4,race_or_region_of_origin,893,893,0,730,163,0.8174692049272116,0.18253079507278835,14
exaone,kcelectra,random,gemma4,religion,46,46,0,33,13,0.717391304347826,0.2826086956521739,14
exaone,kcelectra,random,gemma4,politics,1790,1790,0,1300,490,0.7262569832402235,0.2737430167597765,14
exaone,kcelectra,random,gemma4,occupation,365,365,0,215,150,0.589041095890411,0.410958904109589,14
exaone,kcelectra,random,gemma4,disability,99,99,0,61,38,0.6161616161616161,0.3838383838383838,14
exaone,kcelectra,retrieved,source,gender,232,232,0,120,112,0.5172413793103449,0.4827586206896552,15
exaone,kcelectra,retrieved,source,age,102,102,0,37,65,0.3627450980392157,0.6372549019607843,15
exaone,kcelectra,retrieved,source,race_or_region_of_origin,893,893,0,371,522,0.4154535274356103,0.5845464725643897,15
exaone,kcelectra,retrieved,source,religion,46,46,0,15,31,0.32608695652173914,0.6739130434782609,15
exaone,kcelectra,retrieved,source,politics,1790,1790,0,409,1381,0.22849162011173185,0.7715083798882681,15
exaone,kcelectra,retrieved,source,occupation,365,365,0,72,293,0.19726027397260273,0.8027397260273973,15
exaone,kcelectra,retrieved,source,disability,99,99,0,36,63,0.36363636363636365,0.6363636363636364,15
exaone,kcelectra,retrieved,exaone,gender,232,232,0,105,127,0.4525862068965517,0.5474137931034483,15
exaone,kcelectra,retrieved,exaone,age,102,102,0,57,45,0.5588235294117647,0.4411764705882353,15
exaone,kcelectra,retrieved,exaone,race_or_region_of_origin,893,893,0,734,159,0.8219484882418813,0.1780515117581187,15
exaone,kcelectra,retrieved,exaone,religion,46,46,0,32,14,0.6956521739130435,0.30434782608695654,15
exaone,kcelectra,retrieved,exaone,politics,1790,1790,0,1351,439,0.7547486033519553,0.24525139664804468,15
exaone,kcelectra,retrieved,exaone,occupation,365,365,0,189,176,0.5178082191780822,0.4821917808219178,15
exaone,kcelectra,retrieved,exaone,disability,99,99,0,46,53,0.46464646464646464,0.5353535353535354,15
exaone,kcelectra,retrieved,gemma4,gender,232,232,0,166,66,0.7155172413793104,0.28448275862068967,15
exaone,kcelectra,retrieved,gemma4,age,102,102,0,74,28,0.7254901960784313,0.27450980392156865,15
exaone,kcelectra,retrieved,gemma4,race_or_region_of_origin,893,893,0,715,178,0.8006718924972005,0.19932810750279956,15
exaone,kcelectra,retrieved,gemma4,religion,46,46,0,33,13,0.717391304347826,0.2826086956521739,15
exaone,kcelectra,retrieved,gemma4,politics,1790,1790,0,1251,539,0.6988826815642458,0.3011173184357542,15
exaone,kcelectra,retrieved,gemma4,occupation,365,365,0,221,144,0.6054794520547945,0.39452054794520547,15
exaone,kcelectra,retrieved,gemma4,disability,99,99,0,48,51,0.48484848484848486,0.5151515151515151,15
exaone,kcelectra,random,source,gender,232,232,0,167,65,0.7198275862068966,0.2801724137931034,15
exaone,kcelectra,random,source,age,102,102,0,63,39,0.6176470588235294,0.38235294117647056,15
exaone,kcelectra,random,source,race_or_region_of_origin,893,893,0,550,343,0.6159014557670772,0.3840985442329227,15
exaone,kcelectra,random,source,religion,46,46,0,27,19,0.5869565217391305,0.41304347826086957,15
exaone,kcelectra,random,source,politics,1790,1790,0,773,1017,0.43184357541899443,0.5681564245810056,15
exaone,kcelectra,random,source,occupation,365,365,0,145,220,0.3972602739726027,0.6027397260273972,15
exaone,kcelectra,random,source,disability,99,99,0,51,48,0.5151515151515151,0.48484848484848486,15
exaone,kcelectra,random,exaone,gender,232,232,0,125,107,0.5387931034482759,0.46120689655172414,15
exaone,kcelectra,random,exaone,age,102,102,0,67,35,0.6568627450980392,0.3431372549019608,15
exaone,kcelectra,random,exaone,race_or_region_of_origin,893,893,0,732,161,0.8197088465845465,0.18029115341545351,15
exaone,kcelectra,random,exaone,religion,46,46,0,36,10,0.782608695652174,0.21739130434782608,15
exaone,kcelectra,random,exaone,politics,1790,1790,0,1224,566,0.6837988826815642,0.31620111731843575,15
exaone,kcelectra,random,exaone,occupation,365,365,0,197,168,0.5397260273972603,0.4602739726027397,15
exaone,kcelectra,random,exaone,disability,99,99,0,55,44,0.5555555555555556,0.4444444444444444,15
exaone,kcelectra,random,gemma4,gender,232,232,0,168,64,0.7241379310344828,0.27586206896551724,15
exaone,kcelectra,random,gemma4,age,102,102,0,66,36,0.6470588235294118,0.35294117647058826,15
exaone,kcelectra,random,gemma4,race_or_region_of_origin,893,893,0,705,188,0.7894736842105263,0.21052631578947367,15
exaone,kcelectra,random,gemma4,religion,46,46,0,36,10,0.782608695652174,0.21739130434782608,15
exaone,kcelectra,random,gemma4,politics,1790,1790,0,1179,611,0.658659217877095,0.34134078212290503,15
exaone,kcelectra,random,gemma4,occupation,365,365,0,200,165,0.547945205479452,0.4520547945205479,15
exaone,kcelectra,random,gemma4,disability,99,99,0,58,41,0.5858585858585859,0.41414141414141414,15
exaone,kcelectra,retrieved,source,gender,232,232,0,124,108,0.5344827586206896,0.46551724137931033,16
exaone,kcelectra,retrieved,source,age,102,102,0,40,62,0.39215686274509803,0.6078431372549019,16
exaone,kcelectra,retrieved,source,race_or_region_of_origin,893,893,0,383,510,0.42889137737961924,0.5711086226203808,16
exaone,kcelectra,retrieved,source,religion,46,46,0,16,30,0.34782608695652173,0.6521739130434783,16
exaone,kcelectra,retrieved,source,politics,1790,1790,0,641,1149,0.35810055865921786,0.6418994413407821,16
exaone,kcelectra,retrieved,source,occupation,365,365,0,78,287,0.2136986301369863,0.7863013698630137,16
exaone,kcelectra,retrieved,source,disability,99,99,0,46,53,0.46464646464646464,0.5353535353535354,16
exaone,kcelectra,retrieved,exaone,gender,232,232,0,68,164,0.29310344827586204,0.7068965517241379,16
exaone,kcelectra,retrieved,exaone,age,102,102,0,33,69,0.3235294117647059,0.6764705882352942,16
exaone,kcelectra,retrieved,exaone,race_or_region_of_origin,893,893,0,570,323,0.6382978723404256,0.3617021276595745,16
exaone,kcelectra,retrieved,exaone,religion,46,46,0,20,26,0.43478260869565216,0.5652173913043478,16
exaone,kcelectra,retrieved,exaone,politics,1790,1790,0,1161,629,0.6486033519553073,0.3513966480446927,16
exaone,kcelectra,retrieved,exaone,occupation,365,365,0,137,228,0.37534246575342467,0.6246575342465753,16
exaone,kcelectra,retrieved,exaone,disability,99,99,0,34,65,0.3434343434343434,0.6565656565656566,16
exaone,kcelectra,retrieved,gemma4,gender,232,232,0,166,66,0.7155172413793104,0.28448275862068967,16
exaone,kcelectra,retrieved,gemma4,age,102,102,0,63,39,0.6176470588235294,0.38235294117647056,16
exaone,kcelectra,retrieved,gemma4,race_or_region_of_origin,893,893,0,710,183,0.7950727883538634,0.20492721164613661,16
exaone,kcelectra,retrieved,gemma4,religion,46,46,0,29,17,0.6304347826086957,0.3695652173913043,16
exaone,kcelectra,retrieved,gemma4,politics,1790,1790,0,1319,471,0.7368715083798882,0.2631284916201117,16
exaone,kcelectra,retrieved,gemma4,occupation,365,365,0,218,147,0.5972602739726027,0.40273972602739727,16
exaone,kcelectra,retrieved,gemma4,disability,99,99,0,63,36,0.6363636363636364,0.36363636363636365,16
exaone,kcelectra,random,source,gender,232,232,0,134,98,0.5775862068965517,0.4224137931034483,16
exaone,kcelectra,random,source,age,102,102,0,39,63,0.38235294117647056,0.6176470588235294,16
exaone,kcelectra,random,source,race_or_region_of_origin,893,893,0,360,533,0.40313549832026874,0.5968645016797313,16
exaone,kcelectra,random,source,religion,46,46,0,21,25,0.45652173913043476,0.5434782608695652,16
exaone,kcelectra,random,source,politics,1790,1790,0,585,1205,0.3268156424581006,0.6731843575418994,16
exaone,kcelectra,random,source,occupation,365,365,0,90,275,0.2465753424657534,0.7534246575342466,16
exaone,kcelectra,random,source,disability,99,99,0,38,61,0.3838383838383838,0.6161616161616161,16
exaone,kcelectra,random,exaone,gender,232,232,0,147,85,0.6336206896551724,0.36637931034482757,16
exaone,kcelectra,random,exaone,age,102,102,0,63,39,0.6176470588235294,0.38235294117647056,16
exaone,kcelectra,random,exaone,race_or_region_of_origin,893,893,0,687,206,0.7693169092945129,0.23068309070548712,16
exaone,kcelectra,random,exaone,religion,46,46,0,26,20,0.5652173913043478,0.43478260869565216,16
exaone,kcelectra,random,exaone,politics,1790,1790,0,1151,639,0.6430167597765363,0.35698324022346367,16
exaone,kcelectra,random,exaone,occupation,365,365,0,176,189,0.4821917808219178,0.5178082191780822,16
exaone,kcelectra,random,exaone,disability,99,99,0,51,48,0.5151515151515151,0.48484848484848486,16
exaone,kcelectra,random,gemma4,gender,232,232,0,175,57,0.7543103448275862,0.24568965517241378,16
exaone,kcelectra,random,gemma4,age,102,102,0,69,33,0.6764705882352942,0.3235294117647059,16
exaone,kcelectra,random,gemma4,race_or_region_of_origin,893,893,0,717,176,0.8029115341545353,0.19708846584546472,16
exaone,kcelectra,random,gemma4,religion,46,46,0,30,16,0.6521739130434783,0.34782608695652173,16
exaone,kcelectra,random,gemma4,politics,1790,1790,0,1165,625,0.6508379888268156,0.34916201117318435,16
exaone,kcelectra,random,gemma4,occupation,365,365,0,177,188,0.4849315068493151,0.5150684931506849,16
exaone,kcelectra,random,gemma4,disability,99,99,0,57,42,0.5757575757575758,0.42424242424242425,16
exaone,kcelectra,retrieved,source,gender,232,232,0,92,140,0.39655172413793105,0.603448275862069,17
exaone,kcelectra,retrieved,source,age,102,102,0,39,63,0.38235294117647056,0.6176470588235294,17
exaone,kcelectra,retrieved,source,race_or_region_of_origin,893,893,0,327,566,0.3661814109742441,0.6338185890257558,17
exaone,kcelectra,retrieved,source,religion,46,46,0,16,30,0.34782608695652173,0.6521739130434783,17
exaone,kcelectra,retrieved,source,politics,1790,1790,0,453,1337,0.253072625698324,0.746927374301676,17
exaone,kcelectra,retrieved,source,occupation,365,365,0,60,305,0.1643835616438356,0.8356164383561644,17
exaone,kcelectra,retrieved,source,disability,99,99,0,25,74,0.25252525252525254,0.7474747474747475,17
exaone,kcelectra,retrieved,exaone,gender,232,232,0,101,131,0.4353448275862069,0.5646551724137931,17
exaone,kcelectra,retrieved,exaone,age,102,102,0,51,51,0.5,0.5,17
exaone,kcelectra,retrieved,exaone,race_or_region_of_origin,893,893,0,710,183,0.7950727883538634,0.20492721164613661,17
exaone,kcelectra,retrieved,exaone,religion,46,46,0,31,15,0.6739130434782609,0.32608695652173914,17
exaone,kcelectra,retrieved,exaone,politics,1790,1790,0,1325,465,0.7402234636871509,0.25977653631284914,17
exaone,kcelectra,retrieved,exaone,occupation,365,365,0,161,204,0.4410958904109589,0.5589041095890411,17
exaone,kcelectra,retrieved,exaone,disability,99,99,0,42,57,0.42424242424242425,0.5757575757575758,17
exaone,kcelectra,retrieved,gemma4,gender,232,232,0,165,67,0.7112068965517241,0.28879310344827586,17
exaone,kcelectra,retrieved,gemma4,age,102,102,0,65,37,0.6372549019607843,0.3627450980392157,17
exaone,kcelectra,retrieved,gemma4,race_or_region_of_origin,893,893,0,692,201,0.77491601343785,0.22508398656215006,17
exaone,kcelectra,retrieved,gemma4,religion,46,46,0,28,18,0.6086956521739131,0.391304347826087,17
exaone,kcelectra,retrieved,gemma4,politics,1790,1790,0,1266,524,0.7072625698324022,0.2927374301675978,17
exaone,kcelectra,retrieved,gemma4,occupation,365,365,0,212,153,0.5808219178082191,0.4191780821917808,17
exaone,kcelectra,retrieved,gemma4,disability,99,99,0,59,40,0.5959595959595959,0.40404040404040403,17
exaone,kcelectra,random,source,gender,232,232,0,121,111,0.521551724137931,0.47844827586206895,17
exaone,kcelectra,random,source,age,102,102,0,48,54,0.47058823529411764,0.5294117647058824,17
exaone,kcelectra,random,source,race_or_region_of_origin,893,893,0,435,458,0.48712206047032475,0.5128779395296752,17
exaone,kcelectra,random,source,religion,46,46,0,20,26,0.43478260869565216,0.5652173913043478,17
exaone,kcelectra,random,source,politics,1790,1790,0,615,1175,0.3435754189944134,0.6564245810055865,17
exaone,kcelectra,random,source,occupation,365,365,0,87,278,0.23835616438356164,0.7616438356164383,17
exaone,kcelectra,random,source,disability,99,99,0,34,65,0.3434343434343434,0.6565656565656566,17
exaone,kcelectra,random,exaone,gender,232,232,0,130,102,0.5603448275862069,0.4396551724137931,17
exaone,kcelectra,random,exaone,age,102,102,0,68,34,0.6666666666666666,0.3333333333333333,17
exaone,kcelectra,random,exaone,race_or_region_of_origin,893,893,0,727,166,0.8141097424412094,0.1858902575587906,17
exaone,kcelectra,random,exaone,religion,46,46,0,30,16,0.6521739130434783,0.34782608695652173,17
exaone,kcelectra,random,exaone,politics,1790,1790,0,1309,481,0.7312849162011174,0.2687150837988827,17
exaone,kcelectra,random,exaone,occupation,365,365,0,199,166,0.5452054794520548,0.4547945205479452,17
exaone,kcelectra,random,exaone,disability,99,99,0,55,44,0.5555555555555556,0.4444444444444444,17
exaone,kcelectra,random,gemma4,gender,232,232,0,169,63,0.728448275862069,0.27155172413793105,17
exaone,kcelectra,random,gemma4,age,102,102,0,72,30,0.7058823529411765,0.29411764705882354,17
exaone,kcelectra,random,gemma4,race_or_region_of_origin,893,893,0,690,203,0.7726763717805151,0.22732362821948487,17
exaone,kcelectra,random,gemma4,religion,46,46,0,31,15,0.6739130434782609,0.32608695652173914,17
exaone,kcelectra,random,gemma4,politics,1790,1790,0,1219,571,0.6810055865921788,0.31899441340782125,17
exaone,kcelectra,random,gemma4,occupation,365,365,0,215,150,0.589041095890411,0.410958904109589,17
exaone,kcelectra,random,gemma4,disability,99,99,0,64,35,0.6464646464646465,0.35353535353535354,17
exaone,kcelectra,retrieved,source,gender,232,232,0,135,97,0.5818965517241379,0.41810344827586204,18
exaone,kcelectra,retrieved,source,age,102,102,0,46,56,0.45098039215686275,0.5490196078431373,18
exaone,kcelectra,retrieved,source,race_or_region_of_origin,893,893,0,434,459,0.48600223964165734,0.5139977603583427,18
exaone,kcelectra,retrieved,source,religion,46,46,0,20,26,0.43478260869565216,0.5652173913043478,18
exaone,kcelectra,retrieved,source,politics,1790,1790,0,767,1023,0.42849162011173186,0.5715083798882682,18
exaone,kcelectra,retrieved,source,occupation,365,365,0,97,268,0.26575342465753427,0.7342465753424657,18
exaone,kcelectra,retrieved,source,disability,99,99,0,36,63,0.36363636363636365,0.6363636363636364,18
exaone,kcelectra,retrieved,exaone,gender,232,232,0,142,90,0.6120689655172413,0.3879310344827586,18
exaone,kcelectra,retrieved,exaone,age,102,102,0,65,37,0.6372549019607843,0.3627450980392157,18
exaone,kcelectra,retrieved,exaone,race_or_region_of_origin,893,893,0,762,131,0.8533034714445689,0.14669652855543114,18
exaone,kcelectra,retrieved,exaone,religion,46,46,0,34,12,0.7391304347826086,0.2608695652173913,18
exaone,kcelectra,retrieved,exaone,politics,1790,1790,0,1451,339,0.8106145251396648,0.1893854748603352,18
exaone,kcelectra,retrieved,exaone,occupation,365,365,0,226,139,0.6191780821917808,0.38082191780821917,18
exaone,kcelectra,retrieved,exaone,disability,99,99,0,57,42,0.5757575757575758,0.42424242424242425,18
exaone,kcelectra,retrieved,gemma4,gender,232,232,0,170,62,0.7327586206896551,0.2672413793103448,18
exaone,kcelectra,retrieved,gemma4,age,102,102,0,68,34,0.6666666666666666,0.3333333333333333,18
exaone,kcelectra,retrieved,gemma4,race_or_region_of_origin,893,893,0,682,211,0.7637178051511758,0.23628219484882418,18
exaone,kcelectra,retrieved,gemma4,religion,46,46,0,30,16,0.6521739130434783,0.34782608695652173,18
exaone,kcelectra,retrieved,gemma4,politics,1790,1790,0,1222,568,0.6826815642458101,0.31731843575418994,18
exaone,kcelectra,retrieved,gemma4,occupation,365,365,0,215,150,0.589041095890411,0.410958904109589,18
exaone,kcelectra,retrieved,gemma4,disability,99,99,0,51,48,0.5151515151515151,0.48484848484848486,18
exaone,kcelectra,random,source,gender,232,232,0,72,160,0.3103448275862069,0.6896551724137931,18
exaone,kcelectra,random,source,age,102,102,0,17,85,0.16666666666666666,0.8333333333333334,18
exaone,kcelectra,random,source,race_or_region_of_origin,893,893,0,232,661,0.2597984322508399,0.7402015677491601,18
exaone,kcelectra,random,source,religion,46,46,0,15,31,0.32608695652173914,0.6739130434782609,18
exaone,kcelectra,random,source,politics,1790,1790,0,364,1426,0.20335195530726258,0.7966480446927374,18
exaone,kcelectra,random,source,occupation,365,365,0,52,313,0.14246575342465753,0.8575342465753425,18
exaone,kcelectra,random,source,disability,99,99,0,22,77,0.2222222222222222,0.7777777777777778,18
exaone,kcelectra,random,exaone,gender,232,232,0,145,87,0.625,0.375,18
exaone,kcelectra,random,exaone,age,102,102,0,73,29,0.7156862745098039,0.28431372549019607,18
exaone,kcelectra,random,exaone,race_or_region_of_origin,893,893,0,758,135,0.8488241881298992,0.1511758118701008,18
exaone,kcelectra,random,exaone,religion,46,46,0,36,10,0.782608695652174,0.21739130434782608,18
exaone,kcelectra,random,exaone,politics,1790,1790,0,1379,411,0.770391061452514,0.22960893854748604,18
exaone,kcelectra,random,exaone,occupation,365,365,0,239,126,0.6547945205479452,0.3452054794520548,18
exaone,kcelectra,random,exaone,disability,99,99,0,67,32,0.6767676767676768,0.32323232323232326,18
exaone,kcelectra,random,gemma4,gender,232,232,0,164,68,0.7068965517241379,0.29310344827586204,18
exaone,kcelectra,random,gemma4,age,102,102,0,77,25,0.7549019607843137,0.24509803921568626,18
exaone,kcelectra,random,gemma4,race_or_region_of_origin,893,893,0,709,184,0.793952967525196,0.20604703247480402,18
exaone,kcelectra,random,gemma4,religion,46,46,0,35,11,0.7608695652173914,0.2391304347826087,18
exaone,kcelectra,random,gemma4,politics,1790,1790,0,1124,666,0.6279329608938548,0.37206703910614525,18
exaone,kcelectra,random,gemma4,occupation,365,365,0,188,177,0.5150684931506849,0.4849315068493151,18
exaone,kcelectra,random,gemma4,disability,99,99,0,63,36,0.6363636363636364,0.36363636363636365,18
exaone,kcelectra,retrieved,source,gender,232,232,0,79,153,0.34051724137931033,0.6594827586206896,19
exaone,kcelectra,retrieved,source,age,102,102,0,39,63,0.38235294117647056,0.6176470588235294,19
exaone,kcelectra,retrieved,source,race_or_region_of_origin,893,893,0,391,502,0.43784994400895855,0.5621500559910414,19
exaone,kcelectra,retrieved,source,religion,46,46,0,19,27,0.41304347826086957,0.5869565217391305,19
exaone,kcelectra,retrieved,source,politics,1790,1790,0,646,1144,0.36089385474860336,0.6391061452513966,19
exaone,kcelectra,retrieved,source,occupation,365,365,0,75,290,0.2054794520547945,0.7945205479452054,19
exaone,kcelectra,retrieved,source,disability,99,99,0,34,65,0.3434343434343434,0.6565656565656566,19
exaone,kcelectra,retrieved,exaone,gender,232,232,0,135,97,0.5818965517241379,0.41810344827586204,19
exaone,kcelectra,retrieved,exaone,age,102,102,0,58,44,0.5686274509803921,0.43137254901960786,19
exaone,kcelectra,retrieved,exaone,race_or_region_of_origin,893,893,0,737,156,0.8253079507278835,0.17469204927211646,19
exaone,kcelectra,retrieved,exaone,religion,46,46,0,31,15,0.6739130434782609,0.32608695652173914,19
exaone,kcelectra,retrieved,exaone,politics,1790,1790,0,1446,344,0.8078212290502793,0.19217877094972066,19
exaone,kcelectra,retrieved,exaone,occupation,365,365,0,208,157,0.5698630136986301,0.4301369863013699,19
exaone,kcelectra,retrieved,exaone,disability,99,99,0,51,48,0.5151515151515151,0.48484848484848486,19
exaone,kcelectra,retrieved,gemma4,gender,232,232,0,180,52,0.7758620689655172,0.22413793103448276,19
exaone,kcelectra,retrieved,gemma4,age,102,102,0,77,25,0.7549019607843137,0.24509803921568626,19
exaone,kcelectra,retrieved,gemma4,race_or_region_of_origin,893,893,0,749,144,0.8387458006718925,0.1612541993281075,19
exaone,kcelectra,retrieved,gemma4,religion,46,46,0,37,9,0.8043478260869565,0.1956521739130435,19
exaone,kcelectra,retrieved,gemma4,politics,1790,1790,0,1406,384,0.7854748603351955,0.21452513966480447,19
exaone,kcelectra,retrieved,gemma4,occupation,365,365,0,241,124,0.6602739726027397,0.33972602739726027,19
exaone,kcelectra,retrieved,gemma4,disability,99,99,0,66,33,0.6666666666666666,0.3333333333333333,19
exaone,kcelectra,random,source,gender,232,232,0,125,107,0.5387931034482759,0.46120689655172414,19
exaone,kcelectra,random,source,age,102,102,0,44,58,0.43137254901960786,0.5686274509803921,19
exaone,kcelectra,random,source,race_or_region_of_origin,893,893,0,457,436,0.5117581187010078,0.48824188129899215,19
exaone,kcelectra,random,source,religion,46,46,0,24,22,0.5217391304347826,0.4782608695652174,19
exaone,kcelectra,random,source,politics,1790,1790,0,689,1101,0.38491620111731845,0.6150837988826816,19
exaone,kcelectra,random,source,occupation,365,365,0,114,251,0.31232876712328766,0.6876712328767123,19
exaone,kcelectra,random,source,disability,99,99,0,44,55,0.4444444444444444,0.5555555555555556,19
exaone,kcelectra,random,exaone,gender,232,232,0,105,127,0.4525862068965517,0.5474137931034483,19
exaone,kcelectra,random,exaone,age,102,102,0,55,47,0.5392156862745098,0.46078431372549017,19
exaone,kcelectra,random,exaone,race_or_region_of_origin,893,893,0,729,164,0.8163493840985442,0.18365061590145576,19
exaone,kcelectra,random,exaone,religion,46,46,0,32,14,0.6956521739130435,0.30434782608695654,19
exaone,kcelectra,random,exaone,politics,1790,1790,0,1150,640,0.6424581005586593,0.3575418994413408,19
exaone,kcelectra,random,exaone,occupation,365,365,0,161,204,0.4410958904109589,0.5589041095890411,19
exaone,kcelectra,random,exaone,disability,99,99,0,45,54,0.45454545454545453,0.5454545454545454,19
exaone,kcelectra,random,gemma4,gender,232,232,0,162,70,0.6982758620689655,0.3017241379310345,19
exaone,kcelectra,random,gemma4,age,102,102,0,66,36,0.6470588235294118,0.35294117647058826,19
exaone,kcelectra,random,gemma4,race_or_region_of_origin,893,893,0,712,181,0.7973124300111982,0.2026875699888018,19
exaone,kcelectra,random,gemma4,religion,46,46,0,30,16,0.6521739130434783,0.34782608695652173,19
exaone,kcelectra,random,gemma4,politics,1790,1790,0,1136,654,0.6346368715083799,0.3653631284916201,19
exaone,kcelectra,random,gemma4,occupation,365,365,0,163,202,0.4465753424657534,0.5534246575342465,19
exaone,kcelectra,random,gemma4,disability,99,99,0,54,45,0.5454545454545454,0.45454545454545453,19
exaone,kcelectra,retrieved,source,gender,232,232,0,158,74,0.6810344827586207,0.31896551724137934,20
exaone,kcelectra,retrieved,source,age,102,102,0,52,50,0.5098039215686274,0.49019607843137253,20
exaone,kcelectra,retrieved,source,race_or_region_of_origin,893,893,0,604,289,0.6763717805151176,0.3236282194848824,20
exaone,kcelectra,retrieved,source,religion,46,46,0,26,20,0.5652173913043478,0.43478260869565216,20
exaone,kcelectra,retrieved,source,politics,1790,1790,0,1135,655,0.6340782122905028,0.3659217877094972,20
exaone,kcelectra,retrieved,source,occupation,365,365,0,187,178,0.5123287671232877,0.4876712328767123,20
exaone,kcelectra,retrieved,source,disability,99,99,0,55,44,0.5555555555555556,0.4444444444444444,20
exaone,kcelectra,retrieved,exaone,gender,232,232,0,132,100,0.5689655172413793,0.43103448275862066,20
exaone,kcelectra,retrieved,exaone,age,102,102,0,61,41,0.5980392156862745,0.4019607843137255,20
exaone,kcelectra,retrieved,exaone,race_or_region_of_origin,893,893,0,685,208,0.7670772676371781,0.23292273236282196,20
exaone,kcelectra,retrieved,exaone,religion,46,46,0,24,22,0.5217391304347826,0.4782608695652174,20
exaone,kcelectra,retrieved,exaone,politics,1790,1790,0,1409,381,0.7871508379888268,0.21284916201117318,20
exaone,kcelectra,retrieved,exaone,occupation,365,365,0,202,163,0.5534246575342465,0.4465753424657534,20
exaone,kcelectra,retrieved,exaone,disability,99,99,0,49,50,0.494949494949495,0.5050505050505051,20
exaone,kcelectra,retrieved,gemma4,gender,232,232,0,164,68,0.7068965517241379,0.29310344827586204,20
exaone,kcelectra,retrieved,gemma4,age,102,102,0,68,34,0.6666666666666666,0.3333333333333333,20
exaone,kcelectra,retrieved,gemma4,race_or_region_of_origin,893,893,0,680,213,0.761478163493841,0.23852183650615902,20
exaone,kcelectra,retrieved,gemma4,religion,46,46,0,29,17,0.6304347826086957,0.3695652173913043,20
exaone,kcelectra,retrieved,gemma4,politics,1790,1790,0,1332,458,0.7441340782122905,0.2558659217877095,20
exaone,kcelectra,retrieved,gemma4,occupation,365,365,0,209,156,0.5726027397260274,0.4273972602739726,20
exaone,kcelectra,retrieved,gemma4,disability,99,99,0,57,42,0.5757575757575758,0.42424242424242425,20
exaone,kcelectra,random,source,gender,232,232,0,140,92,0.603448275862069,0.39655172413793105,20
exaone,kcelectra,random,source,age,102,102,0,47,55,0.46078431372549017,0.5392156862745098,20
exaone,kcelectra,random,source,race_or_region_of_origin,893,893,0,532,361,0.5957446808510638,0.40425531914893614,20
exaone,kcelectra,random,source,religion,46,46,0,23,23,0.5,0.5,20
exaone,kcelectra,random,source,politics,1790,1790,0,822,968,0.4592178770949721,0.5407821229050279,20
exaone,kcelectra,random,source,occupation,365,365,0,129,236,0.35342465753424657,0.6465753424657534,20
exaone,kcelectra,random,source,disability,99,99,0,50,49,0.5050505050505051,0.494949494949495,20
exaone,kcelectra,random,exaone,gender,232,232,0,123,109,0.5301724137931034,0.4698275862068966,20
exaone,kcelectra,random,exaone,age,102,102,0,64,38,0.6274509803921569,0.37254901960784315,20
exaone,kcelectra,random,exaone,race_or_region_of_origin,893,893,0,742,151,0.8309070548712206,0.1690929451287794,20
exaone,kcelectra,random,exaone,religion,46,46,0,31,15,0.6739130434782609,0.32608695652173914,20
exaone,kcelectra,random,exaone,politics,1790,1790,0,1407,383,0.7860335195530727,0.21396648044692737,20
exaone,kcelectra,random,exaone,occupation,365,365,0,191,174,0.5232876712328767,0.4767123287671233,20
exaone,kcelectra,random,exaone,disability,99,99,0,61,38,0.6161616161616161,0.3838383838383838,20
exaone,kcelectra,random,gemma4,gender,232,232,0,142,90,0.6120689655172413,0.3879310344827586,20
exaone,kcelectra,random,gemma4,age,102,102,0,61,41,0.5980392156862745,0.4019607843137255,20
exaone,kcelectra,random,gemma4,race_or_region_of_origin,893,893,0,684,209,0.7659574468085106,0.23404255319148937,20
exaone,kcelectra,random,gemma4,religion,46,46,0,28,18,0.6086956521739131,0.391304347826087,20
exaone,kcelectra,random,gemma4,politics,1790,1790,0,1123,667,0.6273743016759776,0.37262569832402237,20
exaone,kcelectra,random,gemma4,occupation,365,365,0,162,203,0.4438356164383562,0.5561643835616439,20
exaone,kcelectra,random,gemma4,disability,99,99,0,58,41,0.5858585858585859,0.41414141414141414,20
exaone,kcelectra,retrieved,source,gender,232,232,0,105,127,0.4525862068965517,0.5474137931034483,21
exaone,kcelectra,retrieved,source,age,102,102,0,41,61,0.4019607843137255,0.5980392156862745,21
exaone,kcelectra,retrieved,source,race_or_region_of_origin,893,893,0,441,452,0.49384098544232924,0.5061590145576708,21
exaone,kcelectra,retrieved,source,religion,46,46,0,21,25,0.45652173913043476,0.5434782608695652,21
exaone,kcelectra,retrieved,source,politics,1790,1790,0,795,995,0.4441340782122905,0.5558659217877095,21
exaone,kcelectra,retrieved,source,occupation,365,365,0,124,241,0.33972602739726027,0.6602739726027397,21
exaone,kcelectra,retrieved,source,disability,99,99,0,37,62,0.37373737373737376,0.6262626262626263,21
exaone,kcelectra,retrieved,exaone,gender,232,232,0,131,101,0.5646551724137931,0.4353448275862069,21
exaone,kcelectra,retrieved,exaone,age,102,102,0,64,38,0.6274509803921569,0.37254901960784315,21
exaone,kcelectra,retrieved,exaone,race_or_region_of_origin,893,893,0,759,134,0.8499440089585666,0.15005599104143338,21
exaone,kcelectra,retrieved,exaone,religion,46,46,0,30,16,0.6521739130434783,0.34782608695652173,21
exaone,kcelectra,retrieved,exaone,politics,1790,1790,0,1527,263,0.853072625698324,0.146927374301676,21
exaone,kcelectra,retrieved,exaone,occupation,365,365,0,256,109,0.7013698630136986,0.29863013698630136,21
exaone,kcelectra,retrieved,exaone,disability,99,99,0,54,45,0.5454545454545454,0.45454545454545453,21
exaone,kcelectra,retrieved,gemma4,gender,232,232,0,161,71,0.6939655172413793,0.30603448275862066,21
exaone,kcelectra,retrieved,gemma4,age,102,102,0,66,36,0.6470588235294118,0.35294117647058826,21
exaone,kcelectra,retrieved,gemma4,race_or_region_of_origin,893,893,0,727,166,0.8141097424412094,0.1858902575587906,21
exaone,kcelectra,retrieved,gemma4,religion,46,46,0,29,17,0.6304347826086957,0.3695652173913043,21
exaone,kcelectra,retrieved,gemma4,politics,1790,1790,0,1367,423,0.7636871508379889,0.23631284916201117,21
exaone,kcelectra,retrieved,gemma4,occupation,365,365,0,256,109,0.7013698630136986,0.29863013698630136,21
exaone,kcelectra,retrieved,gemma4,disability,99,99,0,50,49,0.5050505050505051,0.494949494949495,21
exaone,kcelectra,random,source,gender,232,232,0,149,83,0.6422413793103449,0.3577586206896552,21
exaone,kcelectra,random,source,age,102,102,0,46,56,0.45098039215686275,0.5490196078431373,21
exaone,kcelectra,random,source,race_or_region_of_origin,893,893,0,525,368,0.5879059350503919,0.41209406494960804,21
exaone,kcelectra,random,source,religion,46,46,0,31,15,0.6739130434782609,0.32608695652173914,21
exaone,kcelectra,random,source,politics,1790,1790,0,869,921,0.48547486033519555,0.5145251396648045,21
exaone,kcelectra,random,source,occupation,365,365,0,173,192,0.473972602739726,0.5260273972602739,21
exaone,kcelectra,random,source,disability,99,99,0,47,52,0.47474747474747475,0.5252525252525253,21
exaone,kcelectra,random,exaone,gender,232,232,0,111,121,0.47844827586206895,0.521551724137931,21
exaone,kcelectra,random,exaone,age,102,102,0,59,43,0.5784313725490197,0.4215686274509804,21
exaone,kcelectra,random,exaone,race_or_region_of_origin,893,893,0,764,129,0.8555431131019037,0.1444568868980963,21
exaone,kcelectra,random,exaone,religion,46,46,0,32,14,0.6956521739130435,0.30434782608695654,21
exaone,kcelectra,random,exaone,politics,1790,1790,0,1437,353,0.8027932960893854,0.1972067039106145,21
exaone,kcelectra,random,exaone,occupation,365,365,0,243,122,0.6657534246575343,0.33424657534246577,21
exaone,kcelectra,random,exaone,disability,99,99,0,65,34,0.6565656565656566,0.3434343434343434,21
exaone,kcelectra,random,gemma4,gender,232,232,0,112,120,0.4827586206896552,0.5172413793103449,21
exaone,kcelectra,random,gemma4,age,102,102,0,44,58,0.43137254901960786,0.5686274509803921,21
exaone,kcelectra,random,gemma4,race_or_region_of_origin,893,893,0,652,241,0.7301231802911534,0.2698768197088466,21
exaone,kcelectra,random,gemma4,religion,46,46,0,26,20,0.5652173913043478,0.43478260869565216,21
exaone,kcelectra,random,gemma4,politics,1790,1790,0,1058,732,0.5910614525139665,0.40893854748603353,21
exaone,kcelectra,random,gemma4,occupation,365,365,0,197,168,0.5397260273972603,0.4602739726027397,21
exaone,kcelectra,random,gemma4,disability,99,99,0,52,47,0.5252525252525253,0.47474747474747475,21
exaone,kcelectra,retrieved,source,gender,232,232,0,138,94,0.5948275862068966,0.4051724137931034,22
exaone,kcelectra,retrieved,source,age,102,102,0,56,46,0.5490196078431373,0.45098039215686275,22
exaone,kcelectra,retrieved,source,race_or_region_of_origin,893,893,0,525,368,0.5879059350503919,0.41209406494960804,22
exaone,kcelectra,retrieved,source,religion,46,46,0,25,21,0.5434782608695652,0.45652173913043476,22
exaone,kcelectra,retrieved,source,politics,1790,1790,0,894,896,0.4994413407821229,0.5005586592178771,22
exaone,kcelectra,retrieved,source,occupation,365,365,0,137,228,0.37534246575342467,0.6246575342465753,22
exaone,kcelectra,retrieved,source,disability,99,99,0,54,45,0.5454545454545454,0.45454545454545453,22
exaone,kcelectra,retrieved,exaone,gender,232,232,0,135,97,0.5818965517241379,0.41810344827586204,22
exaone,kcelectra,retrieved,exaone,age,102,102,0,66,36,0.6470588235294118,0.35294117647058826,22
exaone,kcelectra,retrieved,exaone,race_or_region_of_origin,893,893,0,740,153,0.8286674132138858,0.1713325867861142,22
exaone,kcelectra,retrieved,exaone,religion,46,46,0,33,13,0.717391304347826,0.2826086956521739,22
exaone,kcelectra,retrieved,exaone,politics,1790,1790,0,1378,412,0.7698324022346369,0.23016759776536314,22
exaone,kcelectra,retrieved,exaone,occupation,365,365,0,214,151,0.5863013698630137,0.4136986301369863,22
exaone,kcelectra,retrieved,exaone,disability,99,99,0,58,41,0.5858585858585859,0.41414141414141414,22
exaone,kcelectra,retrieved,gemma4,gender,232,232,0,170,62,0.7327586206896551,0.2672413793103448,22
exaone,kcelectra,retrieved,gemma4,age,102,102,0,68,34,0.6666666666666666,0.3333333333333333,22
exaone,kcelectra,retrieved,gemma4,race_or_region_of_origin,893,893,0,751,142,0.8409854423292273,0.1590145576707727,22
exaone,kcelectra,retrieved,gemma4,religion,46,46,0,33,13,0.717391304347826,0.2826086956521739,22
exaone,kcelectra,retrieved,gemma4,politics,1790,1790,0,1300,490,0.7262569832402235,0.2737430167597765,22
exaone,kcelectra,retrieved,gemma4,occupation,365,365,0,222,143,0.6082191780821918,0.3917808219178082,22
exaone,kcelectra,retrieved,gemma4,disability,99,99,0,56,43,0.5656565656565656,0.43434343434343436,22
exaone,kcelectra,random,source,gender,232,232,0,129,103,0.5560344827586207,0.44396551724137934,22
exaone,kcelectra,random,source,age,102,102,0,52,50,0.5098039215686274,0.49019607843137253,22
exaone,kcelectra,random,source,race_or_region_of_origin,893,893,0,406,487,0.45464725643896975,0.5453527435610303,22
exaone,kcelectra,random,source,religion,46,46,0,19,27,0.41304347826086957,0.5869565217391305,22
exaone,kcelectra,random,source,politics,1790,1790,0,735,1055,0.4106145251396648,0.5893854748603352,22
exaone,kcelectra,random,source,occupation,365,365,0,107,258,0.29315068493150687,0.7068493150684931,22
exaone,kcelectra,random,source,disability,99,99,0,47,52,0.47474747474747475,0.5252525252525253,22
exaone,kcelectra,random,exaone,gender,232,232,0,117,115,0.5043103448275862,0.4956896551724138,22
exaone,kcelectra,random,exaone,age,102,102,0,59,43,0.5784313725490197,0.4215686274509804,22
exaone,kcelectra,random,exaone,race_or_region_of_origin,893,893,0,749,144,0.8387458006718925,0.1612541993281075,22
exaone,kcelectra,random,exaone,religion,46,46,0,33,13,0.717391304347826,0.2826086956521739,22
exaone,kcelectra,random,exaone,politics,1790,1790,0,1305,485,0.729050279329609,0.2709497206703911,22
exaone,kcelectra,random,exaone,occupation,365,365,0,209,156,0.5726027397260274,0.4273972602739726,22
exaone,kcelectra,random,exaone,disability,99,99,0,54,45,0.5454545454545454,0.45454545454545453,22
exaone,kcelectra,random,gemma4,gender,232,232,0,153,79,0.6594827586206896,0.34051724137931033,22
exaone,kcelectra,random,gemma4,age,102,102,0,70,32,0.6862745098039216,0.3137254901960784,22
exaone,kcelectra,random,gemma4,race_or_region_of_origin,893,893,0,717,176,0.8029115341545353,0.19708846584546472,22
exaone,kcelectra,random,gemma4,religion,46,46,0,35,11,0.7608695652173914,0.2391304347826087,22
exaone,kcelectra,random,gemma4,politics,1790,1790,0,1236,554,0.6905027932960894,0.3094972067039106,22
exaone,kcelectra,random,gemma4,occupation,365,365,0,217,148,0.5945205479452055,0.4054794520547945,22
exaone,kcelectra,random,gemma4,disability,99,99,0,53,46,0.5353535353535354,0.46464646464646464,22
exaone,kcelectra,retrieved,source,gender,232,232,0,151,81,0.6508620689655172,0.34913793103448276,23
exaone,kcelectra,retrieved,source,age,102,102,0,66,36,0.6470588235294118,0.35294117647058826,23
exaone,kcelectra,retrieved,source,race_or_region_of_origin,893,893,0,609,284,0.6819708846584547,0.3180291153415454,23
exaone,kcelectra,retrieved,source,religion,46,46,0,25,21,0.5434782608695652,0.45652173913043476,23
exaone,kcelectra,retrieved,source,politics,1790,1790,0,982,808,0.5486033519553073,0.45139664804469276,23
exaone,kcelectra,retrieved,source,occupation,365,365,0,159,206,0.43561643835616437,0.5643835616438356,23
exaone,kcelectra,retrieved,source,disability,99,99,0,61,38,0.6161616161616161,0.3838383838383838,23
exaone,kcelectra,retrieved,exaone,gender,232,232,0,151,81,0.6508620689655172,0.34913793103448276,23
exaone,kcelectra,retrieved,exaone,age,102,102,0,74,28,0.7254901960784313,0.27450980392156865,23
exaone,kcelectra,retrieved,exaone,race_or_region_of_origin,893,893,0,807,86,0.9036954087346024,0.09630459126539753,23
exaone,kcelectra,retrieved,exaone,religion,46,46,0,36,10,0.782608695652174,0.21739130434782608,23
exaone,kcelectra,retrieved,exaone,politics,1790,1790,0,1569,221,0.876536312849162,0.12346368715083798,23
exaone,kcelectra,retrieved,exaone,occupation,365,365,0,268,97,0.7342465753424657,0.26575342465753427,23
exaone,kcelectra,retrieved,exaone,disability,99,99,0,59,40,0.5959595959595959,0.40404040404040403,23
exaone,kcelectra,retrieved,gemma4,gender,232,232,0,170,62,0.7327586206896551,0.2672413793103448,23
exaone,kcelectra,retrieved,gemma4,age,102,102,0,70,32,0.6862745098039216,0.3137254901960784,23
exaone,kcelectra,retrieved,gemma4,race_or_region_of_origin,893,893,0,721,172,0.8073908174692049,0.19260918253079506,23
exaone,kcelectra,retrieved,gemma4,religion,46,46,0,33,13,0.717391304347826,0.2826086956521739,23
exaone,kcelectra,retrieved,gemma4,politics,1790,1790,0,1394,396,0.7787709497206704,0.2212290502793296,23
exaone,kcelectra,retrieved,gemma4,occupation,365,365,0,261,104,0.7150684931506849,0.28493150684931506,23
exaone,kcelectra,retrieved,gemma4,disability,99,99,0,55,44,0.5555555555555556,0.4444444444444444,23
exaone,kcelectra,random,source,gender,232,232,0,136,96,0.5862068965517241,0.41379310344827586,23
exaone,kcelectra,random,source,age,102,102,0,54,48,0.5294117647058824,0.47058823529411764,23
exaone,kcelectra,random,source,race_or_region_of_origin,893,893,0,489,404,0.5475923852183651,0.45240761478163494,23
exaone,kcelectra,random,source,religion,46,46,0,21,25,0.45652173913043476,0.5434782608695652,23
exaone,kcelectra,random,source,politics,1790,1790,0,831,959,0.4642458100558659,0.535754189944134,23
exaone,kcelectra,random,source,occupation,365,365,0,130,235,0.3561643835616438,0.6438356164383562,23
exaone,kcelectra,random,source,disability,99,99,0,45,54,0.45454545454545453,0.5454545454545454,23
exaone,kcelectra,random,exaone,gender,232,232,0,138,94,0.5948275862068966,0.4051724137931034,23
exaone,kcelectra,random,exaone,age,102,102,0,71,31,0.696078431372549,0.30392156862745096,23
exaone,kcelectra,random,exaone,race_or_region_of_origin,893,893,0,773,120,0.8656215005599104,0.1343784994400896,23
exaone,kcelectra,random,exaone,religion,46,46,0,39,7,0.8478260869565217,0.15217391304347827,23
exaone,kcelectra,random,exaone,politics,1790,1790,0,1404,386,0.7843575418994413,0.21564245810055865,23
exaone,kcelectra,random,exaone,occupation,365,365,0,235,130,0.6438356164383562,0.3561643835616438,23
exaone,kcelectra,random,exaone,disability,99,99,0,66,33,0.6666666666666666,0.3333333333333333,23
exaone,kcelectra,random,gemma4,gender,232,232,0,179,53,0.771551724137931,0.22844827586206898,23
exaone,kcelectra,random,gemma4,age,102,102,0,77,25,0.7549019607843137,0.24509803921568626,23
exaone,kcelectra,random,gemma4,race_or_region_of_origin,893,893,0,754,139,0.8443449048152296,0.15565509518477044,23
exaone,kcelectra,random,gemma4,religion,46,46,0,37,9,0.8043478260869565,0.1956521739130435,23
exaone,kcelectra,random,gemma4,politics,1790,1790,0,1258,532,0.7027932960893855,0.29720670391061454,23
exaone,kcelectra,random,gemma4,occupation,365,365,0,232,133,0.6356164383561644,0.3643835616438356,23
exaone,kcelectra,random,gemma4,disability,99,99,0,71,28,0.7171717171717171,0.2828282828282828,23
exaone,xlmr,retrieved,source,gender,232,232,0,158,74,0.6810344827586207,0.31896551724137934,1
exaone,xlmr,retrieved,source,age,102,102,0,71,31,0.696078431372549,0.30392156862745096,1
exaone,xlmr,retrieved,source,race_or_region_of_origin,893,893,0,694,199,0.7771556550951848,0.22284434490481522,1
exaone,xlmr,retrieved,source,religion,46,46,0,33,13,0.717391304347826,0.2826086956521739,1
exaone,xlmr,retrieved,source,politics,1790,1790,0,1189,601,0.6642458100558659,0.3357541899441341,1
exaone,xlmr,retrieved,source,occupation,365,365,0,190,175,0.5205479452054794,0.4794520547945205,1
exaone,xlmr,retrieved,source,disability,99,99,0,56,43,0.5656565656565656,0.43434343434343436,1
exaone,xlmr,retrieved,exaone,gender,232,232,0,96,136,0.41379310344827586,0.5862068965517241,1
exaone,xlmr,retrieved,exaone,age,102,102,0,52,50,0.5098039215686274,0.49019607843137253,1
exaone,xlmr,retrieved,exaone,race_or_region_of_origin,893,893,0,739,154,0.8275475923852184,0.17245240761478164,1
exaone,xlmr,retrieved,exaone,religion,46,46,0,31,15,0.6739130434782609,0.32608695652173914,1
exaone,xlmr,retrieved,exaone,politics,1790,1790,0,1416,374,0.7910614525139665,0.20893854748603352,1
exaone,xlmr,retrieved,exaone,occupation,365,365,0,147,218,0.40273972602739727,0.5972602739726027,1
exaone,xlmr,retrieved,exaone,disability,99,99,0,35,64,0.35353535353535354,0.6464646464646465,1
exaone,xlmr,retrieved,gemma4,gender,232,232,0,126,106,0.5431034482758621,0.45689655172413796,1
exaone,xlmr,retrieved,gemma4,age,102,102,0,63,39,0.6176470588235294,0.38235294117647056,1
exaone,xlmr,retrieved,gemma4,race_or_region_of_origin,893,893,0,623,270,0.6976483762597985,0.3023516237402016,1
exaone,xlmr,retrieved,gemma4,religion,46,46,0,28,18,0.6086956521739131,0.391304347826087,1
exaone,xlmr,retrieved,gemma4,politics,1790,1790,0,1145,645,0.6396648044692738,0.36033519553072624,1
exaone,xlmr,retrieved,gemma4,occupation,365,365,0,114,251,0.31232876712328766,0.6876712328767123,1
exaone,xlmr,retrieved,gemma4,disability,99,99,0,30,69,0.30303030303030304,0.696969696969697,1
exaone,xlmr,random,source,gender,232,232,0,207,25,0.8922413793103449,0.10775862068965517,1
exaone,xlmr,random,source,age,102,102,0,86,16,0.8431372549019608,0.1568627450980392,1
exaone,xlmr,random,source,race_or_region_of_origin,893,893,0,729,164,0.8163493840985442,0.18365061590145576,1
exaone,xlmr,random,source,religion,46,46,0,39,7,0.8478260869565217,0.15217391304347827,1
exaone,xlmr,random,source,politics,1790,1790,0,1401,389,0.78268156424581,0.21731843575418994,1
exaone,xlmr,random,source,occupation,365,365,0,249,116,0.6821917808219178,0.3178082191780822,1
exaone,xlmr,random,source,disability,99,99,0,74,25,0.7474747474747475,0.25252525252525254,1
exaone,xlmr,random,exaone,gender,232,232,0,111,121,0.47844827586206895,0.521551724137931,1
exaone,xlmr,random,exaone,age,102,102,0,57,45,0.5588235294117647,0.4411764705882353,1
exaone,xlmr,random,exaone,race_or_region_of_origin,893,893,0,701,192,0.7849944008958567,0.21500559910414332,1
exaone,xlmr,random,exaone,religion,46,46,0,34,12,0.7391304347826086,0.2608695652173913,1
exaone,xlmr,random,exaone,politics,1790,1790,0,1429,361,0.7983240223463687,0.2016759776536313,1
exaone,xlmr,random,exaone,occupation,365,365,0,177,188,0.4849315068493151,0.5150684931506849,1
exaone,xlmr,random,exaone,disability,99,99,0,41,58,0.41414141414141414,0.5858585858585859,1
exaone,xlmr,random,gemma4,gender,232,232,0,168,64,0.7241379310344828,0.27586206896551724,1
exaone,xlmr,random,gemma4,age,102,102,0,60,42,0.5882352941176471,0.4117647058823529,1
exaone,xlmr,random,gemma4,race_or_region_of_origin,893,893,0,545,348,0.6103023516237402,0.3896976483762598,1
exaone,xlmr,random,gemma4,religion,46,46,0,27,19,0.5869565217391305,0.41304347826086957,1
exaone,xlmr,random,gemma4,politics,1790,1790,0,1000,790,0.5586592178770949,0.441340782122905,1
exaone,xlmr,random,gemma4,occupation,365,365,0,121,244,0.3315068493150685,0.6684931506849315,1
exaone,xlmr,random,gemma4,disability,99,99,0,33,66,0.3333333333333333,0.6666666666666666,1
exaone,xlmr,retrieved,source,gender,232,232,0,191,41,0.8232758620689655,0.17672413793103448,2
exaone,xlmr,retrieved,source,age,102,102,0,79,23,0.7745098039215687,0.22549019607843138,2
exaone,xlmr,retrieved,source,race_or_region_of_origin,893,893,0,743,150,0.832026875699888,0.167973124300112,2
exaone,xlmr,retrieved,source,religion,46,46,0,39,7,0.8478260869565217,0.15217391304347827,2
exaone,xlmr,retrieved,source,politics,1790,1790,0,1308,482,0.7307262569832402,0.26927374301675977,2
exaone,xlmr,retrieved,source,occupation,365,365,0,242,123,0.663013698630137,0.336986301369863,2
exaone,xlmr,retrieved,source,disability,99,99,0,66,33,0.6666666666666666,0.3333333333333333,2
exaone,xlmr,retrieved,exaone,gender,232,232,0,102,130,0.4396551724137931,0.5603448275862069,2
exaone,xlmr,retrieved,exaone,age,102,102,0,50,52,0.49019607843137253,0.5098039215686274,2
exaone,xlmr,retrieved,exaone,race_or_region_of_origin,893,893,0,685,208,0.7670772676371781,0.23292273236282196,2
exaone,xlmr,retrieved,exaone,religion,46,46,0,35,11,0.7608695652173914,0.2391304347826087,2
exaone,xlmr,retrieved,exaone,politics,1790,1790,0,1436,354,0.8022346368715084,0.19776536312849163,2
exaone,xlmr,retrieved,exaone,occupation,365,365,0,176,189,0.4821917808219178,0.5178082191780822,2
exaone,xlmr,retrieved,exaone,disability,99,99,0,39,60,0.3939393939393939,0.6060606060606061,2
exaone,xlmr,retrieved,gemma4,gender,232,232,0,153,79,0.6594827586206896,0.34051724137931033,2
exaone,xlmr,retrieved,gemma4,age,102,102,0,48,54,0.47058823529411764,0.5294117647058824,2
exaone,xlmr,retrieved,gemma4,race_or_region_of_origin,893,893,0,593,300,0.6640537513997761,0.335946248600224,2
exaone,xlmr,retrieved,gemma4,religion,46,46,0,30,16,0.6521739130434783,0.34782608695652173,2
exaone,xlmr,retrieved,gemma4,politics,1790,1790,0,1028,762,0.5743016759776536,0.42569832402234636,2
exaone,xlmr,retrieved,gemma4,occupation,365,365,0,135,230,0.3698630136986301,0.6301369863013698,2
exaone,xlmr,retrieved,gemma4,disability,99,99,0,32,67,0.32323232323232326,0.6767676767676768,2
exaone,xlmr,random,source,gender,232,232,0,208,24,0.896551724137931,0.10344827586206896,2
exaone,xlmr,random,source,age,102,102,0,85,17,0.8333333333333334,0.16666666666666666,2
exaone,xlmr,random,source,race_or_region_of_origin,893,893,0,752,141,0.8421052631578947,0.15789473684210525,2
exaone,xlmr,random,source,religion,46,46,0,41,5,0.8913043478260869,0.10869565217391304,2
exaone,xlmr,random,source,politics,1790,1790,0,1402,388,0.7832402234636872,0.21675977653631284,2
exaone,xlmr,random,source,occupation,365,365,0,244,121,0.6684931506849315,0.3315068493150685,2
exaone,xlmr,random,source,disability,99,99,0,63,36,0.6363636363636364,0.36363636363636365,2
exaone,xlmr,random,exaone,gender,232,232,0,91,141,0.3922413793103448,0.6077586206896551,2
exaone,xlmr,random,exaone,age,102,102,0,57,45,0.5588235294117647,0.4411764705882353,2
exaone,xlmr,random,exaone,race_or_region_of_origin,893,893,0,665,228,0.7446808510638298,0.2553191489361702,2
exaone,xlmr,random,exaone,religion,46,46,0,30,16,0.6521739130434783,0.34782608695652173,2
exaone,xlmr,random,exaone,politics,1790,1790,0,1342,448,0.7497206703910615,0.25027932960893856,2
exaone,xlmr,random,exaone,occupation,365,365,0,162,203,0.4438356164383562,0.5561643835616439,2
exaone,xlmr,random,exaone,disability,99,99,0,37,62,0.37373737373737376,0.6262626262626263,2
exaone,xlmr,random,gemma4,gender,232,232,0,188,44,0.8103448275862069,0.1896551724137931,2
exaone,xlmr,random,gemma4,age,102,102,0,59,43,0.5784313725490197,0.4215686274509804,2
exaone,xlmr,random,gemma4,race_or_region_of_origin,893,893,0,644,249,0.7211646136618141,0.2788353863381859,2
exaone,xlmr,random,gemma4,religion,46,46,0,36,10,0.782608695652174,0.21739130434782608,2
exaone,xlmr,random,gemma4,politics,1790,1790,0,1197,593,0.6687150837988827,0.33128491620111733,2
exaone,xlmr,random,gemma4,occupation,365,365,0,166,199,0.4547945205479452,0.5452054794520548,2
exaone,xlmr,random,gemma4,disability,99,99,0,38,61,0.3838383838383838,0.6161616161616161,2
exaone,xlmr,retrieved,source,gender,232,232,0,195,37,0.8405172413793104,0.15948275862068967,3
exaone,xlmr,retrieved,source,age,102,102,0,67,35,0.6568627450980392,0.3431372549019608,3
exaone,xlmr,retrieved,source,race_or_region_of_origin,893,893,0,632,261,0.7077267637178052,0.29227323628219487,3
exaone,xlmr,retrieved,source,religion,46,46,0,33,13,0.717391304347826,0.2826086956521739,3
exaone,xlmr,retrieved,source,politics,1790,1790,0,1185,605,0.6620111731843575,0.33798882681564246,3
exaone,xlmr,retrieved,source,occupation,365,365,0,211,154,0.5780821917808219,0.42191780821917807,3
exaone,xlmr,retrieved,source,disability,99,99,0,50,49,0.5050505050505051,0.494949494949495,3
exaone,xlmr,retrieved,exaone,gender,232,232,0,104,128,0.4482758620689655,0.5517241379310345,3
exaone,xlmr,retrieved,exaone,age,102,102,0,54,48,0.5294117647058824,0.47058823529411764,3
exaone,xlmr,retrieved,exaone,race_or_region_of_origin,893,893,0,699,194,0.7827547592385219,0.21724524076147816,3
exaone,xlmr,retrieved,exaone,religion,46,46,0,24,22,0.5217391304347826,0.4782608695652174,3
exaone,xlmr,retrieved,exaone,politics,1790,1790,0,1400,390,0.7821229050279329,0.21787709497206703,3
exaone,xlmr,retrieved,exaone,occupation,365,365,0,178,187,0.4876712328767123,0.5123287671232877,3
exaone,xlmr,retrieved,exaone,disability,99,99,0,37,62,0.37373737373737376,0.6262626262626263,3
exaone,xlmr,retrieved,gemma4,gender,232,232,0,155,77,0.6681034482758621,0.33189655172413796,3
exaone,xlmr,retrieved,gemma4,age,102,102,0,59,43,0.5784313725490197,0.4215686274509804,3
exaone,xlmr,retrieved,gemma4,race_or_region_of_origin,893,893,0,558,335,0.6248600223964166,0.3751399776035834,3
exaone,xlmr,retrieved,gemma4,religion,46,46,0,30,16,0.6521739130434783,0.34782608695652173,3
exaone,xlmr,retrieved,gemma4,politics,1790,1790,0,1121,669,0.6262569832402235,0.37374301675977656,3
exaone,xlmr,retrieved,gemma4,occupation,365,365,0,131,234,0.3589041095890411,0.6410958904109589,3
exaone,xlmr,retrieved,gemma4,disability,99,99,0,37,62,0.37373737373737376,0.6262626262626263,3
exaone,xlmr,random,source,gender,232,232,0,197,35,0.8491379310344828,0.15086206896551724,3
exaone,xlmr,random,source,age,102,102,0,77,25,0.7549019607843137,0.24509803921568626,3
exaone,xlmr,random,source,race_or_region_of_origin,893,893,0,677,216,0.7581187010078387,0.24188129899216126,3
exaone,xlmr,random,source,religion,46,46,0,35,11,0.7608695652173914,0.2391304347826087,3
exaone,xlmr,random,source,politics,1790,1790,0,1173,617,0.6553072625698324,0.3446927374301676,3
exaone,xlmr,random,source,occupation,365,365,0,231,134,0.6328767123287671,0.36712328767123287,3
exaone,xlmr,random,source,disability,99,99,0,62,37,0.6262626262626263,0.37373737373737376,3
exaone,xlmr,random,exaone,gender,232,232,0,99,133,0.4267241379310345,0.5732758620689655,3
exaone,xlmr,random,exaone,age,102,102,0,56,46,0.5490196078431373,0.45098039215686275,3
exaone,xlmr,random,exaone,race_or_region_of_origin,893,893,0,688,205,0.7704367301231803,0.22956326987681971,3
exaone,xlmr,random,exaone,religion,46,46,0,31,15,0.6739130434782609,0.32608695652173914,3
exaone,xlmr,random,exaone,politics,1790,1790,0,1354,436,0.7564245810055866,0.2435754189944134,3
exaone,xlmr,random,exaone,occupation,365,365,0,196,169,0.536986301369863,0.46301369863013697,3
exaone,xlmr,random,exaone,disability,99,99,0,51,48,0.5151515151515151,0.48484848484848486,3
exaone,xlmr,random,gemma4,gender,232,232,0,162,70,0.6982758620689655,0.3017241379310345,3
exaone,xlmr,random,gemma4,age,102,102,0,65,37,0.6372549019607843,0.3627450980392157,3
exaone,xlmr,random,gemma4,race_or_region_of_origin,893,893,0,617,276,0.6909294512877939,0.3090705487122061,3
exaone,xlmr,random,gemma4,religion,46,46,0,30,16,0.6521739130434783,0.34782608695652173,3
exaone,xlmr,random,gemma4,politics,1790,1790,0,1102,688,0.6156424581005586,0.3843575418994413,3
exaone,xlmr,random,gemma4,occupation,365,365,0,160,205,0.4383561643835616,0.5616438356164384,3
exaone,xlmr,random,gemma4,disability,99,99,0,40,59,0.40404040404040403,0.5959595959595959,3
exaone,xlmr,retrieved,source,gender,232,232,0,162,70,0.6982758620689655,0.3017241379310345,4
exaone,xlmr,retrieved,source,age,102,102,0,57,45,0.5588235294117647,0.4411764705882353,4
exaone,xlmr,retrieved,source,race_or_region_of_origin,893,893,0,605,288,0.6774916013437849,0.322508398656215,4
exaone,xlmr,retrieved,source,religion,46,46,0,28,18,0.6086956521739131,0.391304347826087,4
exaone,xlmr,retrieved,source,politics,1790,1790,0,1152,638,0.6435754189944134,0.3564245810055866,4
exaone,xlmr,retrieved,source,occupation,365,365,0,168,197,0.4602739726027397,0.5397260273972603,4
exaone,xlmr,retrieved,source,disability,99,99,0,50,49,0.5050505050505051,0.494949494949495,4
exaone,xlmr,retrieved,exaone,gender,232,232,0,78,154,0.33620689655172414,0.6637931034482759,4
exaone,xlmr,retrieved,exaone,age,102,102,0,49,53,0.4803921568627451,0.5196078431372549,4
exaone,xlmr,retrieved,exaone,race_or_region_of_origin,893,893,0,627,266,0.7021276595744681,0.2978723404255319,4
exaone,xlmr,retrieved,exaone,religion,46,46,0,28,18,0.6086956521739131,0.391304347826087,4
exaone,xlmr,retrieved,exaone,politics,1790,1790,0,1402,388,0.7832402234636872,0.21675977653631284,4
exaone,xlmr,retrieved,exaone,occupation,365,365,0,170,195,0.4657534246575342,0.5342465753424658,4
exaone,xlmr,retrieved,exaone,disability,99,99,0,34,65,0.3434343434343434,0.6565656565656566,4
exaone,xlmr,retrieved,gemma4,gender,232,232,0,155,77,0.6681034482758621,0.33189655172413796,4
exaone,xlmr,retrieved,gemma4,age,102,102,0,73,29,0.7156862745098039,0.28431372549019607,4
exaone,xlmr,retrieved,gemma4,race_or_region_of_origin,893,893,0,617,276,0.6909294512877939,0.3090705487122061,4
exaone,xlmr,retrieved,gemma4,religion,46,46,0,30,16,0.6521739130434783,0.34782608695652173,4
exaone,xlmr,retrieved,gemma4,politics,1790,1790,0,1200,590,0.6703910614525139,0.329608938547486,4
exaone,xlmr,retrieved,gemma4,occupation,365,365,0,158,207,0.4328767123287671,0.5671232876712329,4
exaone,xlmr,retrieved,gemma4,disability,99,99,0,40,59,0.40404040404040403,0.5959595959595959,4
exaone,xlmr,random,source,gender,232,232,0,189,43,0.8146551724137931,0.1853448275862069,4
exaone,xlmr,random,source,age,102,102,0,81,21,0.7941176470588235,0.20588235294117646,4
exaone,xlmr,random,source,race_or_region_of_origin,893,893,0,669,224,0.7491601343784995,0.25083986562150057,4
exaone,xlmr,random,source,religion,46,46,0,35,11,0.7608695652173914,0.2391304347826087,4
exaone,xlmr,random,source,politics,1790,1790,0,1226,564,0.6849162011173184,0.31508379888268156,4
exaone,xlmr,random,source,occupation,365,365,0,219,146,0.6,0.4,4
exaone,xlmr,random,source,disability,99,99,0,61,38,0.6161616161616161,0.3838383838383838,4
exaone,xlmr,random,exaone,gender,232,232,0,90,142,0.3879310344827586,0.6120689655172413,4
exaone,xlmr,random,exaone,age,102,102,0,40,62,0.39215686274509803,0.6078431372549019,4
exaone,xlmr,random,exaone,race_or_region_of_origin,893,893,0,601,292,0.6730123180291153,0.3269876819708847,4
exaone,xlmr,random,exaone,religion,46,46,0,29,17,0.6304347826086957,0.3695652173913043,4
exaone,xlmr,random,exaone,politics,1790,1790,0,1361,429,0.7603351955307263,0.23966480446927374,4
exaone,xlmr,random,exaone,occupation,365,365,0,167,198,0.4575342465753425,0.5424657534246575,4
exaone,xlmr,random,exaone,disability,99,99,0,41,58,0.41414141414141414,0.5858585858585859,4
exaone,xlmr,random,gemma4,gender,232,232,0,177,55,0.7629310344827587,0.23706896551724138,4
exaone,xlmr,random,gemma4,age,102,102,0,68,34,0.6666666666666666,0.3333333333333333,4
exaone,xlmr,random,gemma4,race_or_region_of_origin,893,893,0,703,190,0.7872340425531915,0.2127659574468085,4
exaone,xlmr,random,gemma4,religion,46,46,0,37,9,0.8043478260869565,0.1956521739130435,4
exaone,xlmr,random,gemma4,politics,1790,1790,0,1282,508,0.7162011173184357,0.2837988826815642,4
exaone,xlmr,random,gemma4,occupation,365,365,0,157,208,0.4301369863013699,0.5698630136986301,4
exaone,xlmr,random,gemma4,disability,99,99,0,56,43,0.5656565656565656,0.43434343434343436,4
exaone,xlmr,retrieved,source,gender,232,232,0,178,54,0.7672413793103449,0.23275862068965517,5
exaone,xlmr,retrieved,source,age,102,102,0,74,28,0.7254901960784313,0.27450980392156865,5
exaone,xlmr,retrieved,source,race_or_region_of_origin,893,893,0,611,282,0.6842105263157895,0.3157894736842105,5
exaone,xlmr,retrieved,source,religion,46,46,0,35,11,0.7608695652173914,0.2391304347826087,5
exaone,xlmr,retrieved,source,politics,1790,1790,0,1189,601,0.6642458100558659,0.3357541899441341,5
exaone,xlmr,retrieved,source,occupation,365,365,0,194,171,0.5315068493150685,0.4684931506849315,5
exaone,xlmr,retrieved,source,disability,99,99,0,60,39,0.6060606060606061,0.3939393939393939,5
exaone,xlmr,retrieved,exaone,gender,232,232,0,94,138,0.4051724137931034,0.5948275862068966,5
exaone,xlmr,retrieved,exaone,age,102,102,0,34,68,0.3333333333333333,0.6666666666666666,5
exaone,xlmr,retrieved,exaone,race_or_region_of_origin,893,893,0,671,222,0.7513997760358343,0.24860022396416573,5
exaone,xlmr,retrieved,exaone,religion,46,46,0,25,21,0.5434782608695652,0.45652173913043476,5
exaone,xlmr,retrieved,exaone,politics,1790,1790,0,1364,426,0.7620111731843575,0.23798882681564246,5
exaone,xlmr,retrieved,exaone,occupation,365,365,0,127,238,0.34794520547945207,0.6520547945205479,5
exaone,xlmr,retrieved,exaone,disability,99,99,0,36,63,0.36363636363636365,0.6363636363636364,5
exaone,xlmr,retrieved,gemma4,gender,232,232,0,146,86,0.6293103448275862,0.3706896551724138,5
exaone,xlmr,retrieved,gemma4,age,102,102,0,53,49,0.5196078431372549,0.4803921568627451,5
exaone,xlmr,retrieved,gemma4,race_or_region_of_origin,893,893,0,629,264,0.7043673012318029,0.2956326987681971,5
exaone,xlmr,retrieved,gemma4,religion,46,46,0,30,16,0.6521739130434783,0.34782608695652173,5
exaone,xlmr,retrieved,gemma4,politics,1790,1790,0,1140,650,0.6368715083798883,0.36312849162011174,5
exaone,xlmr,retrieved,gemma4,occupation,365,365,0,137,228,0.37534246575342467,0.6246575342465753,5
exaone,xlmr,retrieved,gemma4,disability,99,99,0,39,60,0.3939393939393939,0.6060606060606061,5
exaone,xlmr,random,source,gender,232,232,0,192,40,0.8275862068965517,0.1724137931034483,5
exaone,xlmr,random,source,age,102,102,0,72,30,0.7058823529411765,0.29411764705882354,5
exaone,xlmr,random,source,race_or_region_of_origin,893,893,0,638,255,0.7144456886898096,0.2855543113101904,5
exaone,xlmr,random,source,religion,46,46,0,32,14,0.6956521739130435,0.30434782608695654,5
exaone,xlmr,random,source,politics,1790,1790,0,1091,699,0.6094972067039106,0.3905027932960894,5
exaone,xlmr,random,source,occupation,365,365,0,213,152,0.5835616438356165,0.41643835616438357,5
exaone,xlmr,random,source,disability,99,99,0,63,36,0.6363636363636364,0.36363636363636365,5
exaone,xlmr,random,exaone,gender,232,232,0,107,125,0.46120689655172414,0.5387931034482759,5
exaone,xlmr,random,exaone,age,102,102,0,48,54,0.47058823529411764,0.5294117647058824,5
exaone,xlmr,random,exaone,race_or_region_of_origin,893,893,0,680,213,0.761478163493841,0.23852183650615902,5
exaone,xlmr,random,exaone,religion,46,46,0,37,9,0.8043478260869565,0.1956521739130435,5
exaone,xlmr,random,exaone,politics,1790,1790,0,1473,317,0.8229050279329609,0.1770949720670391,5
exaone,xlmr,random,exaone,occupation,365,365,0,206,159,0.5643835616438356,0.43561643835616437,5
exaone,xlmr,random,exaone,disability,99,99,0,50,49,0.5050505050505051,0.494949494949495,5
exaone,xlmr,random,gemma4,gender,232,232,0,157,75,0.6767241379310345,0.3232758620689655,5
exaone,xlmr,random,gemma4,age,102,102,0,66,36,0.6470588235294118,0.35294117647058826,5
exaone,xlmr,random,gemma4,race_or_region_of_origin,893,893,0,639,254,0.7155655095184771,0.284434490481523,5
exaone,xlmr,random,gemma4,religion,46,46,0,32,14,0.6956521739130435,0.30434782608695654,5
exaone,xlmr,random,gemma4,politics,1790,1790,0,1174,616,0.6558659217877095,0.34413407821229053,5
exaone,xlmr,random,gemma4,occupation,365,365,0,158,207,0.4328767123287671,0.5671232876712329,5
exaone,xlmr,random,gemma4,disability,99,99,0,43,56,0.43434343434343436,0.5656565656565656,5
exaone,xlmr,retrieved,source,gender,232,232,0,212,20,0.9137931034482759,0.08620689655172414,6
exaone,xlmr,retrieved,source,age,102,102,0,81,21,0.7941176470588235,0.20588235294117646,6
exaone,xlmr,retrieved,source,race_or_region_of_origin,893,893,0,772,121,0.864501679731243,0.135498320268757,6
exaone,xlmr,retrieved,source,religion,46,46,0,41,5,0.8913043478260869,0.10869565217391304,6
exaone,xlmr,retrieved,source,politics,1790,1790,0,1467,323,0.8195530726256983,0.18044692737430168,6
exaone,xlmr,retrieved,source,occupation,365,365,0,272,93,0.7452054794520548,0.2547945205479452,6
exaone,xlmr,retrieved,source,disability,99,99,0,77,22,0.7777777777777778,0.2222222222222222,6
exaone,xlmr,retrieved,exaone,gender,232,232,0,89,143,0.38362068965517243,0.6163793103448276,6
exaone,xlmr,retrieved,exaone,age,102,102,0,45,57,0.4411764705882353,0.5588235294117647,6
exaone,xlmr,retrieved,exaone,race_or_region_of_origin,893,893,0,711,182,0.7961926091825308,0.2038073908174692,6
exaone,xlmr,retrieved,exaone,religion,46,46,0,28,18,0.6086956521739131,0.391304347826087,6
exaone,xlmr,retrieved,exaone,politics,1790,1790,0,1385,405,0.7737430167597765,0.22625698324022347,6
exaone,xlmr,retrieved,exaone,occupation,365,365,0,183,182,0.5013698630136987,0.4986301369863014,6
exaone,xlmr,retrieved,exaone,disability,99,99,0,31,68,0.31313131313131315,0.6868686868686869,6
exaone,xlmr,retrieved,gemma4,gender,232,232,0,164,68,0.7068965517241379,0.29310344827586204,6
exaone,xlmr,retrieved,gemma4,age,102,102,0,57,45,0.5588235294117647,0.4411764705882353,6
exaone,xlmr,retrieved,gemma4,race_or_region_of_origin,893,893,0,719,174,0.8051511758118701,0.1948488241881299,6
exaone,xlmr,retrieved,gemma4,religion,46,46,0,28,18,0.6086956521739131,0.391304347826087,6
exaone,xlmr,retrieved,gemma4,politics,1790,1790,0,1152,638,0.6435754189944134,0.3564245810055866,6
exaone,xlmr,retrieved,gemma4,occupation,365,365,0,162,203,0.4438356164383562,0.5561643835616439,6
exaone,xlmr,retrieved,gemma4,disability,99,99,0,42,57,0.42424242424242425,0.5757575757575758,6
exaone,xlmr,random,source,gender,232,232,0,182,50,0.7844827586206896,0.21551724137931033,6
exaone,xlmr,random,source,age,102,102,0,78,24,0.7647058823529411,0.23529411764705882,6
exaone,xlmr,random,source,race_or_region_of_origin,893,893,0,640,253,0.7166853303471444,0.28331466965285557,6
exaone,xlmr,random,source,religion,46,46,0,32,14,0.6956521739130435,0.30434782608695654,6
exaone,xlmr,random,source,politics,1790,1790,0,1178,612,0.6581005586592179,0.3418994413407821,6
exaone,xlmr,random,source,occupation,365,365,0,215,150,0.589041095890411,0.410958904109589,6
exaone,xlmr,random,source,disability,99,99,0,64,35,0.6464646464646465,0.35353535353535354,6
exaone,xlmr,random,exaone,gender,232,232,0,85,147,0.36637931034482757,0.6336206896551724,6
exaone,xlmr,random,exaone,age,102,102,0,48,54,0.47058823529411764,0.5294117647058824,6
exaone,xlmr,random,exaone,race_or_region_of_origin,893,893,0,655,238,0.7334826427771557,0.26651735722284436,6
exaone,xlmr,random,exaone,religion,46,46,0,31,15,0.6739130434782609,0.32608695652173914,6
exaone,xlmr,random,exaone,politics,1790,1790,0,1293,497,0.7223463687150838,0.2776536312849162,6
exaone,xlmr,random,exaone,occupation,365,365,0,157,208,0.4301369863013699,0.5698630136986301,6
exaone,xlmr,random,exaone,disability,99,99,0,41,58,0.41414141414141414,0.5858585858585859,6
exaone,xlmr,random,gemma4,gender,232,232,0,145,87,0.625,0.375,6
exaone,xlmr,random,gemma4,age,102,102,0,59,43,0.5784313725490197,0.4215686274509804,6
exaone,xlmr,random,gemma4,race_or_region_of_origin,893,893,0,635,258,0.7110862262038073,0.2889137737961926,6
exaone,xlmr,random,gemma4,religion,46,46,0,33,13,0.717391304347826,0.2826086956521739,6
exaone,xlmr,random,gemma4,politics,1790,1790,0,1065,725,0.5949720670391061,0.40502793296089384,6
exaone,xlmr,random,gemma4,occupation,365,365,0,134,231,0.36712328767123287,0.6328767123287671,6
exaone,xlmr,random,gemma4,disability,99,99,0,42,57,0.42424242424242425,0.5757575757575758,6
exaone,xlmr,retrieved,source,gender,232,232,0,197,35,0.8491379310344828,0.15086206896551724,7
exaone,xlmr,retrieved,source,age,102,102,0,79,23,0.7745098039215687,0.22549019607843138,7
exaone,xlmr,retrieved,source,race_or_region_of_origin,893,893,0,675,218,0.7558790593505039,0.24412094064949608,7
exaone,xlmr,retrieved,source,religion,46,46,0,33,13,0.717391304347826,0.2826086956521739,7
exaone,xlmr,retrieved,source,politics,1790,1790,0,1230,560,0.6871508379888268,0.3128491620111732,7
exaone,xlmr,retrieved,source,occupation,365,365,0,194,171,0.5315068493150685,0.4684931506849315,7
exaone,xlmr,retrieved,source,disability,99,99,0,57,42,0.5757575757575758,0.42424242424242425,7
exaone,xlmr,retrieved,exaone,gender,232,232,0,84,148,0.3620689655172414,0.6379310344827587,7
exaone,xlmr,retrieved,exaone,age,102,102,0,49,53,0.4803921568627451,0.5196078431372549,7
exaone,xlmr,retrieved,exaone,race_or_region_of_origin,893,893,0,724,169,0.8107502799552072,0.18924972004479285,7
exaone,xlmr,retrieved,exaone,religion,46,46,0,27,19,0.5869565217391305,0.41304347826086957,7
exaone,xlmr,retrieved,exaone,politics,1790,1790,0,1416,374,0.7910614525139665,0.20893854748603352,7
exaone,xlmr,retrieved,exaone,occupation,365,365,0,149,216,0.40821917808219177,0.5917808219178082,7
exaone,xlmr,retrieved,exaone,disability,99,99,0,40,59,0.40404040404040403,0.5959595959595959,7
exaone,xlmr,retrieved,gemma4,gender,232,232,0,149,83,0.6422413793103449,0.3577586206896552,7
exaone,xlmr,retrieved,gemma4,age,102,102,0,60,42,0.5882352941176471,0.4117647058823529,7
exaone,xlmr,retrieved,gemma4,race_or_region_of_origin,893,893,0,664,229,0.7435610302351624,0.2564389697648376,7
exaone,xlmr,retrieved,gemma4,religion,46,46,0,24,22,0.5217391304347826,0.4782608695652174,7
exaone,xlmr,retrieved,gemma4,politics,1790,1790,0,1135,655,0.6340782122905028,0.3659217877094972,7
exaone,xlmr,retrieved,gemma4,occupation,365,365,0,145,220,0.3972602739726027,0.6027397260273972,7
exaone,xlmr,retrieved,gemma4,disability,99,99,0,37,62,0.37373737373737376,0.6262626262626263,7
exaone,xlmr,random,source,gender,232,232,0,190,42,0.8189655172413793,0.1810344827586207,7
exaone,xlmr,random,source,age,102,102,0,78,24,0.7647058823529411,0.23529411764705882,7
exaone,xlmr,random,source,race_or_region_of_origin,893,893,0,664,229,0.7435610302351624,0.2564389697648376,7
exaone,xlmr,random,source,religion,46,46,0,35,11,0.7608695652173914,0.2391304347826087,7
exaone,xlmr,random,source,politics,1790,1790,0,1322,468,0.7385474860335196,0.26145251396648045,7
exaone,xlmr,random,source,occupation,365,365,0,230,135,0.6301369863013698,0.3698630136986301,7
exaone,xlmr,random,source,disability,99,99,0,65,34,0.6565656565656566,0.3434343434343434,7
exaone,xlmr,random,exaone,gender,232,232,0,119,113,0.5129310344827587,0.4870689655172414,7
exaone,xlmr,random,exaone,age,102,102,0,61,41,0.5980392156862745,0.4019607843137255,7
exaone,xlmr,random,exaone,race_or_region_of_origin,893,893,0,664,229,0.7435610302351624,0.2564389697648376,7
exaone,xlmr,random,exaone,religion,46,46,0,35,11,0.7608695652173914,0.2391304347826087,7
exaone,xlmr,random,exaone,politics,1790,1790,0,1377,413,0.7692737430167598,0.23072625698324023,7
exaone,xlmr,random,exaone,occupation,365,365,0,155,210,0.4246575342465753,0.5753424657534246,7
exaone,xlmr,random,exaone,disability,99,99,0,47,52,0.47474747474747475,0.5252525252525253,7
exaone,xlmr,random,gemma4,gender,232,232,0,136,96,0.5862068965517241,0.41379310344827586,7
exaone,xlmr,random,gemma4,age,102,102,0,58,44,0.5686274509803921,0.43137254901960786,7
exaone,xlmr,random,gemma4,race_or_region_of_origin,893,893,0,624,269,0.6987681970884658,0.3012318029115342,7
exaone,xlmr,random,gemma4,religion,46,46,0,31,15,0.6739130434782609,0.32608695652173914,7
exaone,xlmr,random,gemma4,politics,1790,1790,0,1229,561,0.6865921787709497,0.31340782122905025,7
exaone,xlmr,random,gemma4,occupation,365,365,0,118,247,0.3232876712328767,0.6767123287671233,7
exaone,xlmr,random,gemma4,disability,99,99,0,37,62,0.37373737373737376,0.6262626262626263,7
exaone,xlmr,retrieved,source,gender,232,232,0,202,30,0.8706896551724138,0.12931034482758622,8
exaone,xlmr,retrieved,source,age,102,102,0,79,23,0.7745098039215687,0.22549019607843138,8
exaone,xlmr,retrieved,source,race_or_region_of_origin,893,893,0,709,184,0.793952967525196,0.20604703247480402,8
exaone,xlmr,retrieved,source,religion,46,46,0,32,14,0.6956521739130435,0.30434782608695654,8
exaone,xlmr,retrieved,source,politics,1790,1790,0,1277,513,0.7134078212290503,0.2865921787709497,8
exaone,xlmr,retrieved,source,occupation,365,365,0,216,149,0.5917808219178082,0.40821917808219177,8
exaone,xlmr,retrieved,source,disability,99,99,0,68,31,0.6868686868686869,0.31313131313131315,8
exaone,xlmr,retrieved,exaone,gender,232,232,0,56,176,0.2413793103448276,0.7586206896551724,8
exaone,xlmr,retrieved,exaone,age,102,102,0,47,55,0.46078431372549017,0.5392156862745098,8
exaone,xlmr,retrieved,exaone,race_or_region_of_origin,893,893,0,650,243,0.7278835386338186,0.2721164613661814,8
exaone,xlmr,retrieved,exaone,religion,46,46,0,26,20,0.5652173913043478,0.43478260869565216,8
exaone,xlmr,retrieved,exaone,politics,1790,1790,0,1359,431,0.759217877094972,0.24078212290502793,8
exaone,xlmr,retrieved,exaone,occupation,365,365,0,146,219,0.4,0.6,8
exaone,xlmr,retrieved,exaone,disability,99,99,0,33,66,0.3333333333333333,0.6666666666666666,8
exaone,xlmr,retrieved,gemma4,gender,232,232,0,155,77,0.6681034482758621,0.33189655172413796,8
exaone,xlmr,retrieved,gemma4,age,102,102,0,56,46,0.5490196078431373,0.45098039215686275,8
exaone,xlmr,retrieved,gemma4,race_or_region_of_origin,893,893,0,608,285,0.6808510638297872,0.3191489361702128,8
exaone,xlmr,retrieved,gemma4,religion,46,46,0,23,23,0.5,0.5,8
exaone,xlmr,retrieved,gemma4,politics,1790,1790,0,1056,734,0.5899441340782123,0.4100558659217877,8
exaone,xlmr,retrieved,gemma4,occupation,365,365,0,100,265,0.273972602739726,0.726027397260274,8
exaone,xlmr,retrieved,gemma4,disability,99,99,0,37,62,0.37373737373737376,0.6262626262626263,8
exaone,xlmr,random,source,gender,232,232,0,206,26,0.8879310344827587,0.11206896551724138,8
exaone,xlmr,random,source,age,102,102,0,80,22,0.7843137254901961,0.21568627450980393,8
exaone,xlmr,random,source,race_or_region_of_origin,893,893,0,700,193,0.7838745800671892,0.21612541993281076,8
exaone,xlmr,random,source,religion,46,46,0,37,9,0.8043478260869565,0.1956521739130435,8
exaone,xlmr,random,source,politics,1790,1790,0,1250,540,0.6983240223463687,0.3016759776536313,8
exaone,xlmr,random,source,occupation,365,365,0,224,141,0.6136986301369863,0.3863013698630137,8
exaone,xlmr,random,source,disability,99,99,0,68,31,0.6868686868686869,0.31313131313131315,8
exaone,xlmr,random,exaone,gender,232,232,0,74,158,0.31896551724137934,0.6810344827586207,8
exaone,xlmr,random,exaone,age,102,102,0,42,60,0.4117647058823529,0.5882352941176471,8
exaone,xlmr,random,exaone,race_or_region_of_origin,893,893,0,636,257,0.7122060470324748,0.2877939529675252,8
exaone,xlmr,random,exaone,religion,46,46,0,27,19,0.5869565217391305,0.41304347826086957,8
exaone,xlmr,random,exaone,politics,1790,1790,0,1133,657,0.6329608938547486,0.36703910614525137,8
exaone,xlmr,random,exaone,occupation,365,365,0,127,238,0.34794520547945207,0.6520547945205479,8
exaone,xlmr,random,exaone,disability,99,99,0,35,64,0.35353535353535354,0.6464646464646465,8
exaone,xlmr,random,gemma4,gender,232,232,0,181,51,0.7801724137931034,0.21982758620689655,8
exaone,xlmr,random,gemma4,age,102,102,0,60,42,0.5882352941176471,0.4117647058823529,8
exaone,xlmr,random,gemma4,race_or_region_of_origin,893,893,0,595,298,0.6662933930571109,0.3337066069428891,8
exaone,xlmr,random,gemma4,religion,46,46,0,32,14,0.6956521739130435,0.30434782608695654,8
exaone,xlmr,random,gemma4,politics,1790,1790,0,1108,682,0.6189944134078212,0.38100558659217876,8
exaone,xlmr,random,gemma4,occupation,365,365,0,128,237,0.3506849315068493,0.6493150684931507,8
exaone,xlmr,random,gemma4,disability,99,99,0,39,60,0.3939393939393939,0.6060606060606061,8
exaone,xlmr,retrieved,source,gender,232,232,0,189,43,0.8146551724137931,0.1853448275862069,9
exaone,xlmr,retrieved,source,age,102,102,0,86,16,0.8431372549019608,0.1568627450980392,9
exaone,xlmr,retrieved,source,race_or_region_of_origin,893,893,0,619,274,0.6931690929451287,0.3068309070548712,9
exaone,xlmr,retrieved,source,religion,46,46,0,35,11,0.7608695652173914,0.2391304347826087,9
exaone,xlmr,retrieved,source,politics,1790,1790,0,1415,375,0.7905027932960894,0.20949720670391062,9
exaone,xlmr,retrieved,source,occupation,365,365,0,227,138,0.6219178082191781,0.3780821917808219,9
exaone,xlmr,retrieved,source,disability,99,99,0,72,27,0.7272727272727273,0.2727272727272727,9
exaone,xlmr,retrieved,exaone,gender,232,232,0,107,125,0.46120689655172414,0.5387931034482759,9
exaone,xlmr,retrieved,exaone,age,102,102,0,55,47,0.5392156862745098,0.46078431372549017,9
exaone,xlmr,retrieved,exaone,race_or_region_of_origin,893,893,0,704,189,0.7883538633818589,0.2116461366181411,9
exaone,xlmr,retrieved,exaone,religion,46,46,0,31,15,0.6739130434782609,0.32608695652173914,9
exaone,xlmr,retrieved,exaone,politics,1790,1790,0,1512,278,0.8446927374301676,0.1553072625698324,9
exaone,xlmr,retrieved,exaone,occupation,365,365,0,164,201,0.44931506849315067,0.5506849315068493,9
exaone,xlmr,retrieved,exaone,disability,99,99,0,43,56,0.43434343434343436,0.5656565656565656,9
exaone,xlmr,retrieved,gemma4,gender,232,232,0,168,64,0.7241379310344828,0.27586206896551724,9
exaone,xlmr,retrieved,gemma4,age,102,102,0,61,41,0.5980392156862745,0.4019607843137255,9
exaone,xlmr,retrieved,gemma4,race_or_region_of_origin,893,893,0,565,328,0.6326987681970885,0.3673012318029115,9
exaone,xlmr,retrieved,gemma4,religion,46,46,0,29,17,0.6304347826086957,0.3695652173913043,9
exaone,xlmr,retrieved,gemma4,politics,1790,1790,0,1210,580,0.6759776536312849,0.3240223463687151,9
exaone,xlmr,retrieved,gemma4,occupation,365,365,0,136,229,0.3726027397260274,0.6273972602739726,9
exaone,xlmr,retrieved,gemma4,disability,99,99,0,48,51,0.48484848484848486,0.5151515151515151,9
exaone,xlmr,random,source,gender,232,232,0,193,39,0.8318965517241379,0.16810344827586207,9
exaone,xlmr,random,source,age,102,102,0,82,20,0.803921568627451,0.19607843137254902,9
exaone,xlmr,random,source,race_or_region_of_origin,893,893,0,700,193,0.7838745800671892,0.21612541993281076,9
exaone,xlmr,random,source,religion,46,46,0,40,6,0.8695652173913043,0.13043478260869565,9
exaone,xlmr,random,source,politics,1790,1790,0,1308,482,0.7307262569832402,0.26927374301675977,9
exaone,xlmr,random,source,occupation,365,365,0,209,156,0.5726027397260274,0.4273972602739726,9
exaone,xlmr,random,source,disability,99,99,0,64,35,0.6464646464646465,0.35353535353535354,9
exaone,xlmr,random,exaone,gender,232,232,0,128,104,0.5517241379310345,0.4482758620689655,9
exaone,xlmr,random,exaone,age,102,102,0,50,52,0.49019607843137253,0.5098039215686274,9
exaone,xlmr,random,exaone,race_or_region_of_origin,893,893,0,642,251,0.7189249720044792,0.2810750279955207,9
exaone,xlmr,random,exaone,religion,46,46,0,36,10,0.782608695652174,0.21739130434782608,9
exaone,xlmr,random,exaone,politics,1790,1790,0,1493,297,0.8340782122905028,0.1659217877094972,9
exaone,xlmr,random,exaone,occupation,365,365,0,168,197,0.4602739726027397,0.5397260273972603,9
exaone,xlmr,random,exaone,disability,99,99,0,43,56,0.43434343434343436,0.5656565656565656,9
exaone,xlmr,random,gemma4,gender,232,232,0,166,66,0.7155172413793104,0.28448275862068967,9
exaone,xlmr,random,gemma4,age,102,102,0,72,30,0.7058823529411765,0.29411764705882354,9
exaone,xlmr,random,gemma4,race_or_region_of_origin,893,893,0,608,285,0.6808510638297872,0.3191489361702128,9
exaone,xlmr,random,gemma4,religion,46,46,0,36,10,0.782608695652174,0.21739130434782608,9
exaone,xlmr,random,gemma4,politics,1790,1790,0,1273,517,0.711173184357542,0.2888268156424581,9
exaone,xlmr,random,gemma4,occupation,365,365,0,122,243,0.33424657534246577,0.6657534246575343,9
exaone,xlmr,random,gemma4,disability,99,99,0,56,43,0.5656565656565656,0.43434343434343436,9
exaone,xlmr,retrieved,source,gender,232,232,0,206,26,0.8879310344827587,0.11206896551724138,10
exaone,xlmr,retrieved,source,age,102,102,0,76,26,0.7450980392156863,0.2549019607843137,10
exaone,xlmr,retrieved,source,race_or_region_of_origin,893,893,0,672,221,0.7525195968645016,0.24748040313549832,10
exaone,xlmr,retrieved,source,religion,46,46,0,31,15,0.6739130434782609,0.32608695652173914,10
exaone,xlmr,retrieved,source,politics,1790,1790,0,1174,616,0.6558659217877095,0.34413407821229053,10
exaone,xlmr,retrieved,source,occupation,365,365,0,191,174,0.5232876712328767,0.4767123287671233,10
exaone,xlmr,retrieved,source,disability,99,99,0,55,44,0.5555555555555556,0.4444444444444444,10
exaone,xlmr,retrieved,exaone,gender,232,232,0,122,110,0.5258620689655172,0.47413793103448276,10
exaone,xlmr,retrieved,exaone,age,102,102,0,44,58,0.43137254901960786,0.5686274509803921,10
exaone,xlmr,retrieved,exaone,race_or_region_of_origin,893,893,0,555,338,0.6215005599104143,0.3784994400895857,10
exaone,xlmr,retrieved,exaone,religion,46,46,0,25,21,0.5434782608695652,0.45652173913043476,10
exaone,xlmr,retrieved,exaone,politics,1790,1790,0,1386,404,0.7743016759776536,0.22569832402234638,10
exaone,xlmr,retrieved,exaone,occupation,365,365,0,167,198,0.4575342465753425,0.5424657534246575,10
exaone,xlmr,retrieved,exaone,disability,99,99,0,36,63,0.36363636363636365,0.6363636363636364,10
exaone,xlmr,retrieved,gemma4,gender,232,232,0,177,55,0.7629310344827587,0.23706896551724138,10
exaone,xlmr,retrieved,gemma4,age,102,102,0,60,42,0.5882352941176471,0.4117647058823529,10
exaone,xlmr,retrieved,gemma4,race_or_region_of_origin,893,893,0,570,323,0.6382978723404256,0.3617021276595745,10
exaone,xlmr,retrieved,gemma4,religion,46,46,0,32,14,0.6956521739130435,0.30434782608695654,10
exaone,xlmr,retrieved,gemma4,politics,1790,1790,0,1172,618,0.6547486033519553,0.3452513966480447,10
exaone,xlmr,retrieved,gemma4,occupation,365,365,0,156,209,0.4273972602739726,0.5726027397260274,10
exaone,xlmr,retrieved,gemma4,disability,99,99,0,43,56,0.43434343434343436,0.5656565656565656,10
exaone,xlmr,random,source,gender,232,232,0,198,34,0.853448275862069,0.14655172413793102,10
exaone,xlmr,random,source,age,102,102,0,82,20,0.803921568627451,0.19607843137254902,10
exaone,xlmr,random,source,race_or_region_of_origin,893,893,0,694,199,0.7771556550951848,0.22284434490481522,10
exaone,xlmr,random,source,religion,46,46,0,36,10,0.782608695652174,0.21739130434782608,10
exaone,xlmr,random,source,politics,1790,1790,0,1258,532,0.7027932960893855,0.29720670391061454,10
exaone,xlmr,random,source,occupation,365,365,0,209,156,0.5726027397260274,0.4273972602739726,10
exaone,xlmr,random,source,disability,99,99,0,59,40,0.5959595959595959,0.40404040404040403,10
exaone,xlmr,random,exaone,gender,232,232,0,120,112,0.5172413793103449,0.4827586206896552,10
exaone,xlmr,random,exaone,age,102,102,0,57,45,0.5588235294117647,0.4411764705882353,10
exaone,xlmr,random,exaone,race_or_region_of_origin,893,893,0,582,311,0.6517357222844344,0.3482642777155655,10
exaone,xlmr,random,exaone,religion,46,46,0,29,17,0.6304347826086957,0.3695652173913043,10
exaone,xlmr,random,exaone,politics,1790,1790,0,1351,439,0.7547486033519553,0.24525139664804468,10
exaone,xlmr,random,exaone,occupation,365,365,0,136,229,0.3726027397260274,0.6273972602739726,10
exaone,xlmr,random,exaone,disability,99,99,0,48,51,0.48484848484848486,0.5151515151515151,10
exaone,xlmr,random,gemma4,gender,232,232,0,171,61,0.7370689655172413,0.2629310344827586,10
exaone,xlmr,random,gemma4,age,102,102,0,64,38,0.6274509803921569,0.37254901960784315,10
exaone,xlmr,random,gemma4,race_or_region_of_origin,893,893,0,595,298,0.6662933930571109,0.3337066069428891,10
exaone,xlmr,random,gemma4,religion,46,46,0,28,18,0.6086956521739131,0.391304347826087,10
exaone,xlmr,random,gemma4,politics,1790,1790,0,1132,658,0.6324022346368715,0.3675977653631285,10
exaone,xlmr,random,gemma4,occupation,365,365,0,149,216,0.40821917808219177,0.5917808219178082,10
exaone,xlmr,random,gemma4,disability,99,99,0,47,52,0.47474747474747475,0.5252525252525253,10
exaone,xlmr,retrieved,source,gender,232,232,0,153,79,0.6594827586206896,0.34051724137931033,11
exaone,xlmr,retrieved,source,age,102,102,0,74,28,0.7254901960784313,0.27450980392156865,11
exaone,xlmr,retrieved,source,race_or_region_of_origin,893,893,0,586,307,0.6562150055991042,0.3437849944008959,11
exaone,xlmr,retrieved,source,religion,46,46,0,35,11,0.7608695652173914,0.2391304347826087,11
exaone,xlmr,retrieved,source,politics,1790,1790,0,1187,603,0.6631284916201118,0.3368715083798883,11
exaone,xlmr,retrieved,source,occupation,365,365,0,203,162,0.5561643835616439,0.4438356164383562,11
exaone,xlmr,retrieved,source,disability,99,99,0,59,40,0.5959595959595959,0.40404040404040403,11
exaone,xlmr,retrieved,exaone,gender,232,232,0,72,160,0.3103448275862069,0.6896551724137931,11
exaone,xlmr,retrieved,exaone,age,102,102,0,50,52,0.49019607843137253,0.5098039215686274,11
exaone,xlmr,retrieved,exaone,race_or_region_of_origin,893,893,0,604,289,0.6763717805151176,0.3236282194848824,11
exaone,xlmr,retrieved,exaone,religion,46,46,0,29,17,0.6304347826086957,0.3695652173913043,11
exaone,xlmr,retrieved,exaone,politics,1790,1790,0,1293,497,0.7223463687150838,0.2776536312849162,11
exaone,xlmr,retrieved,exaone,occupation,365,365,0,137,228,0.37534246575342467,0.6246575342465753,11
exaone,xlmr,retrieved,exaone,disability,99,99,0,36,63,0.36363636363636365,0.6363636363636364,11
exaone,xlmr,retrieved,gemma4,gender,232,232,0,147,85,0.6336206896551724,0.36637931034482757,11
exaone,xlmr,retrieved,gemma4,age,102,102,0,64,38,0.6274509803921569,0.37254901960784315,11
exaone,xlmr,retrieved,gemma4,race_or_region_of_origin,893,893,0,564,329,0.631578947368421,0.3684210526315789,11
exaone,xlmr,retrieved,gemma4,religion,46,46,0,33,13,0.717391304347826,0.2826086956521739,11
exaone,xlmr,retrieved,gemma4,politics,1790,1790,0,1149,641,0.6418994413407821,0.35810055865921786,11
exaone,xlmr,retrieved,gemma4,occupation,365,365,0,141,224,0.3863013698630137,0.6136986301369863,11
exaone,xlmr,retrieved,gemma4,disability,99,99,0,41,58,0.41414141414141414,0.5858585858585859,11
exaone,xlmr,random,source,gender,232,232,0,203,29,0.875,0.125,11
exaone,xlmr,random,source,age,102,102,0,78,24,0.7647058823529411,0.23529411764705882,11
exaone,xlmr,random,source,race_or_region_of_origin,893,893,0,658,235,0.7368421052631579,0.2631578947368421,11
exaone,xlmr,random,source,religion,46,46,0,38,8,0.8260869565217391,0.17391304347826086,11
exaone,xlmr,random,source,politics,1790,1790,0,1328,462,0.7418994413407821,0.2581005586592179,11
exaone,xlmr,random,source,occupation,365,365,0,255,110,0.6986301369863014,0.3013698630136986,11
exaone,xlmr,random,source,disability,99,99,0,63,36,0.6363636363636364,0.36363636363636365,11
exaone,xlmr,random,exaone,gender,232,232,0,103,129,0.44396551724137934,0.5560344827586207,11
exaone,xlmr,random,exaone,age,102,102,0,57,45,0.5588235294117647,0.4411764705882353,11
exaone,xlmr,random,exaone,race_or_region_of_origin,893,893,0,632,261,0.7077267637178052,0.29227323628219487,11
exaone,xlmr,random,exaone,religion,46,46,0,27,19,0.5869565217391305,0.41304347826086957,11
exaone,xlmr,random,exaone,politics,1790,1790,0,1406,384,0.7854748603351955,0.21452513966480447,11
exaone,xlmr,random,exaone,occupation,365,365,0,170,195,0.4657534246575342,0.5342465753424658,11
exaone,xlmr,random,exaone,disability,99,99,0,47,52,0.47474747474747475,0.5252525252525253,11
exaone,xlmr,random,gemma4,gender,232,232,0,166,66,0.7155172413793104,0.28448275862068967,11
exaone,xlmr,random,gemma4,age,102,102,0,53,49,0.5196078431372549,0.4803921568627451,11
exaone,xlmr,random,gemma4,race_or_region_of_origin,893,893,0,530,363,0.593505039193729,0.406494960806271,11
exaone,xlmr,random,gemma4,religion,46,46,0,29,17,0.6304347826086957,0.3695652173913043,11
exaone,xlmr,random,gemma4,politics,1790,1790,0,927,863,0.517877094972067,0.482122905027933,11
exaone,xlmr,random,gemma4,occupation,365,365,0,101,264,0.27671232876712326,0.7232876712328767,11
exaone,xlmr,random,gemma4,disability,99,99,0,32,67,0.32323232323232326,0.6767676767676768,11
exaone,xlmr,retrieved,source,gender,232,232,0,221,11,0.9525862068965517,0.04741379310344827,12
exaone,xlmr,retrieved,source,age,102,102,0,86,16,0.8431372549019608,0.1568627450980392,12
exaone,xlmr,retrieved,source,race_or_region_of_origin,893,893,0,710,183,0.7950727883538634,0.20492721164613661,12
exaone,xlmr,retrieved,source,religion,46,46,0,37,9,0.8043478260869565,0.1956521739130435,12
exaone,xlmr,retrieved,source,politics,1790,1790,0,1400,390,0.7821229050279329,0.21787709497206703,12
exaone,xlmr,retrieved,source,occupation,365,365,0,272,93,0.7452054794520548,0.2547945205479452,12
exaone,xlmr,retrieved,source,disability,99,99,0,77,22,0.7777777777777778,0.2222222222222222,12
exaone,xlmr,retrieved,exaone,gender,232,232,0,83,149,0.3577586206896552,0.6422413793103449,12
exaone,xlmr,retrieved,exaone,age,102,102,0,50,52,0.49019607843137253,0.5098039215686274,12
exaone,xlmr,retrieved,exaone,race_or_region_of_origin,893,893,0,661,232,0.7402015677491601,0.2597984322508399,12
exaone,xlmr,retrieved,exaone,religion,46,46,0,29,17,0.6304347826086957,0.3695652173913043,12
exaone,xlmr,retrieved,exaone,politics,1790,1790,0,1455,335,0.8128491620111732,0.1871508379888268,12
exaone,xlmr,retrieved,exaone,occupation,365,365,0,174,191,0.4767123287671233,0.5232876712328767,12
exaone,xlmr,retrieved,exaone,disability,99,99,0,41,58,0.41414141414141414,0.5858585858585859,12
exaone,xlmr,retrieved,gemma4,gender,232,232,0,186,46,0.8017241379310345,0.19827586206896552,12
exaone,xlmr,retrieved,gemma4,age,102,102,0,68,34,0.6666666666666666,0.3333333333333333,12
exaone,xlmr,retrieved,gemma4,race_or_region_of_origin,893,893,0,604,289,0.6763717805151176,0.3236282194848824,12
exaone,xlmr,retrieved,gemma4,religion,46,46,0,34,12,0.7391304347826086,0.2608695652173913,12
exaone,xlmr,retrieved,gemma4,politics,1790,1790,0,1150,640,0.6424581005586593,0.3575418994413408,12
exaone,xlmr,retrieved,gemma4,occupation,365,365,0,157,208,0.4301369863013699,0.5698630136986301,12
exaone,xlmr,retrieved,gemma4,disability,99,99,0,42,57,0.42424242424242425,0.5757575757575758,12
exaone,xlmr,random,source,gender,232,232,0,210,22,0.9051724137931034,0.09482758620689655,12
exaone,xlmr,random,source,age,102,102,0,87,15,0.8529411764705882,0.14705882352941177,12
exaone,xlmr,random,source,race_or_region_of_origin,893,893,0,734,159,0.8219484882418813,0.1780515117581187,12
exaone,xlmr,random,source,religion,46,46,0,37,9,0.8043478260869565,0.1956521739130435,12
exaone,xlmr,random,source,politics,1790,1790,0,1407,383,0.7860335195530727,0.21396648044692737,12
exaone,xlmr,random,source,occupation,365,365,0,263,102,0.7205479452054795,0.27945205479452057,12
exaone,xlmr,random,source,disability,99,99,0,72,27,0.7272727272727273,0.2727272727272727,12
exaone,xlmr,random,exaone,gender,232,232,0,110,122,0.47413793103448276,0.5258620689655172,12
exaone,xlmr,random,exaone,age,102,102,0,69,33,0.6764705882352942,0.3235294117647059,12
exaone,xlmr,random,exaone,race_or_region_of_origin,893,893,0,694,199,0.7771556550951848,0.22284434490481522,12
exaone,xlmr,random,exaone,religion,46,46,0,34,12,0.7391304347826086,0.2608695652173913,12
exaone,xlmr,random,exaone,politics,1790,1790,0,1509,281,0.8430167597765363,0.1569832402234637,12
exaone,xlmr,random,exaone,occupation,365,365,0,227,138,0.6219178082191781,0.3780821917808219,12
exaone,xlmr,random,exaone,disability,99,99,0,44,55,0.4444444444444444,0.5555555555555556,12
exaone,xlmr,random,gemma4,gender,232,232,0,160,72,0.6896551724137931,0.3103448275862069,12
exaone,xlmr,random,gemma4,age,102,102,0,76,26,0.7450980392156863,0.2549019607843137,12
exaone,xlmr,random,gemma4,race_or_region_of_origin,893,893,0,707,186,0.7917133258678611,0.20828667413213886,12
exaone,xlmr,random,gemma4,religion,46,46,0,33,13,0.717391304347826,0.2826086956521739,12
exaone,xlmr,random,gemma4,politics,1790,1790,0,1362,428,0.7608938547486034,0.23910614525139665,12
exaone,xlmr,random,gemma4,occupation,365,365,0,194,171,0.5315068493150685,0.4684931506849315,12
exaone,xlmr,random,gemma4,disability,99,99,0,57,42,0.5757575757575758,0.42424242424242425,12
exaone,xlmr,retrieved,source,gender,232,232,0,167,65,0.7198275862068966,0.2801724137931034,13
exaone,xlmr,retrieved,source,age,102,102,0,67,35,0.6568627450980392,0.3431372549019608,13
exaone,xlmr,retrieved,source,race_or_region_of_origin,893,893,0,659,234,0.7379619260918253,0.2620380739081747,13
exaone,xlmr,retrieved,source,religion,46,46,0,36,10,0.782608695652174,0.21739130434782608,13
exaone,xlmr,retrieved,source,politics,1790,1790,0,1341,449,0.7491620111731844,0.2508379888268156,13
exaone,xlmr,retrieved,source,occupation,365,365,0,222,143,0.6082191780821918,0.3917808219178082,13
exaone,xlmr,retrieved,source,disability,99,99,0,56,43,0.5656565656565656,0.43434343434343436,13
exaone,xlmr,retrieved,exaone,gender,232,232,0,132,100,0.5689655172413793,0.43103448275862066,13
exaone,xlmr,retrieved,exaone,age,102,102,0,55,47,0.5392156862745098,0.46078431372549017,13
exaone,xlmr,retrieved,exaone,race_or_region_of_origin,893,893,0,699,194,0.7827547592385219,0.21724524076147816,13
exaone,xlmr,retrieved,exaone,religion,46,46,0,33,13,0.717391304347826,0.2826086956521739,13
exaone,xlmr,retrieved,exaone,politics,1790,1790,0,1458,332,0.8145251396648044,0.18547486033519553,13
exaone,xlmr,retrieved,exaone,occupation,365,365,0,202,163,0.5534246575342465,0.4465753424657534,13
exaone,xlmr,retrieved,exaone,disability,99,99,0,42,57,0.42424242424242425,0.5757575757575758,13
exaone,xlmr,retrieved,gemma4,gender,232,232,0,145,87,0.625,0.375,13
exaone,xlmr,retrieved,gemma4,age,102,102,0,56,46,0.5490196078431373,0.45098039215686275,13
exaone,xlmr,retrieved,gemma4,race_or_region_of_origin,893,893,0,598,295,0.6696528555431132,0.3303471444568869,13
exaone,xlmr,retrieved,gemma4,religion,46,46,0,25,21,0.5434782608695652,0.45652173913043476,13
exaone,xlmr,retrieved,gemma4,politics,1790,1790,0,1133,657,0.6329608938547486,0.36703910614525137,13
exaone,xlmr,retrieved,gemma4,occupation,365,365,0,142,223,0.38904109589041097,0.6109589041095891,13
exaone,xlmr,retrieved,gemma4,disability,99,99,0,29,70,0.29292929292929293,0.7070707070707071,13
exaone,xlmr,random,source,gender,232,232,0,175,57,0.7543103448275862,0.24568965517241378,13
exaone,xlmr,random,source,age,102,102,0,65,37,0.6372549019607843,0.3627450980392157,13
exaone,xlmr,random,source,race_or_region_of_origin,893,893,0,585,308,0.6550951847704367,0.3449048152295633,13
exaone,xlmr,random,source,religion,46,46,0,33,13,0.717391304347826,0.2826086956521739,13
exaone,xlmr,random,source,politics,1790,1790,0,1201,589,0.670949720670391,0.32905027932960895,13
exaone,xlmr,random,source,occupation,365,365,0,208,157,0.5698630136986301,0.4301369863013699,13
exaone,xlmr,random,source,disability,99,99,0,46,53,0.46464646464646464,0.5353535353535354,13
exaone,xlmr,random,exaone,gender,232,232,0,97,135,0.41810344827586204,0.5818965517241379,13
exaone,xlmr,random,exaone,age,102,102,0,62,40,0.6078431372549019,0.39215686274509803,13
exaone,xlmr,random,exaone,race_or_region_of_origin,893,893,0,719,174,0.8051511758118701,0.1948488241881299,13
exaone,xlmr,random,exaone,religion,46,46,0,34,12,0.7391304347826086,0.2608695652173913,13
exaone,xlmr,random,exaone,politics,1790,1790,0,1459,331,0.8150837988826816,0.18491620111731844,13
exaone,xlmr,random,exaone,occupation,365,365,0,195,170,0.5342465753424658,0.4657534246575342,13
exaone,xlmr,random,exaone,disability,99,99,0,38,61,0.3838383838383838,0.6161616161616161,13
exaone,xlmr,random,gemma4,gender,232,232,0,182,50,0.7844827586206896,0.21551724137931033,13
exaone,xlmr,random,gemma4,age,102,102,0,69,33,0.6764705882352942,0.3235294117647059,13
exaone,xlmr,random,gemma4,race_or_region_of_origin,893,893,0,652,241,0.7301231802911534,0.2698768197088466,13
exaone,xlmr,random,gemma4,religion,46,46,0,34,12,0.7391304347826086,0.2608695652173913,13
exaone,xlmr,random,gemma4,politics,1790,1790,0,1271,519,0.7100558659217877,0.2899441340782123,13
exaone,xlmr,random,gemma4,occupation,365,365,0,178,187,0.4876712328767123,0.5123287671232877,13
exaone,xlmr,random,gemma4,disability,99,99,0,49,50,0.494949494949495,0.5050505050505051,13
exaone,xlmr,retrieved,source,gender,232,232,0,191,41,0.8232758620689655,0.17672413793103448,14
exaone,xlmr,retrieved,source,age,102,102,0,77,25,0.7549019607843137,0.24509803921568626,14
exaone,xlmr,retrieved,source,race_or_region_of_origin,893,893,0,733,160,0.8208286674132139,0.1791713325867861,14
exaone,xlmr,retrieved,source,religion,46,46,0,31,15,0.6739130434782609,0.32608695652173914,14
exaone,xlmr,retrieved,source,politics,1790,1790,0,1282,508,0.7162011173184357,0.2837988826815642,14
exaone,xlmr,retrieved,source,occupation,365,365,0,201,164,0.5506849315068493,0.44931506849315067,14
exaone,xlmr,retrieved,source,disability,99,99,0,67,32,0.6767676767676768,0.32323232323232326,14
exaone,xlmr,retrieved,exaone,gender,232,232,0,123,109,0.5301724137931034,0.4698275862068966,14
exaone,xlmr,retrieved,exaone,age,102,102,0,54,48,0.5294117647058824,0.47058823529411764,14
exaone,xlmr,retrieved,exaone,race_or_region_of_origin,893,893,0,660,233,0.7390817469204927,0.2609182530795073,14
exaone,xlmr,retrieved,exaone,religion,46,46,0,32,14,0.6956521739130435,0.30434782608695654,14
exaone,xlmr,retrieved,exaone,politics,1790,1790,0,1413,377,0.7893854748603352,0.2106145251396648,14
exaone,xlmr,retrieved,exaone,occupation,365,365,0,168,197,0.4602739726027397,0.5397260273972603,14
exaone,xlmr,retrieved,exaone,disability,99,99,0,37,62,0.37373737373737376,0.6262626262626263,14
exaone,xlmr,retrieved,gemma4,gender,232,232,0,156,76,0.6724137931034483,0.3275862068965517,14
exaone,xlmr,retrieved,gemma4,age,102,102,0,59,43,0.5784313725490197,0.4215686274509804,14
exaone,xlmr,retrieved,gemma4,race_or_region_of_origin,893,893,0,654,239,0.7323628219484882,0.26763717805151177,14
exaone,xlmr,retrieved,gemma4,religion,46,46,0,33,13,0.717391304347826,0.2826086956521739,14
exaone,xlmr,retrieved,gemma4,politics,1790,1790,0,1144,646,0.6391061452513966,0.36089385474860336,14
exaone,xlmr,retrieved,gemma4,occupation,365,365,0,140,225,0.3835616438356164,0.6164383561643836,14
exaone,xlmr,retrieved,gemma4,disability,99,99,0,40,59,0.40404040404040403,0.5959595959595959,14
exaone,xlmr,random,source,gender,232,232,0,186,46,0.8017241379310345,0.19827586206896552,14
exaone,xlmr,random,source,age,102,102,0,78,24,0.7647058823529411,0.23529411764705882,14
exaone,xlmr,random,source,race_or_region_of_origin,893,893,0,708,185,0.7928331466965286,0.20716685330347145,14
exaone,xlmr,random,source,religion,46,46,0,37,9,0.8043478260869565,0.1956521739130435,14
exaone,xlmr,random,source,politics,1790,1790,0,1267,523,0.7078212290502793,0.29217877094972067,14
exaone,xlmr,random,source,occupation,365,365,0,213,152,0.5835616438356165,0.41643835616438357,14
exaone,xlmr,random,source,disability,99,99,0,60,39,0.6060606060606061,0.3939393939393939,14
exaone,xlmr,random,exaone,gender,232,232,0,105,127,0.4525862068965517,0.5474137931034483,14
exaone,xlmr,random,exaone,age,102,102,0,46,56,0.45098039215686275,0.5490196078431373,14
exaone,xlmr,random,exaone,race_or_region_of_origin,893,893,0,684,209,0.7659574468085106,0.23404255319148937,14
exaone,xlmr,random,exaone,religion,46,46,0,33,13,0.717391304347826,0.2826086956521739,14
exaone,xlmr,random,exaone,politics,1790,1790,0,1362,428,0.7608938547486034,0.23910614525139665,14
exaone,xlmr,random,exaone,occupation,365,365,0,159,206,0.43561643835616437,0.5643835616438356,14
exaone,xlmr,random,exaone,disability,99,99,0,45,54,0.45454545454545453,0.5454545454545454,14
exaone,xlmr,random,gemma4,gender,232,232,0,150,82,0.646551724137931,0.35344827586206895,14
exaone,xlmr,random,gemma4,age,102,102,0,59,43,0.5784313725490197,0.4215686274509804,14
exaone,xlmr,random,gemma4,race_or_region_of_origin,893,893,0,668,225,0.748040313549832,0.251959686450168,14
exaone,xlmr,random,gemma4,religion,46,46,0,32,14,0.6956521739130435,0.30434782608695654,14
exaone,xlmr,random,gemma4,politics,1790,1790,0,1238,552,0.6916201117318436,0.30837988826815643,14
exaone,xlmr,random,gemma4,occupation,365,365,0,154,211,0.42191780821917807,0.5780821917808219,14
exaone,xlmr,random,gemma4,disability,99,99,0,38,61,0.3838383838383838,0.6161616161616161,14
exaone,xlmr,retrieved,source,gender,232,232,0,179,53,0.771551724137931,0.22844827586206898,15
exaone,xlmr,retrieved,source,age,102,102,0,80,22,0.7843137254901961,0.21568627450980393,15
exaone,xlmr,retrieved,source,race_or_region_of_origin,893,893,0,678,215,0.7592385218365062,0.24076147816349383,15
exaone,xlmr,retrieved,source,religion,46,46,0,34,12,0.7391304347826086,0.2608695652173913,15
exaone,xlmr,retrieved,source,politics,1790,1790,0,1280,510,0.7150837988826816,0.2849162011173184,15
exaone,xlmr,retrieved,source,occupation,365,365,0,238,127,0.6520547945205479,0.34794520547945207,15
exaone,xlmr,retrieved,source,disability,99,99,0,61,38,0.6161616161616161,0.3838383838383838,15
exaone,xlmr,retrieved,exaone,gender,232,232,0,123,109,0.5301724137931034,0.4698275862068966,15
exaone,xlmr,retrieved,exaone,age,102,102,0,60,42,0.5882352941176471,0.4117647058823529,15
exaone,xlmr,retrieved,exaone,race_or_region_of_origin,893,893,0,731,162,0.8185890257558791,0.18141097424412095,15
exaone,xlmr,retrieved,exaone,religion,46,46,0,30,16,0.6521739130434783,0.34782608695652173,15
exaone,xlmr,retrieved,exaone,politics,1790,1790,0,1431,359,0.7994413407821229,0.2005586592178771,15
exaone,xlmr,retrieved,exaone,occupation,365,365,0,180,185,0.4931506849315068,0.5068493150684932,15
exaone,xlmr,retrieved,exaone,disability,99,99,0,44,55,0.4444444444444444,0.5555555555555556,15
exaone,xlmr,retrieved,gemma4,gender,232,232,0,169,63,0.728448275862069,0.27155172413793105,15
exaone,xlmr,retrieved,gemma4,age,102,102,0,66,36,0.6470588235294118,0.35294117647058826,15
exaone,xlmr,retrieved,gemma4,race_or_region_of_origin,893,893,0,628,265,0.7032474804031354,0.2967525195968645,15
exaone,xlmr,retrieved,gemma4,religion,46,46,0,29,17,0.6304347826086957,0.3695652173913043,15
exaone,xlmr,retrieved,gemma4,politics,1790,1790,0,1101,689,0.6150837988826816,0.38491620111731845,15
exaone,xlmr,retrieved,gemma4,occupation,365,365,0,156,209,0.4273972602739726,0.5726027397260274,15
exaone,xlmr,retrieved,gemma4,disability,99,99,0,45,54,0.45454545454545453,0.5454545454545454,15
exaone,xlmr,random,source,gender,232,232,0,201,31,0.8663793103448276,0.1336206896551724,15
exaone,xlmr,random,source,age,102,102,0,84,18,0.8235294117647058,0.17647058823529413,15
exaone,xlmr,random,source,race_or_region_of_origin,893,893,0,690,203,0.7726763717805151,0.22732362821948487,15
exaone,xlmr,random,source,religion,46,46,0,33,13,0.717391304347826,0.2826086956521739,15
exaone,xlmr,random,source,politics,1790,1790,0,1166,624,0.6513966480446928,0.3486033519553073,15
exaone,xlmr,random,source,occupation,365,365,0,226,139,0.6191780821917808,0.38082191780821917,15
exaone,xlmr,random,source,disability,99,99,0,57,42,0.5757575757575758,0.42424242424242425,15
exaone,xlmr,random,exaone,gender,232,232,0,121,111,0.521551724137931,0.47844827586206895,15
exaone,xlmr,random,exaone,age,102,102,0,51,51,0.5,0.5,15
exaone,xlmr,random,exaone,race_or_region_of_origin,893,893,0,616,277,0.6898096304591266,0.3101903695408735,15
exaone,xlmr,random,exaone,religion,46,46,0,26,20,0.5652173913043478,0.43478260869565216,15
exaone,xlmr,random,exaone,politics,1790,1790,0,1251,539,0.6988826815642458,0.3011173184357542,15
exaone,xlmr,random,exaone,occupation,365,365,0,166,199,0.4547945205479452,0.5452054794520548,15
exaone,xlmr,random,exaone,disability,99,99,0,44,55,0.4444444444444444,0.5555555555555556,15
exaone,xlmr,random,gemma4,gender,232,232,0,179,53,0.771551724137931,0.22844827586206898,15
exaone,xlmr,random,gemma4,age,102,102,0,63,39,0.6176470588235294,0.38235294117647056,15
exaone,xlmr,random,gemma4,race_or_region_of_origin,893,893,0,616,277,0.6898096304591266,0.3101903695408735,15
exaone,xlmr,random,gemma4,religion,46,46,0,33,13,0.717391304347826,0.2826086956521739,15
exaone,xlmr,random,gemma4,politics,1790,1790,0,1020,770,0.5698324022346368,0.4301675977653631,15
exaone,xlmr,random,gemma4,occupation,365,365,0,160,205,0.4383561643835616,0.5616438356164384,15
exaone,xlmr,random,gemma4,disability,99,99,0,41,58,0.41414141414141414,0.5858585858585859,15
exaone,xlmr,retrieved,source,gender,232,232,0,191,41,0.8232758620689655,0.17672413793103448,16
exaone,xlmr,retrieved,source,age,102,102,0,75,27,0.7352941176470589,0.2647058823529412,16
exaone,xlmr,retrieved,source,race_or_region_of_origin,893,893,0,649,244,0.7267637178051511,0.2732362821948488,16
exaone,xlmr,retrieved,source,religion,46,46,0,37,9,0.8043478260869565,0.1956521739130435,16
exaone,xlmr,retrieved,source,politics,1790,1790,0,1209,581,0.6754189944134078,0.3245810055865922,16
exaone,xlmr,retrieved,source,occupation,365,365,0,212,153,0.5808219178082191,0.4191780821917808,16
exaone,xlmr,retrieved,source,disability,99,99,0,63,36,0.6363636363636364,0.36363636363636365,16
exaone,xlmr,retrieved,exaone,gender,232,232,0,97,135,0.41810344827586204,0.5818965517241379,16
exaone,xlmr,retrieved,exaone,age,102,102,0,50,52,0.49019607843137253,0.5098039215686274,16
exaone,xlmr,retrieved,exaone,race_or_region_of_origin,893,893,0,632,261,0.7077267637178052,0.29227323628219487,16
exaone,xlmr,retrieved,exaone,religion,46,46,0,26,20,0.5652173913043478,0.43478260869565216,16
exaone,xlmr,retrieved,exaone,politics,1790,1790,0,1339,451,0.7480446927374301,0.2519553072625698,16
exaone,xlmr,retrieved,exaone,occupation,365,365,0,151,214,0.4136986301369863,0.5863013698630137,16
exaone,xlmr,retrieved,exaone,disability,99,99,0,48,51,0.48484848484848486,0.5151515151515151,16
exaone,xlmr,retrieved,gemma4,gender,232,232,0,164,68,0.7068965517241379,0.29310344827586204,16
exaone,xlmr,retrieved,gemma4,age,102,102,0,53,49,0.5196078431372549,0.4803921568627451,16
exaone,xlmr,retrieved,gemma4,race_or_region_of_origin,893,893,0,547,346,0.6125419932810751,0.387458006718925,16
exaone,xlmr,retrieved,gemma4,religion,46,46,0,27,19,0.5869565217391305,0.41304347826086957,16
exaone,xlmr,retrieved,gemma4,politics,1790,1790,0,1022,768,0.5709497206703911,0.42905027932960893,16
exaone,xlmr,retrieved,gemma4,occupation,365,365,0,135,230,0.3698630136986301,0.6301369863013698,16
exaone,xlmr,retrieved,gemma4,disability,99,99,0,40,59,0.40404040404040403,0.5959595959595959,16
exaone,xlmr,random,source,gender,232,232,0,205,27,0.8836206896551724,0.11637931034482758,16
exaone,xlmr,random,source,age,102,102,0,81,21,0.7941176470588235,0.20588235294117646,16
exaone,xlmr,random,source,race_or_region_of_origin,893,893,0,650,243,0.7278835386338186,0.2721164613661814,16
exaone,xlmr,random,source,religion,46,46,0,31,15,0.6739130434782609,0.32608695652173914,16
exaone,xlmr,random,source,politics,1790,1790,0,1073,717,0.5994413407821229,0.4005586592178771,16
exaone,xlmr,random,source,occupation,365,365,0,204,161,0.5589041095890411,0.4410958904109589,16
exaone,xlmr,random,source,disability,99,99,0,62,37,0.6262626262626263,0.37373737373737376,16
exaone,xlmr,random,exaone,gender,232,232,0,119,113,0.5129310344827587,0.4870689655172414,16
exaone,xlmr,random,exaone,age,102,102,0,48,54,0.47058823529411764,0.5294117647058824,16
exaone,xlmr,random,exaone,race_or_region_of_origin,893,893,0,618,275,0.6920492721164614,0.3079507278835386,16
exaone,xlmr,random,exaone,religion,46,46,0,27,19,0.5869565217391305,0.41304347826086957,16
exaone,xlmr,random,exaone,politics,1790,1790,0,1207,583,0.6743016759776537,0.3256983240223464,16
exaone,xlmr,random,exaone,occupation,365,365,0,129,236,0.35342465753424657,0.6465753424657534,16
exaone,xlmr,random,exaone,disability,99,99,0,37,62,0.37373737373737376,0.6262626262626263,16
exaone,xlmr,random,gemma4,gender,232,232,0,169,63,0.728448275862069,0.27155172413793105,16
exaone,xlmr,random,gemma4,age,102,102,0,51,51,0.5,0.5,16
exaone,xlmr,random,gemma4,race_or_region_of_origin,893,893,0,597,296,0.6685330347144457,0.3314669652855543,16
exaone,xlmr,random,gemma4,religion,46,46,0,20,26,0.43478260869565216,0.5652173913043478,16
exaone,xlmr,random,gemma4,politics,1790,1790,0,1058,732,0.5910614525139665,0.40893854748603353,16
exaone,xlmr,random,gemma4,occupation,365,365,0,98,267,0.2684931506849315,0.7315068493150685,16
exaone,xlmr,random,gemma4,disability,99,99,0,39,60,0.3939393939393939,0.6060606060606061,16
exaone,xlmr,retrieved,source,gender,232,232,0,192,40,0.8275862068965517,0.1724137931034483,17
exaone,xlmr,retrieved,source,age,102,102,0,69,33,0.6764705882352942,0.3235294117647059,17
exaone,xlmr,retrieved,source,race_or_region_of_origin,893,893,0,613,280,0.6864501679731243,0.3135498320268757,17
exaone,xlmr,retrieved,source,religion,46,46,0,32,14,0.6956521739130435,0.30434782608695654,17
exaone,xlmr,retrieved,source,politics,1790,1790,0,1106,684,0.617877094972067,0.38212290502793295,17
exaone,xlmr,retrieved,source,occupation,365,365,0,187,178,0.5123287671232877,0.4876712328767123,17
exaone,xlmr,retrieved,source,disability,99,99,0,44,55,0.4444444444444444,0.5555555555555556,17
exaone,xlmr,retrieved,exaone,gender,232,232,0,92,140,0.39655172413793105,0.603448275862069,17
exaone,xlmr,retrieved,exaone,age,102,102,0,46,56,0.45098039215686275,0.5490196078431373,17
exaone,xlmr,retrieved,exaone,race_or_region_of_origin,893,893,0,619,274,0.6931690929451287,0.3068309070548712,17
exaone,xlmr,retrieved,exaone,religion,46,46,0,30,16,0.6521739130434783,0.34782608695652173,17
exaone,xlmr,retrieved,exaone,politics,1790,1790,0,1317,473,0.7357541899441341,0.26424581005586595,17
exaone,xlmr,retrieved,exaone,occupation,365,365,0,167,198,0.4575342465753425,0.5424657534246575,17
exaone,xlmr,retrieved,exaone,disability,99,99,0,31,68,0.31313131313131315,0.6868686868686869,17
exaone,xlmr,retrieved,gemma4,gender,232,232,0,152,80,0.6551724137931034,0.3448275862068966,17
exaone,xlmr,retrieved,gemma4,age,102,102,0,63,39,0.6176470588235294,0.38235294117647056,17
exaone,xlmr,retrieved,gemma4,race_or_region_of_origin,893,893,0,547,346,0.6125419932810751,0.387458006718925,17
exaone,xlmr,retrieved,gemma4,religion,46,46,0,25,21,0.5434782608695652,0.45652173913043476,17
exaone,xlmr,retrieved,gemma4,politics,1790,1790,0,982,808,0.5486033519553073,0.45139664804469276,17
exaone,xlmr,retrieved,gemma4,occupation,365,365,0,123,242,0.336986301369863,0.663013698630137,17
exaone,xlmr,retrieved,gemma4,disability,99,99,0,30,69,0.30303030303030304,0.696969696969697,17
exaone,xlmr,random,source,gender,232,232,0,196,36,0.8448275862068966,0.15517241379310345,17
exaone,xlmr,random,source,age,102,102,0,82,20,0.803921568627451,0.19607843137254902,17
exaone,xlmr,random,source,race_or_region_of_origin,893,893,0,690,203,0.7726763717805151,0.22732362821948487,17
exaone,xlmr,random,source,religion,46,46,0,38,8,0.8260869565217391,0.17391304347826086,17
exaone,xlmr,random,source,politics,1790,1790,0,1252,538,0.6994413407821229,0.3005586592178771,17
exaone,xlmr,random,source,occupation,365,365,0,232,133,0.6356164383561644,0.3643835616438356,17
exaone,xlmr,random,source,disability,99,99,0,61,38,0.6161616161616161,0.3838383838383838,17
exaone,xlmr,random,exaone,gender,232,232,0,112,120,0.4827586206896552,0.5172413793103449,17
exaone,xlmr,random,exaone,age,102,102,0,46,56,0.45098039215686275,0.5490196078431373,17
exaone,xlmr,random,exaone,race_or_region_of_origin,893,893,0,629,264,0.7043673012318029,0.2956326987681971,17
exaone,xlmr,random,exaone,religion,46,46,0,29,17,0.6304347826086957,0.3695652173913043,17
exaone,xlmr,random,exaone,politics,1790,1790,0,1262,528,0.7050279329608938,0.29497206703910617,17
exaone,xlmr,random,exaone,occupation,365,365,0,171,194,0.4684931506849315,0.5315068493150685,17
exaone,xlmr,random,exaone,disability,99,99,0,38,61,0.3838383838383838,0.6161616161616161,17
exaone,xlmr,random,gemma4,gender,232,232,0,161,71,0.6939655172413793,0.30603448275862066,17
exaone,xlmr,random,gemma4,age,102,102,0,57,45,0.5588235294117647,0.4411764705882353,17
exaone,xlmr,random,gemma4,race_or_region_of_origin,893,893,0,541,352,0.6058230683090705,0.39417693169092943,17
exaone,xlmr,random,gemma4,religion,46,46,0,30,16,0.6521739130434783,0.34782608695652173,17
exaone,xlmr,random,gemma4,politics,1790,1790,0,1144,646,0.6391061452513966,0.36089385474860336,17
exaone,xlmr,random,gemma4,occupation,365,365,0,156,209,0.4273972602739726,0.5726027397260274,17
exaone,xlmr,random,gemma4,disability,99,99,0,36,63,0.36363636363636365,0.6363636363636364,17
exaone,xlmr,retrieved,source,gender,232,232,0,192,40,0.8275862068965517,0.1724137931034483,18
exaone,xlmr,retrieved,source,age,102,102,0,69,33,0.6764705882352942,0.3235294117647059,18
exaone,xlmr,retrieved,source,race_or_region_of_origin,893,893,0,639,254,0.7155655095184771,0.284434490481523,18
exaone,xlmr,retrieved,source,religion,46,46,0,33,13,0.717391304347826,0.2826086956521739,18
exaone,xlmr,retrieved,source,politics,1790,1790,0,1114,676,0.6223463687150838,0.3776536312849162,18
exaone,xlmr,retrieved,source,occupation,365,365,0,166,199,0.4547945205479452,0.5452054794520548,18
exaone,xlmr,retrieved,source,disability,99,99,0,59,40,0.5959595959595959,0.40404040404040403,18
exaone,xlmr,retrieved,exaone,gender,232,232,0,106,126,0.45689655172413796,0.5431034482758621,18
exaone,xlmr,retrieved,exaone,age,102,102,0,50,52,0.49019607843137253,0.5098039215686274,18
exaone,xlmr,retrieved,exaone,race_or_region_of_origin,893,893,0,681,212,0.7625979843225084,0.2374020156774916,18
exaone,xlmr,retrieved,exaone,religion,46,46,0,21,25,0.45652173913043476,0.5434782608695652,18
exaone,xlmr,retrieved,exaone,politics,1790,1790,0,1368,422,0.7642458100558659,0.23575418994413408,18
exaone,xlmr,retrieved,exaone,occupation,365,365,0,173,192,0.473972602739726,0.5260273972602739,18
exaone,xlmr,retrieved,exaone,disability,99,99,0,40,59,0.40404040404040403,0.5959595959595959,18
exaone,xlmr,retrieved,gemma4,gender,232,232,0,178,54,0.7672413793103449,0.23275862068965517,18
exaone,xlmr,retrieved,gemma4,age,102,102,0,58,44,0.5686274509803921,0.43137254901960786,18
exaone,xlmr,retrieved,gemma4,race_or_region_of_origin,893,893,0,568,325,0.6360582306830908,0.3639417693169093,18
exaone,xlmr,retrieved,gemma4,religion,46,46,0,28,18,0.6086956521739131,0.391304347826087,18
exaone,xlmr,retrieved,gemma4,politics,1790,1790,0,1260,530,0.7039106145251397,0.29608938547486036,18
exaone,xlmr,retrieved,gemma4,occupation,365,365,0,162,203,0.4438356164383562,0.5561643835616439,18
exaone,xlmr,retrieved,gemma4,disability,99,99,0,49,50,0.494949494949495,0.5050505050505051,18
exaone,xlmr,random,source,gender,232,232,0,192,40,0.8275862068965517,0.1724137931034483,18
exaone,xlmr,random,source,age,102,102,0,76,26,0.7450980392156863,0.2549019607843137,18
exaone,xlmr,random,source,race_or_region_of_origin,893,893,0,563,330,0.6304591265397537,0.36954087346024633,18
exaone,xlmr,random,source,religion,46,46,0,34,12,0.7391304347826086,0.2608695652173913,18
exaone,xlmr,random,source,politics,1790,1790,0,1150,640,0.6424581005586593,0.3575418994413408,18
exaone,xlmr,random,source,occupation,365,365,0,182,183,0.4986301369863014,0.5013698630136987,18
exaone,xlmr,random,source,disability,99,99,0,55,44,0.5555555555555556,0.4444444444444444,18
exaone,xlmr,random,exaone,gender,232,232,0,89,143,0.38362068965517243,0.6163793103448276,18
exaone,xlmr,random,exaone,age,102,102,0,52,50,0.5098039215686274,0.49019607843137253,18
exaone,xlmr,random,exaone,race_or_region_of_origin,893,893,0,588,305,0.658454647256439,0.341545352743561,18
exaone,xlmr,random,exaone,religion,46,46,0,29,17,0.6304347826086957,0.3695652173913043,18
exaone,xlmr,random,exaone,politics,1790,1790,0,1379,411,0.770391061452514,0.22960893854748604,18
exaone,xlmr,random,exaone,occupation,365,365,0,171,194,0.4684931506849315,0.5315068493150685,18
exaone,xlmr,random,exaone,disability,99,99,0,44,55,0.4444444444444444,0.5555555555555556,18
exaone,xlmr,random,gemma4,gender,232,232,0,0,232,0.0,1.0,18
exaone,xlmr,random,gemma4,age,102,102,0,0,102,0.0,1.0,18
exaone,xlmr,random,gemma4,race_or_region_of_origin,893,893,0,0,893,0.0,1.0,18
exaone,xlmr,random,gemma4,religion,46,46,0,0,46,0.0,1.0,18
exaone,xlmr,random,gemma4,politics,1790,1790,0,0,1790,0.0,1.0,18
exaone,xlmr,random,gemma4,occupation,365,365,0,0,365,0.0,1.0,18
exaone,xlmr,random,gemma4,disability,99,99,0,0,99,0.0,1.0,18
exaone,xlmr,retrieved,source,gender,232,232,0,180,52,0.7758620689655172,0.22413793103448276,19
exaone,xlmr,retrieved,source,age,102,102,0,75,27,0.7352941176470589,0.2647058823529412,19
exaone,xlmr,retrieved,source,race_or_region_of_origin,893,893,0,652,241,0.7301231802911534,0.2698768197088466,19
exaone,xlmr,retrieved,source,religion,46,46,0,32,14,0.6956521739130435,0.30434782608695654,19
exaone,xlmr,retrieved,source,politics,1790,1790,0,1377,413,0.7692737430167598,0.23072625698324023,19
exaone,xlmr,retrieved,source,occupation,365,365,0,214,151,0.5863013698630137,0.4136986301369863,19
exaone,xlmr,retrieved,source,disability,99,99,0,65,34,0.6565656565656566,0.3434343434343434,19
exaone,xlmr,retrieved,exaone,gender,232,232,0,102,130,0.4396551724137931,0.5603448275862069,19
exaone,xlmr,retrieved,exaone,age,102,102,0,54,48,0.5294117647058824,0.47058823529411764,19
exaone,xlmr,retrieved,exaone,race_or_region_of_origin,893,893,0,680,213,0.761478163493841,0.23852183650615902,19
exaone,xlmr,retrieved,exaone,religion,46,46,0,31,15,0.6739130434782609,0.32608695652173914,19
exaone,xlmr,retrieved,exaone,politics,1790,1790,0,1404,386,0.7843575418994413,0.21564245810055865,19
exaone,xlmr,retrieved,exaone,occupation,365,365,0,173,192,0.473972602739726,0.5260273972602739,19
exaone,xlmr,retrieved,exaone,disability,99,99,0,39,60,0.3939393939393939,0.6060606060606061,19
exaone,xlmr,retrieved,gemma4,gender,232,232,0,187,45,0.8060344827586207,0.1939655172413793,19
exaone,xlmr,retrieved,gemma4,age,102,102,0,72,30,0.7058823529411765,0.29411764705882354,19
exaone,xlmr,retrieved,gemma4,race_or_region_of_origin,893,893,0,626,267,0.7010078387458006,0.2989921612541993,19
exaone,xlmr,retrieved,gemma4,religion,46,46,0,33,13,0.717391304347826,0.2826086956521739,19
exaone,xlmr,retrieved,gemma4,politics,1790,1790,0,1221,569,0.6821229050279329,0.31787709497206706,19
exaone,xlmr,retrieved,gemma4,occupation,365,365,0,193,172,0.5287671232876713,0.4712328767123288,19
exaone,xlmr,retrieved,gemma4,disability,99,99,0,55,44,0.5555555555555556,0.4444444444444444,19
exaone,xlmr,random,source,gender,232,232,0,207,25,0.8922413793103449,0.10775862068965517,19
exaone,xlmr,random,source,age,102,102,0,86,16,0.8431372549019608,0.1568627450980392,19
exaone,xlmr,random,source,race_or_region_of_origin,893,893,0,730,163,0.8174692049272116,0.18253079507278835,19
exaone,xlmr,random,source,religion,46,46,0,37,9,0.8043478260869565,0.1956521739130435,19
exaone,xlmr,random,source,politics,1790,1790,0,1395,395,0.7793296089385475,0.2206703910614525,19
exaone,xlmr,random,source,occupation,365,365,0,236,129,0.6465753424657534,0.35342465753424657,19
exaone,xlmr,random,source,disability,99,99,0,64,35,0.6464646464646465,0.35353535353535354,19
exaone,xlmr,random,exaone,gender,232,232,0,115,117,0.4956896551724138,0.5043103448275862,19
exaone,xlmr,random,exaone,age,102,102,0,59,43,0.5784313725490197,0.4215686274509804,19
exaone,xlmr,random,exaone,race_or_region_of_origin,893,893,0,704,189,0.7883538633818589,0.2116461366181411,19
exaone,xlmr,random,exaone,religion,46,46,0,36,10,0.782608695652174,0.21739130434782608,19
exaone,xlmr,random,exaone,politics,1790,1790,0,1394,396,0.7787709497206704,0.2212290502793296,19
exaone,xlmr,random,exaone,occupation,365,365,0,161,204,0.4410958904109589,0.5589041095890411,19
exaone,xlmr,random,exaone,disability,99,99,0,42,57,0.42424242424242425,0.5757575757575758,19
exaone,xlmr,random,gemma4,gender,232,232,0,155,77,0.6681034482758621,0.33189655172413796,19
exaone,xlmr,random,gemma4,age,102,102,0,69,33,0.6764705882352942,0.3235294117647059,19
exaone,xlmr,random,gemma4,race_or_region_of_origin,893,893,0,661,232,0.7402015677491601,0.2597984322508399,19
exaone,xlmr,random,gemma4,religion,46,46,0,35,11,0.7608695652173914,0.2391304347826087,19
exaone,xlmr,random,gemma4,politics,1790,1790,0,1267,523,0.7078212290502793,0.29217877094972067,19
exaone,xlmr,random,gemma4,occupation,365,365,0,160,205,0.4383561643835616,0.5616438356164384,19
exaone,xlmr,random,gemma4,disability,99,99,0,48,51,0.48484848484848486,0.5151515151515151,19
exaone,xlmr,retrieved,source,gender,232,232,0,186,46,0.8017241379310345,0.19827586206896552,20
exaone,xlmr,retrieved,source,age,102,102,0,84,18,0.8235294117647058,0.17647058823529413,20
exaone,xlmr,retrieved,source,race_or_region_of_origin,893,893,0,713,180,0.7984322508398656,0.20156774916013437,20
exaone,xlmr,retrieved,source,religion,46,46,0,35,11,0.7608695652173914,0.2391304347826087,20
exaone,xlmr,retrieved,source,politics,1790,1790,0,1376,414,0.7687150837988826,0.23128491620111732,20
exaone,xlmr,retrieved,source,occupation,365,365,0,271,94,0.7424657534246575,0.25753424657534246,20
exaone,xlmr,retrieved,source,disability,99,99,0,67,32,0.6767676767676768,0.32323232323232326,20
exaone,xlmr,retrieved,exaone,gender,232,232,0,107,125,0.46120689655172414,0.5387931034482759,20
exaone,xlmr,retrieved,exaone,age,102,102,0,62,40,0.6078431372549019,0.39215686274509803,20
exaone,xlmr,retrieved,exaone,race_or_region_of_origin,893,893,0,716,177,0.8017917133258678,0.19820828667413215,20
exaone,xlmr,retrieved,exaone,religion,46,46,0,27,19,0.5869565217391305,0.41304347826086957,20
exaone,xlmr,retrieved,exaone,politics,1790,1790,0,1503,287,0.8396648044692737,0.16033519553072625,20
exaone,xlmr,retrieved,exaone,occupation,365,365,0,192,173,0.5260273972602739,0.473972602739726,20
exaone,xlmr,retrieved,exaone,disability,99,99,0,39,60,0.3939393939393939,0.6060606060606061,20
exaone,xlmr,retrieved,gemma4,gender,232,232,0,168,64,0.7241379310344828,0.27586206896551724,20
exaone,xlmr,retrieved,gemma4,age,102,102,0,64,38,0.6274509803921569,0.37254901960784315,20
exaone,xlmr,retrieved,gemma4,race_or_region_of_origin,893,893,0,652,241,0.7301231802911534,0.2698768197088466,20
exaone,xlmr,retrieved,gemma4,religion,46,46,0,32,14,0.6956521739130435,0.30434782608695654,20
exaone,xlmr,retrieved,gemma4,politics,1790,1790,0,1255,535,0.7011173184357542,0.2988826815642458,20
exaone,xlmr,retrieved,gemma4,occupation,365,365,0,176,189,0.4821917808219178,0.5178082191780822,20
exaone,xlmr,retrieved,gemma4,disability,99,99,0,39,60,0.3939393939393939,0.6060606060606061,20
exaone,xlmr,random,source,gender,232,232,0,202,30,0.8706896551724138,0.12931034482758622,20
exaone,xlmr,random,source,age,102,102,0,78,24,0.7647058823529411,0.23529411764705882,20
exaone,xlmr,random,source,race_or_region_of_origin,893,893,0,666,227,0.7458006718924972,0.2541993281075028,20
exaone,xlmr,random,source,religion,46,46,0,34,12,0.7391304347826086,0.2608695652173913,20
exaone,xlmr,random,source,politics,1790,1790,0,1157,633,0.6463687150837989,0.3536312849162011,20
exaone,xlmr,random,source,occupation,365,365,0,192,173,0.5260273972602739,0.473972602739726,20
exaone,xlmr,random,source,disability,99,99,0,59,40,0.5959595959595959,0.40404040404040403,20
exaone,xlmr,random,exaone,gender,232,232,0,99,133,0.4267241379310345,0.5732758620689655,20
exaone,xlmr,random,exaone,age,102,102,0,57,45,0.5588235294117647,0.4411764705882353,20
exaone,xlmr,random,exaone,race_or_region_of_origin,893,893,0,659,234,0.7379619260918253,0.2620380739081747,20
exaone,xlmr,random,exaone,religion,46,46,0,37,9,0.8043478260869565,0.1956521739130435,20
exaone,xlmr,random,exaone,politics,1790,1790,0,1457,333,0.8139664804469273,0.18603351955307262,20
exaone,xlmr,random,exaone,occupation,365,365,0,173,192,0.473972602739726,0.5260273972602739,20
exaone,xlmr,random,exaone,disability,99,99,0,50,49,0.5050505050505051,0.494949494949495,20
exaone,xlmr,random,gemma4,gender,232,232,0,177,55,0.7629310344827587,0.23706896551724138,20
exaone,xlmr,random,gemma4,age,102,102,0,64,38,0.6274509803921569,0.37254901960784315,20
exaone,xlmr,random,gemma4,race_or_region_of_origin,893,893,0,650,243,0.7278835386338186,0.2721164613661814,20
exaone,xlmr,random,gemma4,religion,46,46,0,35,11,0.7608695652173914,0.2391304347826087,20
exaone,xlmr,random,gemma4,politics,1790,1790,0,1179,611,0.658659217877095,0.34134078212290503,20
exaone,xlmr,random,gemma4,occupation,365,365,0,141,224,0.3863013698630137,0.6136986301369863,20
exaone,xlmr,random,gemma4,disability,99,99,0,55,44,0.5555555555555556,0.4444444444444444,20
exaone,xlmr,retrieved,source,gender,232,232,0,190,42,0.8189655172413793,0.1810344827586207,21
exaone,xlmr,retrieved,source,age,102,102,0,81,21,0.7941176470588235,0.20588235294117646,21
exaone,xlmr,retrieved,source,race_or_region_of_origin,893,893,0,702,191,0.786114221724524,0.21388577827547592,21
exaone,xlmr,retrieved,source,religion,46,46,0,34,12,0.7391304347826086,0.2608695652173913,21
exaone,xlmr,retrieved,source,politics,1790,1790,0,1403,387,0.7837988826815643,0.21620111731843575,21
exaone,xlmr,retrieved,source,occupation,365,365,0,238,127,0.6520547945205479,0.34794520547945207,21
exaone,xlmr,retrieved,source,disability,99,99,0,64,35,0.6464646464646465,0.35353535353535354,21
exaone,xlmr,retrieved,exaone,gender,232,232,0,97,135,0.41810344827586204,0.5818965517241379,21
exaone,xlmr,retrieved,exaone,age,102,102,0,48,54,0.47058823529411764,0.5294117647058824,21
exaone,xlmr,retrieved,exaone,race_or_region_of_origin,893,893,0,650,243,0.7278835386338186,0.2721164613661814,21
exaone,xlmr,retrieved,exaone,religion,46,46,0,27,19,0.5869565217391305,0.41304347826086957,21
exaone,xlmr,retrieved,exaone,politics,1790,1790,0,1447,343,0.8083798882681564,0.19162011173184357,21
exaone,xlmr,retrieved,exaone,occupation,365,365,0,174,191,0.4767123287671233,0.5232876712328767,21
exaone,xlmr,retrieved,exaone,disability,99,99,0,36,63,0.36363636363636365,0.6363636363636364,21
exaone,xlmr,retrieved,gemma4,gender,232,232,0,171,61,0.7370689655172413,0.2629310344827586,21
exaone,xlmr,retrieved,gemma4,age,102,102,0,58,44,0.5686274509803921,0.43137254901960786,21
exaone,xlmr,retrieved,gemma4,race_or_region_of_origin,893,893,0,603,290,0.6752519596864501,0.3247480403135498,21
exaone,xlmr,retrieved,gemma4,religion,46,46,0,30,16,0.6521739130434783,0.34782608695652173,21
exaone,xlmr,retrieved,gemma4,politics,1790,1790,0,1138,652,0.6357541899441341,0.3642458100558659,21
exaone,xlmr,retrieved,gemma4,occupation,365,365,0,179,186,0.4904109589041096,0.5095890410958904,21
exaone,xlmr,retrieved,gemma4,disability,99,99,0,40,59,0.40404040404040403,0.5959595959595959,21
exaone,xlmr,random,source,gender,232,232,0,192,40,0.8275862068965517,0.1724137931034483,21
exaone,xlmr,random,source,age,102,102,0,77,25,0.7549019607843137,0.24509803921568626,21
exaone,xlmr,random,source,race_or_region_of_origin,893,893,0,745,148,0.8342665173572228,0.16573348264277715,21
exaone,xlmr,random,source,religion,46,46,0,40,6,0.8695652173913043,0.13043478260869565,21
exaone,xlmr,random,source,politics,1790,1790,0,1379,411,0.770391061452514,0.22960893854748604,21
exaone,xlmr,random,source,occupation,365,365,0,278,87,0.7616438356164383,0.23835616438356164,21
exaone,xlmr,random,source,disability,99,99,0,66,33,0.6666666666666666,0.3333333333333333,21
exaone,xlmr,random,exaone,gender,232,232,0,99,133,0.4267241379310345,0.5732758620689655,21
exaone,xlmr,random,exaone,age,102,102,0,70,32,0.6862745098039216,0.3137254901960784,21
exaone,xlmr,random,exaone,race_or_region_of_origin,893,893,0,707,186,0.7917133258678611,0.20828667413213886,21
exaone,xlmr,random,exaone,religion,46,46,0,37,9,0.8043478260869565,0.1956521739130435,21
exaone,xlmr,random,exaone,politics,1790,1790,0,1517,273,0.8474860335195531,0.15251396648044693,21
exaone,xlmr,random,exaone,occupation,365,365,0,204,161,0.5589041095890411,0.4410958904109589,21
exaone,xlmr,random,exaone,disability,99,99,0,59,40,0.5959595959595959,0.40404040404040403,21
exaone,xlmr,random,gemma4,gender,232,232,0,178,54,0.7672413793103449,0.23275862068965517,21
exaone,xlmr,random,gemma4,age,102,102,0,64,38,0.6274509803921569,0.37254901960784315,21
exaone,xlmr,random,gemma4,race_or_region_of_origin,893,893,0,647,246,0.7245240761478163,0.27547592385218367,21
exaone,xlmr,random,gemma4,religion,46,46,0,31,15,0.6739130434782609,0.32608695652173914,21
exaone,xlmr,random,gemma4,politics,1790,1790,0,1206,584,0.6737430167597765,0.32625698324022345,21
exaone,xlmr,random,gemma4,occupation,365,365,0,164,201,0.44931506849315067,0.5506849315068493,21
exaone,xlmr,random,gemma4,disability,99,99,0,52,47,0.5252525252525253,0.47474747474747475,21
exaone,xlmr,retrieved,source,gender,232,232,0,170,62,0.7327586206896551,0.2672413793103448,22
exaone,xlmr,retrieved,source,age,102,102,0,67,35,0.6568627450980392,0.3431372549019608,22
exaone,xlmr,retrieved,source,race_or_region_of_origin,893,893,0,614,279,0.6875699888017918,0.3124300111982083,22
exaone,xlmr,retrieved,source,religion,46,46,0,32,14,0.6956521739130435,0.30434782608695654,22
exaone,xlmr,retrieved,source,politics,1790,1790,0,1102,688,0.6156424581005586,0.3843575418994413,22
exaone,xlmr,retrieved,source,occupation,365,365,0,180,185,0.4931506849315068,0.5068493150684932,22
exaone,xlmr,retrieved,source,disability,99,99,0,53,46,0.5353535353535354,0.46464646464646464,22
exaone,xlmr,retrieved,exaone,gender,232,232,0,69,163,0.2974137931034483,0.7025862068965517,22
exaone,xlmr,retrieved,exaone,age,102,102,0,48,54,0.47058823529411764,0.5294117647058824,22
exaone,xlmr,retrieved,exaone,race_or_region_of_origin,893,893,0,621,272,0.6954087346024636,0.3045912653975364,22
exaone,xlmr,retrieved,exaone,religion,46,46,0,27,19,0.5869565217391305,0.41304347826086957,22
exaone,xlmr,retrieved,exaone,politics,1790,1790,0,1348,442,0.753072625698324,0.24692737430167597,22
exaone,xlmr,retrieved,exaone,occupation,365,365,0,155,210,0.4246575342465753,0.5753424657534246,22
exaone,xlmr,retrieved,exaone,disability,99,99,0,36,63,0.36363636363636365,0.6363636363636364,22
exaone,xlmr,retrieved,gemma4,gender,232,232,0,164,68,0.7068965517241379,0.29310344827586204,22
exaone,xlmr,retrieved,gemma4,age,102,102,0,54,48,0.5294117647058824,0.47058823529411764,22
exaone,xlmr,retrieved,gemma4,race_or_region_of_origin,893,893,0,634,259,0.70996640537514,0.29003359462486,22
exaone,xlmr,retrieved,gemma4,religion,46,46,0,28,18,0.6086956521739131,0.391304347826087,22
exaone,xlmr,retrieved,gemma4,politics,1790,1790,0,1172,618,0.6547486033519553,0.3452513966480447,22
exaone,xlmr,retrieved,gemma4,occupation,365,365,0,155,210,0.4246575342465753,0.5753424657534246,22
exaone,xlmr,retrieved,gemma4,disability,99,99,0,40,59,0.40404040404040403,0.5959595959595959,22
exaone,xlmr,random,source,gender,232,232,0,201,31,0.8663793103448276,0.1336206896551724,22
exaone,xlmr,random,source,age,102,102,0,82,20,0.803921568627451,0.19607843137254902,22
exaone,xlmr,random,source,race_or_region_of_origin,893,893,0,697,196,0.780515117581187,0.21948488241881298,22
exaone,xlmr,random,source,religion,46,46,0,36,10,0.782608695652174,0.21739130434782608,22
exaone,xlmr,random,source,politics,1790,1790,0,1243,547,0.6944134078212291,0.30558659217877093,22
exaone,xlmr,random,source,occupation,365,365,0,210,155,0.5753424657534246,0.4246575342465753,22
exaone,xlmr,random,source,disability,99,99,0,60,39,0.6060606060606061,0.3939393939393939,22
exaone,xlmr,random,exaone,gender,232,232,0,96,136,0.41379310344827586,0.5862068965517241,22
exaone,xlmr,random,exaone,age,102,102,0,54,48,0.5294117647058824,0.47058823529411764,22
exaone,xlmr,random,exaone,race_or_region_of_origin,893,893,0,580,313,0.6494960806270996,0.3505039193729003,22
exaone,xlmr,random,exaone,religion,46,46,0,31,15,0.6739130434782609,0.32608695652173914,22
exaone,xlmr,random,exaone,politics,1790,1790,0,1421,369,0.7938547486033519,0.20614525139664805,22
exaone,xlmr,random,exaone,occupation,365,365,0,176,189,0.4821917808219178,0.5178082191780822,22
exaone,xlmr,random,exaone,disability,99,99,0,39,60,0.3939393939393939,0.6060606060606061,22
exaone,xlmr,random,gemma4,gender,232,232,0,143,89,0.6163793103448276,0.38362068965517243,22
exaone,xlmr,random,gemma4,age,102,102,0,57,45,0.5588235294117647,0.4411764705882353,22
exaone,xlmr,random,gemma4,race_or_region_of_origin,893,893,0,581,312,0.6506159014557671,0.3493840985442329,22
exaone,xlmr,random,gemma4,religion,46,46,0,28,18,0.6086956521739131,0.391304347826087,22
exaone,xlmr,random,gemma4,politics,1790,1790,0,1149,641,0.6418994413407821,0.35810055865921786,22
exaone,xlmr,random,gemma4,occupation,365,365,0,151,214,0.4136986301369863,0.5863013698630137,22
exaone,xlmr,random,gemma4,disability,99,99,0,42,57,0.42424242424242425,0.5757575757575758,22
exaone,xlmr,retrieved,source,gender,232,232,0,186,46,0.8017241379310345,0.19827586206896552,23
exaone,xlmr,retrieved,source,age,102,102,0,85,17,0.8333333333333334,0.16666666666666666,23
exaone,xlmr,retrieved,source,race_or_region_of_origin,893,893,0,727,166,0.8141097424412094,0.1858902575587906,23
exaone,xlmr,retrieved,source,religion,46,46,0,40,6,0.8695652173913043,0.13043478260869565,23
exaone,xlmr,retrieved,source,politics,1790,1790,0,1357,433,0.7581005586592179,0.24189944134078212,23
exaone,xlmr,retrieved,source,occupation,365,365,0,242,123,0.663013698630137,0.336986301369863,23
exaone,xlmr,retrieved,source,disability,99,99,0,63,36,0.6363636363636364,0.36363636363636365,23
exaone,xlmr,retrieved,exaone,gender,232,232,0,67,165,0.28879310344827586,0.7112068965517241,23
exaone,xlmr,retrieved,exaone,age,102,102,0,43,59,0.4215686274509804,0.5784313725490197,23
exaone,xlmr,retrieved,exaone,race_or_region_of_origin,893,893,0,669,224,0.7491601343784995,0.25083986562150057,23
exaone,xlmr,retrieved,exaone,religion,46,46,0,23,23,0.5,0.5,23
exaone,xlmr,retrieved,exaone,politics,1790,1790,0,1373,417,0.7670391061452514,0.2329608938547486,23
exaone,xlmr,retrieved,exaone,occupation,365,365,0,150,215,0.410958904109589,0.589041095890411,23
exaone,xlmr,retrieved,exaone,disability,99,99,0,30,69,0.30303030303030304,0.696969696969697,23
exaone,xlmr,retrieved,gemma4,gender,232,232,0,175,57,0.7543103448275862,0.24568965517241378,23
exaone,xlmr,retrieved,gemma4,age,102,102,0,51,51,0.5,0.5,23
exaone,xlmr,retrieved,gemma4,race_or_region_of_origin,893,893,0,599,294,0.6707726763717805,0.3292273236282195,23
exaone,xlmr,retrieved,gemma4,religion,46,46,0,27,19,0.5869565217391305,0.41304347826086957,23
exaone,xlmr,retrieved,gemma4,politics,1790,1790,0,1194,596,0.6670391061452514,0.3329608938547486,23
exaone,xlmr,retrieved,gemma4,occupation,365,365,0,167,198,0.4575342465753425,0.5424657534246575,23
exaone,xlmr,retrieved,gemma4,disability,99,99,0,43,56,0.43434343434343436,0.5656565656565656,23
exaone,xlmr,random,source,gender,232,232,0,191,41,0.8232758620689655,0.17672413793103448,23
exaone,xlmr,random,source,age,102,102,0,84,18,0.8235294117647058,0.17647058823529413,23
exaone,xlmr,random,source,race_or_region_of_origin,893,893,0,682,211,0.7637178051511758,0.23628219484882418,23
exaone,xlmr,random,source,religion,46,46,0,37,9,0.8043478260869565,0.1956521739130435,23
exaone,xlmr,random,source,politics,1790,1790,0,1271,519,0.7100558659217877,0.2899441340782123,23
exaone,xlmr,random,source,occupation,365,365,0,225,140,0.6164383561643836,0.3835616438356164,23
exaone,xlmr,random,source,disability,99,99,0,62,37,0.6262626262626263,0.37373737373737376,23
exaone,xlmr,random,exaone,gender,232,232,0,118,114,0.5086206896551724,0.49137931034482757,23
exaone,xlmr,random,exaone,age,102,102,0,47,55,0.46078431372549017,0.5392156862745098,23
exaone,xlmr,random,exaone,race_or_region_of_origin,893,893,0,642,251,0.7189249720044792,0.2810750279955207,23
exaone,xlmr,random,exaone,religion,46,46,0,33,13,0.717391304347826,0.2826086956521739,23
exaone,xlmr,random,exaone,politics,1790,1790,0,1408,382,0.7865921787709497,0.21340782122905028,23
exaone,xlmr,random,exaone,occupation,365,365,0,163,202,0.4465753424657534,0.5534246575342465,23
exaone,xlmr,random,exaone,disability,99,99,0,41,58,0.41414141414141414,0.5858585858585859,23
exaone,xlmr,random,gemma4,gender,232,232,0,174,58,0.75,0.25,23
exaone,xlmr,random,gemma4,age,102,102,0,63,39,0.6176470588235294,0.38235294117647056,23
exaone,xlmr,random,gemma4,race_or_region_of_origin,893,893,0,610,283,0.683090705487122,0.3169092945128779,23
exaone,xlmr,random,gemma4,religion,46,46,0,31,15,0.6739130434782609,0.32608695652173914,23
exaone,xlmr,random,gemma4,politics,1790,1790,0,1248,542,0.6972067039106146,0.3027932960893855,23
exaone,xlmr,random,gemma4,occupation,365,365,0,167,198,0.4575342465753425,0.5424657534246575,23
exaone,xlmr,random,gemma4,disability,99,99,0,48,51,0.48484848484848486,0.5151515151515151,23
gemma4,kcelectra,retrieved,source,gender,232,232,0,132,100,0.5689655172413793,0.43103448275862066,1
gemma4,kcelectra,retrieved,source,age,102,102,0,61,41,0.5980392156862745,0.4019607843137255,1
gemma4,kcelectra,retrieved,source,race_or_region_of_origin,893,893,0,615,278,0.6886898096304591,0.3113101903695409,1
gemma4,kcelectra,retrieved,source,religion,46,46,0,26,20,0.5652173913043478,0.43478260869565216,1
gemma4,kcelectra,retrieved,source,politics,1790,1790,0,951,839,0.5312849162011173,0.46871508379888266,1
gemma4,kcelectra,retrieved,source,occupation,365,365,0,168,197,0.4602739726027397,0.5397260273972603,1
gemma4,kcelectra,retrieved,source,disability,99,99,0,60,39,0.6060606060606061,0.3939393939393939,1
gemma4,kcelectra,retrieved,exaone,gender,232,232,0,125,107,0.5387931034482759,0.46120689655172414,1
gemma4,kcelectra,retrieved,exaone,age,102,102,0,68,34,0.6666666666666666,0.3333333333333333,1
gemma4,kcelectra,retrieved,exaone,race_or_region_of_origin,893,893,0,757,136,0.8477043673012318,0.1522956326987682,1
gemma4,kcelectra,retrieved,exaone,religion,46,46,0,27,19,0.5869565217391305,0.41304347826086957,1
gemma4,kcelectra,retrieved,exaone,politics,1790,1790,0,1495,295,0.835195530726257,0.164804469273743,1
gemma4,kcelectra,retrieved,exaone,occupation,365,365,0,248,117,0.6794520547945205,0.32054794520547947,1
gemma4,kcelectra,retrieved,exaone,disability,99,99,0,55,44,0.5555555555555556,0.4444444444444444,1
gemma4,kcelectra,retrieved,gemma4,gender,232,232,0,157,75,0.6767241379310345,0.3232758620689655,1
gemma4,kcelectra,retrieved,gemma4,age,102,102,0,68,34,0.6666666666666666,0.3333333333333333,1
gemma4,kcelectra,retrieved,gemma4,race_or_region_of_origin,893,893,0,750,143,0.8398656215005599,0.1601343784994401,1
gemma4,kcelectra,retrieved,gemma4,religion,46,46,0,34,12,0.7391304347826086,0.2608695652173913,1
gemma4,kcelectra,retrieved,gemma4,politics,1790,1790,0,1261,529,0.7044692737430167,0.29553072625698323,1
gemma4,kcelectra,retrieved,gemma4,occupation,365,365,0,242,123,0.663013698630137,0.336986301369863,1
gemma4,kcelectra,retrieved,gemma4,disability,99,99,0,56,43,0.5656565656565656,0.43434343434343436,1
gemma4,kcelectra,random,source,gender,232,232,0,170,62,0.7327586206896551,0.2672413793103448,1
gemma4,kcelectra,random,source,age,102,102,0,63,39,0.6176470588235294,0.38235294117647056,1
gemma4,kcelectra,random,source,race_or_region_of_origin,893,893,0,578,315,0.6472564389697648,0.3527435610302352,1
gemma4,kcelectra,random,source,religion,46,46,0,31,15,0.6739130434782609,0.32608695652173914,1
gemma4,kcelectra,random,source,politics,1790,1790,0,838,952,0.4681564245810056,0.5318435754189944,1
gemma4,kcelectra,random,source,occupation,365,365,0,156,209,0.4273972602739726,0.5726027397260274,1
gemma4,kcelectra,random,source,disability,99,99,0,52,47,0.5252525252525253,0.47474747474747475,1
gemma4,kcelectra,random,exaone,gender,232,232,0,134,98,0.5775862068965517,0.4224137931034483,1
gemma4,kcelectra,random,exaone,age,102,102,0,65,37,0.6372549019607843,0.3627450980392157,1
gemma4,kcelectra,random,exaone,race_or_region_of_origin,893,893,0,739,154,0.8275475923852184,0.17245240761478164,1
gemma4,kcelectra,random,exaone,religion,46,46,0,37,9,0.8043478260869565,0.1956521739130435,1
gemma4,kcelectra,random,exaone,politics,1790,1790,0,1315,475,0.7346368715083799,0.26536312849162014,1
gemma4,kcelectra,random,exaone,occupation,365,365,0,198,167,0.5424657534246575,0.4575342465753425,1
gemma4,kcelectra,random,exaone,disability,99,99,0,55,44,0.5555555555555556,0.4444444444444444,1
gemma4,kcelectra,random,gemma4,gender,232,232,0,150,82,0.646551724137931,0.35344827586206895,1
gemma4,kcelectra,random,gemma4,age,102,102,0,59,43,0.5784313725490197,0.4215686274509804,1
gemma4,kcelectra,random,gemma4,race_or_region_of_origin,893,893,0,694,199,0.7771556550951848,0.22284434490481522,1
gemma4,kcelectra,random,gemma4,religion,46,46,0,32,14,0.6956521739130435,0.30434782608695654,1
gemma4,kcelectra,random,gemma4,politics,1790,1790,0,959,831,0.535754189944134,0.4642458100558659,1
gemma4,kcelectra,random,gemma4,occupation,365,365,0,179,186,0.4904109589041096,0.5095890410958904,1
gemma4,kcelectra,random,gemma4,disability,99,99,0,49,50,0.494949494949495,0.5050505050505051,1
gemma4,kcelectra,retrieved,source,gender,232,232,0,178,54,0.7672413793103449,0.23275862068965517,2
gemma4,kcelectra,retrieved,source,age,102,102,0,75,27,0.7352941176470589,0.2647058823529412,2
gemma4,kcelectra,retrieved,source,race_or_region_of_origin,893,893,0,713,180,0.7984322508398656,0.20156774916013437,2
gemma4,kcelectra,retrieved,source,religion,46,46,0,37,9,0.8043478260869565,0.1956521739130435,2
gemma4,kcelectra,retrieved,source,politics,1790,1790,0,1205,585,0.6731843575418994,0.3268156424581006,2
gemma4,kcelectra,retrieved,source,occupation,365,365,0,247,118,0.6767123287671233,0.3232876712328767,2
gemma4,kcelectra,retrieved,source,disability,99,99,0,67,32,0.6767676767676768,0.32323232323232326,2
gemma4,kcelectra,retrieved,exaone,gender,232,232,0,134,98,0.5775862068965517,0.4224137931034483,2
gemma4,kcelectra,retrieved,exaone,age,102,102,0,61,41,0.5980392156862745,0.4019607843137255,2
gemma4,kcelectra,retrieved,exaone,race_or_region_of_origin,893,893,0,770,123,0.8622620380739082,0.13773796192609183,2
gemma4,kcelectra,retrieved,exaone,religion,46,46,0,29,17,0.6304347826086957,0.3695652173913043,2
gemma4,kcelectra,retrieved,exaone,politics,1790,1790,0,1370,420,0.7653631284916201,0.2346368715083799,2
gemma4,kcelectra,retrieved,exaone,occupation,365,365,0,217,148,0.5945205479452055,0.4054794520547945,2
gemma4,kcelectra,retrieved,exaone,disability,99,99,0,54,45,0.5454545454545454,0.45454545454545453,2
gemma4,kcelectra,retrieved,gemma4,gender,232,232,0,180,52,0.7758620689655172,0.22413793103448276,2
gemma4,kcelectra,retrieved,gemma4,age,102,102,0,72,30,0.7058823529411765,0.29411764705882354,2
gemma4,kcelectra,retrieved,gemma4,race_or_region_of_origin,893,893,0,750,143,0.8398656215005599,0.1601343784994401,2
gemma4,kcelectra,retrieved,gemma4,religion,46,46,0,36,10,0.782608695652174,0.21739130434782608,2
gemma4,kcelectra,retrieved,gemma4,politics,1790,1790,0,1329,461,0.7424581005586592,0.25754189944134076,2
gemma4,kcelectra,retrieved,gemma4,occupation,365,365,0,233,132,0.6383561643835617,0.36164383561643837,2
gemma4,kcelectra,retrieved,gemma4,disability,99,99,0,54,45,0.5454545454545454,0.45454545454545453,2
gemma4,kcelectra,random,source,gender,232,232,0,176,56,0.7586206896551724,0.2413793103448276,2
gemma4,kcelectra,random,source,age,102,102,0,64,38,0.6274509803921569,0.37254901960784315,2
gemma4,kcelectra,random,source,race_or_region_of_origin,893,893,0,614,279,0.6875699888017918,0.3124300111982083,2
gemma4,kcelectra,random,source,religion,46,46,0,32,14,0.6956521739130435,0.30434782608695654,2
gemma4,kcelectra,random,source,politics,1790,1790,0,965,825,0.5391061452513967,0.46089385474860334,2
gemma4,kcelectra,random,source,occupation,365,365,0,158,207,0.4328767123287671,0.5671232876712329,2
gemma4,kcelectra,random,source,disability,99,99,0,57,42,0.5757575757575758,0.42424242424242425,2
gemma4,kcelectra,random,exaone,gender,232,232,0,125,107,0.5387931034482759,0.46120689655172414,2
gemma4,kcelectra,random,exaone,age,102,102,0,60,42,0.5882352941176471,0.4117647058823529,2
gemma4,kcelectra,random,exaone,race_or_region_of_origin,893,893,0,727,166,0.8141097424412094,0.1858902575587906,2
gemma4,kcelectra,random,exaone,religion,46,46,0,29,17,0.6304347826086957,0.3695652173913043,2
gemma4,kcelectra,random,exaone,politics,1790,1790,0,1315,475,0.7346368715083799,0.26536312849162014,2
gemma4,kcelectra,random,exaone,occupation,365,365,0,225,140,0.6164383561643836,0.3835616438356164,2
gemma4,kcelectra,random,exaone,disability,99,99,0,53,46,0.5353535353535354,0.46464646464646464,2
gemma4,kcelectra,random,gemma4,gender,232,232,0,167,65,0.7198275862068966,0.2801724137931034,2
gemma4,kcelectra,random,gemma4,age,102,102,0,70,32,0.6862745098039216,0.3137254901960784,2
gemma4,kcelectra,random,gemma4,race_or_region_of_origin,893,893,0,730,163,0.8174692049272116,0.18253079507278835,2
gemma4,kcelectra,random,gemma4,religion,46,46,0,32,14,0.6956521739130435,0.30434782608695654,2
gemma4,kcelectra,random,gemma4,politics,1790,1790,0,1231,559,0.6877094972067039,0.31229050279329607,2
gemma4,kcelectra,random,gemma4,occupation,365,365,0,229,136,0.6273972602739726,0.3726027397260274,2
gemma4,kcelectra,random,gemma4,disability,99,99,0,63,36,0.6363636363636364,0.36363636363636365,2
gemma4,kcelectra,retrieved,source,gender,232,232,0,134,98,0.5775862068965517,0.4224137931034483,3
gemma4,kcelectra,retrieved,source,age,102,102,0,49,53,0.4803921568627451,0.5196078431372549,3
gemma4,kcelectra,retrieved,source,race_or_region_of_origin,893,893,0,527,366,0.5901455767077267,0.40985442329227323,3
gemma4,kcelectra,retrieved,source,religion,46,46,0,22,24,0.4782608695652174,0.5217391304347826,3
gemma4,kcelectra,retrieved,source,politics,1790,1790,0,799,991,0.4463687150837989,0.5536312849162012,3
gemma4,kcelectra,retrieved,source,occupation,365,365,0,139,226,0.38082191780821917,0.6191780821917808,3
gemma4,kcelectra,retrieved,source,disability,99,99,0,52,47,0.5252525252525253,0.47474747474747475,3
gemma4,kcelectra,retrieved,exaone,gender,232,232,0,157,75,0.6767241379310345,0.3232758620689655,3
gemma4,kcelectra,retrieved,exaone,age,102,102,0,71,31,0.696078431372549,0.30392156862745096,3
gemma4,kcelectra,retrieved,exaone,race_or_region_of_origin,893,893,0,772,121,0.864501679731243,0.135498320268757,3
gemma4,kcelectra,retrieved,exaone,religion,46,46,0,32,14,0.6956521739130435,0.30434782608695654,3
gemma4,kcelectra,retrieved,exaone,politics,1790,1790,0,1453,337,0.8117318435754189,0.188268156424581,3
gemma4,kcelectra,retrieved,exaone,occupation,365,365,0,255,110,0.6986301369863014,0.3013698630136986,3
gemma4,kcelectra,retrieved,exaone,disability,99,99,0,57,42,0.5757575757575758,0.42424242424242425,3
gemma4,kcelectra,retrieved,gemma4,gender,232,232,0,193,39,0.8318965517241379,0.16810344827586207,3
gemma4,kcelectra,retrieved,gemma4,age,102,102,0,82,20,0.803921568627451,0.19607843137254902,3
gemma4,kcelectra,retrieved,gemma4,race_or_region_of_origin,893,893,0,767,126,0.858902575587906,0.14109742441209405,3
gemma4,kcelectra,retrieved,gemma4,religion,46,46,0,34,12,0.7391304347826086,0.2608695652173913,3
gemma4,kcelectra,retrieved,gemma4,politics,1790,1790,0,1301,489,0.7268156424581006,0.27318435754189946,3
gemma4,kcelectra,retrieved,gemma4,occupation,365,365,0,260,105,0.7123287671232876,0.2876712328767123,3
gemma4,kcelectra,retrieved,gemma4,disability,99,99,0,62,37,0.6262626262626263,0.37373737373737376,3
gemma4,kcelectra,random,source,gender,232,232,0,145,87,0.625,0.375,3
gemma4,kcelectra,random,source,age,102,102,0,43,59,0.4215686274509804,0.5784313725490197,3
gemma4,kcelectra,random,source,race_or_region_of_origin,893,893,0,559,334,0.6259798432250839,0.374020156774916,3
gemma4,kcelectra,random,source,religion,46,46,0,22,24,0.4782608695652174,0.5217391304347826,3
gemma4,kcelectra,random,source,politics,1790,1790,0,773,1017,0.43184357541899443,0.5681564245810056,3
gemma4,kcelectra,random,source,occupation,365,365,0,133,232,0.3643835616438356,0.6356164383561644,3
gemma4,kcelectra,random,source,disability,99,99,0,46,53,0.46464646464646464,0.5353535353535354,3
gemma4,kcelectra,random,exaone,gender,232,232,0,117,115,0.5043103448275862,0.4956896551724138,3
gemma4,kcelectra,random,exaone,age,102,102,0,53,49,0.5196078431372549,0.4803921568627451,3
gemma4,kcelectra,random,exaone,race_or_region_of_origin,893,893,0,735,158,0.8230683090705487,0.1769316909294513,3
gemma4,kcelectra,random,exaone,religion,46,46,0,32,14,0.6956521739130435,0.30434782608695654,3
gemma4,kcelectra,random,exaone,politics,1790,1790,0,1278,512,0.7139664804469273,0.2860335195530726,3
gemma4,kcelectra,random,exaone,occupation,365,365,0,213,152,0.5835616438356165,0.41643835616438357,3
gemma4,kcelectra,random,exaone,disability,99,99,0,53,46,0.5353535353535354,0.46464646464646464,3
gemma4,kcelectra,random,gemma4,gender,232,232,0,170,62,0.7327586206896551,0.2672413793103448,3
gemma4,kcelectra,random,gemma4,age,102,102,0,61,41,0.5980392156862745,0.4019607843137255,3
gemma4,kcelectra,random,gemma4,race_or_region_of_origin,893,893,0,724,169,0.8107502799552072,0.18924972004479285,3
gemma4,kcelectra,random,gemma4,religion,46,46,0,34,12,0.7391304347826086,0.2608695652173913,3
gemma4,kcelectra,random,gemma4,politics,1790,1790,0,1180,610,0.659217877094972,0.3407821229050279,3
gemma4,kcelectra,random,gemma4,occupation,365,365,0,230,135,0.6301369863013698,0.3698630136986301,3
gemma4,kcelectra,random,gemma4,disability,99,99,0,53,46,0.5353535353535354,0.46464646464646464,3
gemma4,kcelectra,retrieved,source,gender,232,232,0,187,45,0.8060344827586207,0.1939655172413793,4
gemma4,kcelectra,retrieved,source,age,102,102,0,65,37,0.6372549019607843,0.3627450980392157,4
gemma4,kcelectra,retrieved,source,race_or_region_of_origin,893,893,0,552,341,0.6181410974244121,0.3818589025755879,4
gemma4,kcelectra,retrieved,source,religion,46,46,0,27,19,0.5869565217391305,0.41304347826086957,4
gemma4,kcelectra,retrieved,source,politics,1790,1790,0,998,792,0.5575418994413408,0.4424581005586592,4
gemma4,kcelectra,retrieved,source,occupation,365,365,0,177,188,0.4849315068493151,0.5150684931506849,4
gemma4,kcelectra,retrieved,source,disability,99,99,0,56,43,0.5656565656565656,0.43434343434343436,4
gemma4,kcelectra,retrieved,exaone,gender,232,232,0,146,86,0.6293103448275862,0.3706896551724138,4
gemma4,kcelectra,retrieved,exaone,age,102,102,0,61,41,0.5980392156862745,0.4019607843137255,4
gemma4,kcelectra,retrieved,exaone,race_or_region_of_origin,893,893,0,754,139,0.8443449048152296,0.15565509518477044,4
gemma4,kcelectra,retrieved,exaone,religion,46,46,0,31,15,0.6739130434782609,0.32608695652173914,4
gemma4,kcelectra,retrieved,exaone,politics,1790,1790,0,1370,420,0.7653631284916201,0.2346368715083799,4
gemma4,kcelectra,retrieved,exaone,occupation,365,365,0,206,159,0.5643835616438356,0.43561643835616437,4
gemma4,kcelectra,retrieved,exaone,disability,99,99,0,52,47,0.5252525252525253,0.47474747474747475,4
gemma4,kcelectra,retrieved,gemma4,gender,232,232,0,188,44,0.8103448275862069,0.1896551724137931,4
gemma4,kcelectra,retrieved,gemma4,age,102,102,0,83,19,0.8137254901960784,0.18627450980392157,4
gemma4,kcelectra,retrieved,gemma4,race_or_region_of_origin,893,893,0,746,147,0.8353863381858903,0.16461366181410975,4
gemma4,kcelectra,retrieved,gemma4,religion,46,46,0,36,10,0.782608695652174,0.21739130434782608,4
gemma4,kcelectra,retrieved,gemma4,politics,1790,1790,0,1284,506,0.71731843575419,0.28268156424581004,4
gemma4,kcelectra,retrieved,gemma4,occupation,365,365,0,235,130,0.6438356164383562,0.3561643835616438,4
gemma4,kcelectra,retrieved,gemma4,disability,99,99,0,57,42,0.5757575757575758,0.42424242424242425,4
gemma4,kcelectra,random,source,gender,232,232,0,181,51,0.7801724137931034,0.21982758620689655,4
gemma4,kcelectra,random,source,age,102,102,0,58,44,0.5686274509803921,0.43137254901960786,4
gemma4,kcelectra,random,source,race_or_region_of_origin,893,893,0,521,372,0.5834266517357223,0.4165733482642777,4
gemma4,kcelectra,random,source,religion,46,46,0,27,19,0.5869565217391305,0.41304347826086957,4
gemma4,kcelectra,random,source,politics,1790,1790,0,724,1066,0.4044692737430168,0.5955307262569832,4
gemma4,kcelectra,random,source,occupation,365,365,0,130,235,0.3561643835616438,0.6438356164383562,4
gemma4,kcelectra,random,source,disability,99,99,0,53,46,0.5353535353535354,0.46464646464646464,4
gemma4,kcelectra,random,exaone,gender,232,232,0,151,81,0.6508620689655172,0.34913793103448276,4
gemma4,kcelectra,random,exaone,age,102,102,0,65,37,0.6372549019607843,0.3627450980392157,4
gemma4,kcelectra,random,exaone,race_or_region_of_origin,893,893,0,776,117,0.8689809630459127,0.13101903695408734,4
gemma4,kcelectra,random,exaone,religion,46,46,0,39,7,0.8478260869565217,0.15217391304347827,4
gemma4,kcelectra,random,exaone,politics,1790,1790,0,1354,436,0.7564245810055866,0.2435754189944134,4
gemma4,kcelectra,random,exaone,occupation,365,365,0,206,159,0.5643835616438356,0.43561643835616437,4
gemma4,kcelectra,random,exaone,disability,99,99,0,56,43,0.5656565656565656,0.43434343434343436,4
gemma4,kcelectra,random,gemma4,gender,232,232,0,192,40,0.8275862068965517,0.1724137931034483,4
gemma4,kcelectra,random,gemma4,age,102,102,0,76,26,0.7450980392156863,0.2549019607843137,4
gemma4,kcelectra,random,gemma4,race_or_region_of_origin,893,893,0,761,132,0.8521836506159015,0.14781634938409854,4
gemma4,kcelectra,random,gemma4,religion,46,46,0,36,10,0.782608695652174,0.21739130434782608,4
gemma4,kcelectra,random,gemma4,politics,1790,1790,0,1202,588,0.6715083798882682,0.32849162011173183,4
gemma4,kcelectra,random,gemma4,occupation,365,365,0,215,150,0.589041095890411,0.410958904109589,4
gemma4,kcelectra,random,gemma4,disability,99,99,0,62,37,0.6262626262626263,0.37373737373737376,4
gemma4,kcelectra,retrieved,source,gender,232,232,0,172,60,0.7413793103448276,0.25862068965517243,5
gemma4,kcelectra,retrieved,source,age,102,102,0,54,48,0.5294117647058824,0.47058823529411764,5
gemma4,kcelectra,retrieved,source,race_or_region_of_origin,893,893,0,560,333,0.6270996640537514,0.3729003359462486,5
gemma4,kcelectra,retrieved,source,religion,46,46,0,28,18,0.6086956521739131,0.391304347826087,5
gemma4,kcelectra,retrieved,source,politics,1790,1790,0,909,881,0.5078212290502794,0.4921787709497207,5
gemma4,kcelectra,retrieved,source,occupation,365,365,0,159,206,0.43561643835616437,0.5643835616438356,5
gemma4,kcelectra,retrieved,source,disability,99,99,0,51,48,0.5151515151515151,0.48484848484848486,5
gemma4,kcelectra,retrieved,exaone,gender,232,232,0,105,127,0.4525862068965517,0.5474137931034483,5
gemma4,kcelectra,retrieved,exaone,age,102,102,0,54,48,0.5294117647058824,0.47058823529411764,5
gemma4,kcelectra,retrieved,exaone,race_or_region_of_origin,893,893,0,741,152,0.8297872340425532,0.1702127659574468,5
gemma4,kcelectra,retrieved,exaone,religion,46,46,0,29,17,0.6304347826086957,0.3695652173913043,5
gemma4,kcelectra,retrieved,exaone,politics,1790,1790,0,1315,475,0.7346368715083799,0.26536312849162014,5
gemma4,kcelectra,retrieved,exaone,occupation,365,365,0,176,189,0.4821917808219178,0.5178082191780822,5
gemma4,kcelectra,retrieved,exaone,disability,99,99,0,47,52,0.47474747474747475,0.5252525252525253,5
gemma4,kcelectra,retrieved,gemma4,gender,232,232,0,160,72,0.6896551724137931,0.3103448275862069,5
gemma4,kcelectra,retrieved,gemma4,age,102,102,0,65,37,0.6372549019607843,0.3627450980392157,5
gemma4,kcelectra,retrieved,gemma4,race_or_region_of_origin,893,893,0,733,160,0.8208286674132139,0.1791713325867861,5
gemma4,kcelectra,retrieved,gemma4,religion,46,46,0,31,15,0.6739130434782609,0.32608695652173914,5
gemma4,kcelectra,retrieved,gemma4,politics,1790,1790,0,1203,587,0.6720670391061453,0.32793296089385476,5
gemma4,kcelectra,retrieved,gemma4,occupation,365,365,0,201,164,0.5506849315068493,0.44931506849315067,5
gemma4,kcelectra,retrieved,gemma4,disability,99,99,0,53,46,0.5353535353535354,0.46464646464646464,5
gemma4,kcelectra,random,source,gender,232,232,0,136,96,0.5862068965517241,0.41379310344827586,5
gemma4,kcelectra,random,source,age,102,102,0,39,63,0.38235294117647056,0.6176470588235294,5
gemma4,kcelectra,random,source,race_or_region_of_origin,893,893,0,449,444,0.5027995520716685,0.49720044792833146,5
gemma4,kcelectra,random,source,religion,46,46,0,18,28,0.391304347826087,0.6086956521739131,5
gemma4,kcelectra,random,source,politics,1790,1790,0,610,1180,0.3407821229050279,0.659217877094972,5
gemma4,kcelectra,random,source,occupation,365,365,0,93,272,0.2547945205479452,0.7452054794520548,5
gemma4,kcelectra,random,source,disability,99,99,0,39,60,0.3939393939393939,0.6060606060606061,5
gemma4,kcelectra,random,exaone,gender,232,232,0,131,101,0.5646551724137931,0.4353448275862069,5
gemma4,kcelectra,random,exaone,age,102,102,0,61,41,0.5980392156862745,0.4019607843137255,5
gemma4,kcelectra,random,exaone,race_or_region_of_origin,893,893,0,760,133,0.851063829787234,0.14893617021276595,5
gemma4,kcelectra,random,exaone,religion,46,46,0,35,11,0.7608695652173914,0.2391304347826087,5
gemma4,kcelectra,random,exaone,politics,1790,1790,0,1269,521,0.7089385474860335,0.2910614525139665,5
gemma4,kcelectra,random,exaone,occupation,365,365,0,190,175,0.5205479452054794,0.4794520547945205,5
gemma4,kcelectra,random,exaone,disability,99,99,0,63,36,0.6363636363636364,0.36363636363636365,5
gemma4,kcelectra,random,gemma4,gender,232,232,0,152,80,0.6551724137931034,0.3448275862068966,5
gemma4,kcelectra,random,gemma4,age,102,102,0,62,40,0.6078431372549019,0.39215686274509803,5
gemma4,kcelectra,random,gemma4,race_or_region_of_origin,893,893,0,710,183,0.7950727883538634,0.20492721164613661,5
gemma4,kcelectra,random,gemma4,religion,46,46,0,33,13,0.717391304347826,0.2826086956521739,5
gemma4,kcelectra,random,gemma4,politics,1790,1790,0,1005,785,0.5614525139664804,0.43854748603351956,5
gemma4,kcelectra,random,gemma4,occupation,365,365,0,160,205,0.4383561643835616,0.5616438356164384,5
gemma4,kcelectra,random,gemma4,disability,99,99,0,49,50,0.494949494949495,0.5050505050505051,5
gemma4,kcelectra,retrieved,source,gender,232,232,0,90,142,0.3879310344827586,0.6120689655172413,6
gemma4,kcelectra,retrieved,source,age,102,102,0,43,59,0.4215686274509804,0.5784313725490197,6
gemma4,kcelectra,retrieved,source,race_or_region_of_origin,893,893,0,388,505,0.43449048152295633,0.5655095184770437,6
gemma4,kcelectra,retrieved,source,religion,46,46,0,15,31,0.32608695652173914,0.6739130434782609,6
gemma4,kcelectra,retrieved,source,politics,1790,1790,0,638,1152,0.3564245810055866,0.6435754189944134,6
gemma4,kcelectra,retrieved,source,occupation,365,365,0,87,278,0.23835616438356164,0.7616438356164383,6
gemma4,kcelectra,retrieved,source,disability,99,99,0,36,63,0.36363636363636365,0.6363636363636364,6
gemma4,kcelectra,retrieved,exaone,gender,232,232,0,94,138,0.4051724137931034,0.5948275862068966,6
gemma4,kcelectra,retrieved,exaone,age,102,102,0,50,52,0.49019607843137253,0.5098039215686274,6
gemma4,kcelectra,retrieved,exaone,race_or_region_of_origin,893,893,0,641,252,0.7178051511758119,0.2821948488241881,6
gemma4,kcelectra,retrieved,exaone,religion,46,46,0,30,16,0.6521739130434783,0.34782608695652173,6
gemma4,kcelectra,retrieved,exaone,politics,1790,1790,0,1283,507,0.7167597765363128,0.28324022346368716,6
gemma4,kcelectra,retrieved,exaone,occupation,365,365,0,189,176,0.5178082191780822,0.4821917808219178,6
gemma4,kcelectra,retrieved,exaone,disability,99,99,0,36,63,0.36363636363636365,0.6363636363636364,6
gemma4,kcelectra,retrieved,gemma4,gender,232,232,0,124,108,0.5344827586206896,0.46551724137931033,6
gemma4,kcelectra,retrieved,gemma4,age,102,102,0,49,53,0.4803921568627451,0.5196078431372549,6
gemma4,kcelectra,retrieved,gemma4,race_or_region_of_origin,893,893,0,595,298,0.6662933930571109,0.3337066069428891,6
gemma4,kcelectra,retrieved,gemma4,religion,46,46,0,28,18,0.6086956521739131,0.391304347826087,6
gemma4,kcelectra,retrieved,gemma4,politics,1790,1790,0,1036,754,0.5787709497206703,0.4212290502793296,6
gemma4,kcelectra,retrieved,gemma4,occupation,365,365,0,157,208,0.4301369863013699,0.5698630136986301,6
gemma4,kcelectra,retrieved,gemma4,disability,99,99,0,32,67,0.32323232323232326,0.6767676767676768,6
gemma4,kcelectra,random,source,gender,232,232,0,100,132,0.43103448275862066,0.5689655172413793,6
gemma4,kcelectra,random,source,age,102,102,0,42,60,0.4117647058823529,0.5882352941176471,6
gemma4,kcelectra,random,source,race_or_region_of_origin,893,893,0,411,482,0.46024636058230683,0.5397536394176932,6
gemma4,kcelectra,random,source,religion,46,46,0,23,23,0.5,0.5,6
gemma4,kcelectra,random,source,politics,1790,1790,0,602,1188,0.33631284916201115,0.6636871508379888,6
gemma4,kcelectra,random,source,occupation,365,365,0,84,281,0.23013698630136986,0.7698630136986301,6
gemma4,kcelectra,random,source,disability,99,99,0,41,58,0.41414141414141414,0.5858585858585859,6
gemma4,kcelectra,random,exaone,gender,232,232,0,62,170,0.2672413793103448,0.7327586206896551,6
gemma4,kcelectra,random,exaone,age,102,102,0,36,66,0.35294117647058826,0.6470588235294118,6
gemma4,kcelectra,random,exaone,race_or_region_of_origin,893,893,0,644,249,0.7211646136618141,0.2788353863381859,6
gemma4,kcelectra,random,exaone,religion,46,46,0,24,22,0.5217391304347826,0.4782608695652174,6
gemma4,kcelectra,random,exaone,politics,1790,1790,0,1008,782,0.5631284916201117,0.43687150837988825,6
gemma4,kcelectra,random,exaone,occupation,365,365,0,126,239,0.3452054794520548,0.6547945205479452,6
gemma4,kcelectra,random,exaone,disability,99,99,0,38,61,0.3838383838383838,0.6161616161616161,6
gemma4,kcelectra,random,gemma4,gender,232,232,0,84,148,0.3620689655172414,0.6379310344827587,6
gemma4,kcelectra,random,gemma4,age,102,102,0,42,60,0.4117647058823529,0.5882352941176471,6
gemma4,kcelectra,random,gemma4,race_or_region_of_origin,893,893,0,493,400,0.5520716685330347,0.4479283314669653,6
gemma4,kcelectra,random,gemma4,religion,46,46,0,20,26,0.43478260869565216,0.5652173913043478,6
gemma4,kcelectra,random,gemma4,politics,1790,1790,0,641,1149,0.35810055865921786,0.6418994413407821,6
gemma4,kcelectra,random,gemma4,occupation,365,365,0,80,285,0.2191780821917808,0.7808219178082192,6
gemma4,kcelectra,random,gemma4,disability,99,99,0,32,67,0.32323232323232326,0.6767676767676768,6
gemma4,kcelectra,retrieved,source,gender,232,232,0,203,29,0.875,0.125,7
gemma4,kcelectra,retrieved,source,age,102,102,0,83,19,0.8137254901960784,0.18627450980392157,7
gemma4,kcelectra,retrieved,source,race_or_region_of_origin,893,893,0,751,142,0.8409854423292273,0.1590145576707727,7
gemma4,kcelectra,retrieved,source,religion,46,46,0,35,11,0.7608695652173914,0.2391304347826087,7
gemma4,kcelectra,retrieved,source,politics,1790,1790,0,1424,366,0.7955307262569833,0.20446927374301677,7
gemma4,kcelectra,retrieved,source,occupation,365,365,0,275,90,0.7534246575342466,0.2465753424657534,7
gemma4,kcelectra,retrieved,source,disability,99,99,0,69,30,0.696969696969697,0.30303030303030304,7
gemma4,kcelectra,retrieved,exaone,gender,232,232,0,140,92,0.603448275862069,0.39655172413793105,7
gemma4,kcelectra,retrieved,exaone,age,102,102,0,68,34,0.6666666666666666,0.3333333333333333,7
gemma4,kcelectra,retrieved,exaone,race_or_region_of_origin,893,893,0,790,103,0.8846584546472565,0.11534154535274356,7
gemma4,kcelectra,retrieved,exaone,religion,46,46,0,33,13,0.717391304347826,0.2826086956521739,7
gemma4,kcelectra,retrieved,exaone,politics,1790,1790,0,1507,283,0.8418994413407821,0.15810055865921788,7
gemma4,kcelectra,retrieved,exaone,occupation,365,365,0,222,143,0.6082191780821918,0.3917808219178082,7
gemma4,kcelectra,retrieved,exaone,disability,99,99,0,61,38,0.6161616161616161,0.3838383838383838,7
gemma4,kcelectra,retrieved,gemma4,gender,232,232,0,163,69,0.7025862068965517,0.2974137931034483,7
gemma4,kcelectra,retrieved,gemma4,age,102,102,0,72,30,0.7058823529411765,0.29411764705882354,7
gemma4,kcelectra,retrieved,gemma4,race_or_region_of_origin,893,893,0,756,137,0.8465845464725644,0.1534154535274356,7
gemma4,kcelectra,retrieved,gemma4,religion,46,46,0,32,14,0.6956521739130435,0.30434782608695654,7
gemma4,kcelectra,retrieved,gemma4,politics,1790,1790,0,1330,460,0.7430167597765364,0.2569832402234637,7
gemma4,kcelectra,retrieved,gemma4,occupation,365,365,0,239,126,0.6547945205479452,0.3452054794520548,7
gemma4,kcelectra,retrieved,gemma4,disability,99,99,0,54,45,0.5454545454545454,0.45454545454545453,7
gemma4,kcelectra,random,source,gender,232,232,0,151,81,0.6508620689655172,0.34913793103448276,7
gemma4,kcelectra,random,source,age,102,102,0,61,41,0.5980392156862745,0.4019607843137255,7
gemma4,kcelectra,random,source,race_or_region_of_origin,893,893,0,571,322,0.6394176931690929,0.36058230683090703,7
gemma4,kcelectra,random,source,religion,46,46,0,27,19,0.5869565217391305,0.41304347826086957,7
gemma4,kcelectra,random,source,politics,1790,1790,0,921,869,0.5145251396648045,0.48547486033519555,7
gemma4,kcelectra,random,source,occupation,365,365,0,144,221,0.39452054794520547,0.6054794520547945,7
gemma4,kcelectra,random,source,disability,99,99,0,53,46,0.5353535353535354,0.46464646464646464,7
gemma4,kcelectra,random,exaone,gender,232,232,0,135,97,0.5818965517241379,0.41810344827586204,7
gemma4,kcelectra,random,exaone,age,102,102,0,73,29,0.7156862745098039,0.28431372549019607,7
gemma4,kcelectra,random,exaone,race_or_region_of_origin,893,893,0,786,107,0.8801791713325868,0.11982082866741321,7
gemma4,kcelectra,random,exaone,religion,46,46,0,41,5,0.8913043478260869,0.10869565217391304,7
gemma4,kcelectra,random,exaone,politics,1790,1790,0,1454,336,0.8122905027932961,0.1877094972067039,7
gemma4,kcelectra,random,exaone,occupation,365,365,0,263,102,0.7205479452054795,0.27945205479452057,7
gemma4,kcelectra,random,exaone,disability,99,99,0,62,37,0.6262626262626263,0.37373737373737376,7
gemma4,kcelectra,random,gemma4,gender,232,232,0,171,61,0.7370689655172413,0.2629310344827586,7
gemma4,kcelectra,random,gemma4,age,102,102,0,74,28,0.7254901960784313,0.27450980392156865,7
gemma4,kcelectra,random,gemma4,race_or_region_of_origin,893,893,0,780,113,0.8734602463605823,0.1265397536394177,7
gemma4,kcelectra,random,gemma4,religion,46,46,0,37,9,0.8043478260869565,0.1956521739130435,7
gemma4,kcelectra,random,gemma4,politics,1790,1790,0,1322,468,0.7385474860335196,0.26145251396648045,7
gemma4,kcelectra,random,gemma4,occupation,365,365,0,215,150,0.589041095890411,0.410958904109589,7
gemma4,kcelectra,random,gemma4,disability,99,99,0,59,40,0.5959595959595959,0.40404040404040403,7
gemma4,kcelectra,retrieved,source,gender,232,232,0,186,46,0.8017241379310345,0.19827586206896552,8
gemma4,kcelectra,retrieved,source,age,102,102,0,70,32,0.6862745098039216,0.3137254901960784,8
gemma4,kcelectra,retrieved,source,race_or_region_of_origin,893,893,0,653,240,0.7312430011198209,0.2687569988801792,8
gemma4,kcelectra,retrieved,source,religion,46,46,0,32,14,0.6956521739130435,0.30434782608695654,8
gemma4,kcelectra,retrieved,source,politics,1790,1790,0,1128,662,0.6301675977653631,0.36983240223463687,8
gemma4,kcelectra,retrieved,source,occupation,365,365,0,196,169,0.536986301369863,0.46301369863013697,8
gemma4,kcelectra,retrieved,source,disability,99,99,0,60,39,0.6060606060606061,0.3939393939393939,8
gemma4,kcelectra,retrieved,exaone,gender,232,232,0,164,68,0.7068965517241379,0.29310344827586204,8
gemma4,kcelectra,retrieved,exaone,age,102,102,0,67,35,0.6568627450980392,0.3431372549019608,8
gemma4,kcelectra,retrieved,exaone,race_or_region_of_origin,893,893,0,804,89,0.9003359462486002,0.09966405375139978,8
gemma4,kcelectra,retrieved,exaone,religion,46,46,0,36,10,0.782608695652174,0.21739130434782608,8
gemma4,kcelectra,retrieved,exaone,politics,1790,1790,0,1517,273,0.8474860335195531,0.15251396648044693,8
gemma4,kcelectra,retrieved,exaone,occupation,365,365,0,247,118,0.6767123287671233,0.3232876712328767,8
gemma4,kcelectra,retrieved,exaone,disability,99,99,0,59,40,0.5959595959595959,0.40404040404040403,8
gemma4,kcelectra,retrieved,gemma4,gender,232,232,0,180,52,0.7758620689655172,0.22413793103448276,8
gemma4,kcelectra,retrieved,gemma4,age,102,102,0,76,26,0.7450980392156863,0.2549019607843137,8
gemma4,kcelectra,retrieved,gemma4,race_or_region_of_origin,893,893,0,768,125,0.8600223964165733,0.13997760358342665,8
gemma4,kcelectra,retrieved,gemma4,religion,46,46,0,34,12,0.7391304347826086,0.2608695652173913,8
gemma4,kcelectra,retrieved,gemma4,politics,1790,1790,0,1360,430,0.7597765363128491,0.24022346368715083,8
gemma4,kcelectra,retrieved,gemma4,occupation,365,365,0,254,111,0.6958904109589041,0.3041095890410959,8
gemma4,kcelectra,retrieved,gemma4,disability,99,99,0,54,45,0.5454545454545454,0.45454545454545453,8
gemma4,kcelectra,random,source,gender,232,232,0,158,74,0.6810344827586207,0.31896551724137934,8
gemma4,kcelectra,random,source,age,102,102,0,69,33,0.6764705882352942,0.3235294117647059,8
gemma4,kcelectra,random,source,race_or_region_of_origin,893,893,0,599,294,0.6707726763717805,0.3292273236282195,8
gemma4,kcelectra,random,source,religion,46,46,0,30,16,0.6521739130434783,0.34782608695652173,8
gemma4,kcelectra,random,source,politics,1790,1790,0,956,834,0.5340782122905028,0.4659217877094972,8
gemma4,kcelectra,random,source,occupation,365,365,0,159,206,0.43561643835616437,0.5643835616438356,8
gemma4,kcelectra,random,source,disability,99,99,0,58,41,0.5858585858585859,0.41414141414141414,8
gemma4,kcelectra,random,exaone,gender,232,232,0,150,82,0.646551724137931,0.35344827586206895,8
gemma4,kcelectra,random,exaone,age,102,102,0,76,26,0.7450980392156863,0.2549019607843137,8
gemma4,kcelectra,random,exaone,race_or_region_of_origin,893,893,0,792,101,0.8868980963045913,0.11310190369540873,8
gemma4,kcelectra,random,exaone,religion,46,46,0,33,13,0.717391304347826,0.2826086956521739,8
gemma4,kcelectra,random,exaone,politics,1790,1790,0,1419,371,0.7927374301675978,0.20726256983240224,8
gemma4,kcelectra,random,exaone,occupation,365,365,0,257,108,0.7041095890410959,0.2958904109589041,8
gemma4,kcelectra,random,exaone,disability,99,99,0,64,35,0.6464646464646465,0.35353535353535354,8
gemma4,kcelectra,random,gemma4,gender,232,232,0,190,42,0.8189655172413793,0.1810344827586207,8
gemma4,kcelectra,random,gemma4,age,102,102,0,81,21,0.7941176470588235,0.20588235294117646,8
gemma4,kcelectra,random,gemma4,race_or_region_of_origin,893,893,0,757,136,0.8477043673012318,0.1522956326987682,8
gemma4,kcelectra,random,gemma4,religion,46,46,0,36,10,0.782608695652174,0.21739130434782608,8
gemma4,kcelectra,random,gemma4,politics,1790,1790,0,1414,376,0.7899441340782123,0.2100558659217877,8
gemma4,kcelectra,random,gemma4,occupation,365,365,0,263,102,0.7205479452054795,0.27945205479452057,8
gemma4,kcelectra,random,gemma4,disability,99,99,0,70,29,0.7070707070707071,0.29292929292929293,8
gemma4,kcelectra,retrieved,source,gender,232,232,0,102,130,0.4396551724137931,0.5603448275862069,9
gemma4,kcelectra,retrieved,source,age,102,102,0,48,54,0.47058823529411764,0.5294117647058824,9
gemma4,kcelectra,retrieved,source,race_or_region_of_origin,893,893,0,388,505,0.43449048152295633,0.5655095184770437,9
gemma4,kcelectra,retrieved,source,religion,46,46,0,21,25,0.45652173913043476,0.5434782608695652,9
gemma4,kcelectra,retrieved,source,politics,1790,1790,0,751,1039,0.4195530726256983,0.5804469273743017,9
gemma4,kcelectra,retrieved,source,occupation,365,365,0,110,255,0.3013698630136986,0.6986301369863014,9
gemma4,kcelectra,retrieved,source,disability,99,99,0,53,46,0.5353535353535354,0.46464646464646464,9
gemma4,kcelectra,retrieved,exaone,gender,232,232,0,119,113,0.5129310344827587,0.4870689655172414,9
gemma4,kcelectra,retrieved,exaone,age,102,102,0,64,38,0.6274509803921569,0.37254901960784315,9
gemma4,kcelectra,retrieved,exaone,race_or_region_of_origin,893,893,0,733,160,0.8208286674132139,0.1791713325867861,9
gemma4,kcelectra,retrieved,exaone,religion,46,46,0,31,15,0.6739130434782609,0.32608695652173914,9
gemma4,kcelectra,retrieved,exaone,politics,1790,1790,0,1417,373,0.7916201117318435,0.20837988826815643,9
gemma4,kcelectra,retrieved,exaone,occupation,365,365,0,186,179,0.5095890410958904,0.4904109589041096,9
gemma4,kcelectra,retrieved,exaone,disability,99,99,0,50,49,0.5050505050505051,0.494949494949495,9
gemma4,kcelectra,retrieved,gemma4,gender,232,232,0,156,76,0.6724137931034483,0.3275862068965517,9
gemma4,kcelectra,retrieved,gemma4,age,102,102,0,63,39,0.6176470588235294,0.38235294117647056,9
gemma4,kcelectra,retrieved,gemma4,race_or_region_of_origin,893,893,0,669,224,0.7491601343784995,0.25083986562150057,9
gemma4,kcelectra,retrieved,gemma4,religion,46,46,0,31,15,0.6739130434782609,0.32608695652173914,9
gemma4,kcelectra,retrieved,gemma4,politics,1790,1790,0,1155,635,0.6452513966480447,0.3547486033519553,9
gemma4,kcelectra,retrieved,gemma4,occupation,365,365,0,168,197,0.4602739726027397,0.5397260273972603,9
gemma4,kcelectra,retrieved,gemma4,disability,99,99,0,56,43,0.5656565656565656,0.43434343434343436,9
gemma4,kcelectra,random,source,gender,232,232,0,123,109,0.5301724137931034,0.4698275862068966,9
gemma4,kcelectra,random,source,age,102,102,0,44,58,0.43137254901960786,0.5686274509803921,9
gemma4,kcelectra,random,source,race_or_region_of_origin,893,893,0,464,429,0.5195968645016797,0.48040313549832026,9
gemma4,kcelectra,random,source,religion,46,46,0,22,24,0.4782608695652174,0.5217391304347826,9
gemma4,kcelectra,random,source,politics,1790,1790,0,705,1085,0.39385474860335196,0.6061452513966481,9
gemma4,kcelectra,random,source,occupation,365,365,0,98,267,0.2684931506849315,0.7315068493150685,9
gemma4,kcelectra,random,source,disability,99,99,0,47,52,0.47474747474747475,0.5252525252525253,9
gemma4,kcelectra,random,exaone,gender,232,232,0,144,88,0.6206896551724138,0.3793103448275862,9
gemma4,kcelectra,random,exaone,age,102,102,0,68,34,0.6666666666666666,0.3333333333333333,9
gemma4,kcelectra,random,exaone,race_or_region_of_origin,893,893,0,753,140,0.8432250839865622,0.15677491601343785,9
gemma4,kcelectra,random,exaone,religion,46,46,0,33,13,0.717391304347826,0.2826086956521739,9
gemma4,kcelectra,random,exaone,politics,1790,1790,0,1461,329,0.8162011173184358,0.18379888268156425,9
gemma4,kcelectra,random,exaone,occupation,365,365,0,213,152,0.5835616438356165,0.41643835616438357,9
gemma4,kcelectra,random,exaone,disability,99,99,0,61,38,0.6161616161616161,0.3838383838383838,9
gemma4,kcelectra,random,gemma4,gender,232,232,0,173,59,0.7456896551724138,0.2543103448275862,9
gemma4,kcelectra,random,gemma4,age,102,102,0,72,30,0.7058823529411765,0.29411764705882354,9
gemma4,kcelectra,random,gemma4,race_or_region_of_origin,893,893,0,702,191,0.786114221724524,0.21388577827547592,9
gemma4,kcelectra,random,gemma4,religion,46,46,0,40,6,0.8695652173913043,0.13043478260869565,9
gemma4,kcelectra,random,gemma4,politics,1790,1790,0,1101,689,0.6150837988826816,0.38491620111731845,9
gemma4,kcelectra,random,gemma4,occupation,365,365,0,169,196,0.46301369863013697,0.536986301369863,9
gemma4,kcelectra,random,gemma4,disability,99,99,0,56,43,0.5656565656565656,0.43434343434343436,9
gemma4,kcelectra,retrieved,source,gender,232,232,0,166,66,0.7155172413793104,0.28448275862068967,10
gemma4,kcelectra,retrieved,source,age,102,102,0,68,34,0.6666666666666666,0.3333333333333333,10
gemma4,kcelectra,retrieved,source,race_or_region_of_origin,893,893,0,646,247,0.723404255319149,0.2765957446808511,10
gemma4,kcelectra,retrieved,source,religion,46,46,0,29,17,0.6304347826086957,0.3695652173913043,10
gemma4,kcelectra,retrieved,source,politics,1790,1790,0,1005,785,0.5614525139664804,0.43854748603351956,10
gemma4,kcelectra,retrieved,source,occupation,365,365,0,183,182,0.5013698630136987,0.4986301369863014,10
gemma4,kcelectra,retrieved,source,disability,99,99,0,64,35,0.6464646464646465,0.35353535353535354,10
gemma4,kcelectra,retrieved,exaone,gender,232,232,0,167,65,0.7198275862068966,0.2801724137931034,10
gemma4,kcelectra,retrieved,exaone,age,102,102,0,72,30,0.7058823529411765,0.29411764705882354,10
gemma4,kcelectra,retrieved,exaone,race_or_region_of_origin,893,893,0,794,99,0.8891377379619261,0.11086226203807391,10
gemma4,kcelectra,retrieved,exaone,religion,46,46,0,34,12,0.7391304347826086,0.2608695652173913,10
gemma4,kcelectra,retrieved,exaone,politics,1790,1790,0,1594,196,0.8905027932960894,0.10949720670391061,10
gemma4,kcelectra,retrieved,exaone,occupation,365,365,0,269,96,0.736986301369863,0.26301369863013696,10
gemma4,kcelectra,retrieved,exaone,disability,99,99,0,66,33,0.6666666666666666,0.3333333333333333,10
gemma4,kcelectra,retrieved,gemma4,gender,232,232,0,185,47,0.7974137931034483,0.2025862068965517,10
gemma4,kcelectra,retrieved,gemma4,age,102,102,0,76,26,0.7450980392156863,0.2549019607843137,10
gemma4,kcelectra,retrieved,gemma4,race_or_region_of_origin,893,893,0,768,125,0.8600223964165733,0.13997760358342665,10
gemma4,kcelectra,retrieved,gemma4,religion,46,46,0,34,12,0.7391304347826086,0.2608695652173913,10
gemma4,kcelectra,retrieved,gemma4,politics,1790,1790,0,1454,336,0.8122905027932961,0.1877094972067039,10
gemma4,kcelectra,retrieved,gemma4,occupation,365,365,0,260,105,0.7123287671232876,0.2876712328767123,10
gemma4,kcelectra,retrieved,gemma4,disability,99,99,0,64,35,0.6464646464646465,0.35353535353535354,10
gemma4,kcelectra,random,source,gender,232,232,0,186,46,0.8017241379310345,0.19827586206896552,10
gemma4,kcelectra,random,source,age,102,102,0,74,28,0.7254901960784313,0.27450980392156865,10
gemma4,kcelectra,random,source,race_or_region_of_origin,893,893,0,685,208,0.7670772676371781,0.23292273236282196,10
gemma4,kcelectra,random,source,religion,46,46,0,28,18,0.6086956521739131,0.391304347826087,10
gemma4,kcelectra,random,source,politics,1790,1790,0,1180,610,0.659217877094972,0.3407821229050279,10
gemma4,kcelectra,random,source,occupation,365,365,0,199,166,0.5452054794520548,0.4547945205479452,10
gemma4,kcelectra,random,source,disability,99,99,0,61,38,0.6161616161616161,0.3838383838383838,10
gemma4,kcelectra,random,exaone,gender,232,232,0,163,69,0.7025862068965517,0.2974137931034483,10
gemma4,kcelectra,random,exaone,age,102,102,0,74,28,0.7254901960784313,0.27450980392156865,10
gemma4,kcelectra,random,exaone,race_or_region_of_origin,893,893,0,782,111,0.8756998880179171,0.12430011198208286,10
gemma4,kcelectra,random,exaone,religion,46,46,0,34,12,0.7391304347826086,0.2608695652173913,10
gemma4,kcelectra,random,exaone,politics,1790,1790,0,1567,223,0.8754189944134079,0.12458100558659217,10
gemma4,kcelectra,random,exaone,occupation,365,365,0,279,86,0.7643835616438356,0.2356164383561644,10
gemma4,kcelectra,random,exaone,disability,99,99,0,69,30,0.696969696969697,0.30303030303030304,10
gemma4,kcelectra,random,gemma4,gender,232,232,0,192,40,0.8275862068965517,0.1724137931034483,10
gemma4,kcelectra,random,gemma4,age,102,102,0,79,23,0.7745098039215687,0.22549019607843138,10
gemma4,kcelectra,random,gemma4,race_or_region_of_origin,893,893,0,788,105,0.8824188129899216,0.11758118701007839,10
gemma4,kcelectra,random,gemma4,religion,46,46,0,36,10,0.782608695652174,0.21739130434782608,10
gemma4,kcelectra,random,gemma4,politics,1790,1790,0,1457,333,0.8139664804469273,0.18603351955307262,10
gemma4,kcelectra,random,gemma4,occupation,365,365,0,281,84,0.7698630136986301,0.23013698630136986,10
gemma4,kcelectra,random,gemma4,disability,99,99,0,67,32,0.6767676767676768,0.32323232323232326,10
gemma4,kcelectra,retrieved,source,gender,232,232,0,171,61,0.7370689655172413,0.2629310344827586,11
gemma4,kcelectra,retrieved,source,age,102,102,0,73,29,0.7156862745098039,0.28431372549019607,11
gemma4,kcelectra,retrieved,source,race_or_region_of_origin,893,893,0,608,285,0.6808510638297872,0.3191489361702128,11
gemma4,kcelectra,retrieved,source,religion,46,46,0,24,22,0.5217391304347826,0.4782608695652174,11
gemma4,kcelectra,retrieved,source,politics,1790,1790,0,1086,704,0.6067039106145251,0.39329608938547483,11
gemma4,kcelectra,retrieved,source,occupation,365,365,0,216,149,0.5917808219178082,0.40821917808219177,11
gemma4,kcelectra,retrieved,source,disability,99,99,0,63,36,0.6363636363636364,0.36363636363636365,11
gemma4,kcelectra,retrieved,exaone,gender,232,232,0,131,101,0.5646551724137931,0.4353448275862069,11
gemma4,kcelectra,retrieved,exaone,age,102,102,0,63,39,0.6176470588235294,0.38235294117647056,11
gemma4,kcelectra,retrieved,exaone,race_or_region_of_origin,893,893,0,719,174,0.8051511758118701,0.1948488241881299,11
gemma4,kcelectra,retrieved,exaone,religion,46,46,0,29,17,0.6304347826086957,0.3695652173913043,11
gemma4,kcelectra,retrieved,exaone,politics,1790,1790,0,1338,452,0.7474860335195531,0.25251396648044694,11
gemma4,kcelectra,retrieved,exaone,occupation,365,365,0,202,163,0.5534246575342465,0.4465753424657534,11
gemma4,kcelectra,retrieved,exaone,disability,99,99,0,54,45,0.5454545454545454,0.45454545454545453,11
gemma4,kcelectra,retrieved,gemma4,gender,232,232,0,167,65,0.7198275862068966,0.2801724137931034,11
gemma4,kcelectra,retrieved,gemma4,age,102,102,0,72,30,0.7058823529411765,0.29411764705882354,11
gemma4,kcelectra,retrieved,gemma4,race_or_region_of_origin,893,893,0,687,206,0.7693169092945129,0.23068309070548712,11
gemma4,kcelectra,retrieved,gemma4,religion,46,46,0,28,18,0.6086956521739131,0.391304347826087,11
gemma4,kcelectra,retrieved,gemma4,politics,1790,1790,0,1267,523,0.7078212290502793,0.29217877094972067,11
gemma4,kcelectra,retrieved,gemma4,occupation,365,365,0,220,145,0.6027397260273972,0.3972602739726027,11
gemma4,kcelectra,retrieved,gemma4,disability,99,99,0,48,51,0.48484848484848486,0.5151515151515151,11
gemma4,kcelectra,random,source,gender,232,232,0,177,55,0.7629310344827587,0.23706896551724138,11
gemma4,kcelectra,random,source,age,102,102,0,72,30,0.7058823529411765,0.29411764705882354,11
gemma4,kcelectra,random,source,race_or_region_of_origin,893,893,0,617,276,0.6909294512877939,0.3090705487122061,11
gemma4,kcelectra,random,source,religion,46,46,0,27,19,0.5869565217391305,0.41304347826086957,11
gemma4,kcelectra,random,source,politics,1790,1790,0,992,798,0.5541899441340782,0.44581005586592176,11
gemma4,kcelectra,random,source,occupation,365,365,0,198,167,0.5424657534246575,0.4575342465753425,11
gemma4,kcelectra,random,source,disability,99,99,0,67,32,0.6767676767676768,0.32323232323232326,11
gemma4,kcelectra,random,exaone,gender,232,232,0,124,108,0.5344827586206896,0.46551724137931033,11
gemma4,kcelectra,random,exaone,age,102,102,0,59,43,0.5784313725490197,0.4215686274509804,11
gemma4,kcelectra,random,exaone,race_or_region_of_origin,893,893,0,727,166,0.8141097424412094,0.1858902575587906,11
gemma4,kcelectra,random,exaone,religion,46,46,0,28,18,0.6086956521739131,0.391304347826087,11
gemma4,kcelectra,random,exaone,politics,1790,1790,0,1105,685,0.61731843575419,0.38268156424581007,11
gemma4,kcelectra,random,exaone,occupation,365,365,0,194,171,0.5315068493150685,0.4684931506849315,11
gemma4,kcelectra,random,exaone,disability,99,99,0,52,47,0.5252525252525253,0.47474747474747475,11
gemma4,kcelectra,random,gemma4,gender,232,232,0,160,72,0.6896551724137931,0.3103448275862069,11
gemma4,kcelectra,random,gemma4,age,102,102,0,67,35,0.6568627450980392,0.3431372549019608,11
gemma4,kcelectra,random,gemma4,race_or_region_of_origin,893,893,0,664,229,0.7435610302351624,0.2564389697648376,11
gemma4,kcelectra,random,gemma4,religion,46,46,0,30,16,0.6521739130434783,0.34782608695652173,11
gemma4,kcelectra,random,gemma4,politics,1790,1790,0,999,791,0.5581005586592179,0.44189944134078213,11
gemma4,kcelectra,random,gemma4,occupation,365,365,0,199,166,0.5452054794520548,0.4547945205479452,11
gemma4,kcelectra,random,gemma4,disability,99,99,0,60,39,0.6060606060606061,0.3939393939393939,11
gemma4,kcelectra,retrieved,source,gender,232,232,0,165,67,0.7112068965517241,0.28879310344827586,12
gemma4,kcelectra,retrieved,source,age,102,102,0,64,38,0.6274509803921569,0.37254901960784315,12
gemma4,kcelectra,retrieved,source,race_or_region_of_origin,893,893,0,521,372,0.5834266517357223,0.4165733482642777,12
gemma4,kcelectra,retrieved,source,religion,46,46,0,27,19,0.5869565217391305,0.41304347826086957,12
gemma4,kcelectra,retrieved,source,politics,1790,1790,0,944,846,0.5273743016759777,0.47262569832402235,12
gemma4,kcelectra,retrieved,source,occupation,365,365,0,166,199,0.4547945205479452,0.5452054794520548,12
gemma4,kcelectra,retrieved,source,disability,99,99,0,49,50,0.494949494949495,0.5050505050505051,12
gemma4,kcelectra,retrieved,exaone,gender,232,232,0,171,61,0.7370689655172413,0.2629310344827586,12
gemma4,kcelectra,retrieved,exaone,age,102,102,0,79,23,0.7745098039215687,0.22549019607843138,12
gemma4,kcelectra,retrieved,exaone,race_or_region_of_origin,893,893,0,803,90,0.8992161254199328,0.10078387458006718,12
gemma4,kcelectra,retrieved,exaone,religion,46,46,0,35,11,0.7608695652173914,0.2391304347826087,12
gemma4,kcelectra,retrieved,exaone,politics,1790,1790,0,1604,186,0.8960893854748604,0.10391061452513967,12
gemma4,kcelectra,retrieved,exaone,occupation,365,365,0,270,95,0.7397260273972602,0.2602739726027397,12
gemma4,kcelectra,retrieved,exaone,disability,99,99,0,63,36,0.6363636363636364,0.36363636363636365,12
gemma4,kcelectra,retrieved,gemma4,gender,232,232,0,188,44,0.8103448275862069,0.1896551724137931,12
gemma4,kcelectra,retrieved,gemma4,age,102,102,0,82,20,0.803921568627451,0.19607843137254902,12
gemma4,kcelectra,retrieved,gemma4,race_or_region_of_origin,893,893,0,762,131,0.8533034714445689,0.14669652855543114,12
gemma4,kcelectra,retrieved,gemma4,religion,46,46,0,37,9,0.8043478260869565,0.1956521739130435,12
gemma4,kcelectra,retrieved,gemma4,politics,1790,1790,0,1390,400,0.776536312849162,0.22346368715083798,12
gemma4,kcelectra,retrieved,gemma4,occupation,365,365,0,262,103,0.7178082191780822,0.2821917808219178,12
gemma4,kcelectra,retrieved,gemma4,disability,99,99,0,65,34,0.6565656565656566,0.3434343434343434,12
gemma4,kcelectra,random,source,gender,232,232,0,181,51,0.7801724137931034,0.21982758620689655,12
gemma4,kcelectra,random,source,age,102,102,0,77,25,0.7549019607843137,0.24509803921568626,12
gemma4,kcelectra,random,source,race_or_region_of_origin,893,893,0,594,299,0.6651735722284434,0.3348264277715566,12
gemma4,kcelectra,random,source,religion,46,46,0,32,14,0.6956521739130435,0.30434782608695654,12
gemma4,kcelectra,random,source,politics,1790,1790,0,1036,754,0.5787709497206703,0.4212290502793296,12
gemma4,kcelectra,random,source,occupation,365,365,0,192,173,0.5260273972602739,0.473972602739726,12
gemma4,kcelectra,random,source,disability,99,99,0,64,35,0.6464646464646465,0.35353535353535354,12
gemma4,kcelectra,random,exaone,gender,232,232,0,180,52,0.7758620689655172,0.22413793103448276,12
gemma4,kcelectra,random,exaone,age,102,102,0,84,18,0.8235294117647058,0.17647058823529413,12
gemma4,kcelectra,random,exaone,race_or_region_of_origin,893,893,0,796,97,0.8913773796192609,0.10862262038073908,12
gemma4,kcelectra,random,exaone,religion,46,46,0,37,9,0.8043478260869565,0.1956521739130435,12
gemma4,kcelectra,random,exaone,politics,1790,1790,0,1563,227,0.8731843575418995,0.12681564245810056,12
gemma4,kcelectra,random,exaone,occupation,365,365,0,282,83,0.7726027397260274,0.2273972602739726,12
gemma4,kcelectra,random,exaone,disability,99,99,0,72,27,0.7272727272727273,0.2727272727272727,12
gemma4,kcelectra,random,gemma4,gender,232,232,0,189,43,0.8146551724137931,0.1853448275862069,12
gemma4,kcelectra,random,gemma4,age,102,102,0,78,24,0.7647058823529411,0.23529411764705882,12
gemma4,kcelectra,random,gemma4,race_or_region_of_origin,893,893,0,770,123,0.8622620380739082,0.13773796192609183,12
gemma4,kcelectra,random,gemma4,religion,46,46,0,35,11,0.7608695652173914,0.2391304347826087,12
gemma4,kcelectra,random,gemma4,politics,1790,1790,0,1401,389,0.78268156424581,0.21731843575418994,12
gemma4,kcelectra,random,gemma4,occupation,365,365,0,267,98,0.7315068493150685,0.2684931506849315,12
gemma4,kcelectra,random,gemma4,disability,99,99,0,67,32,0.6767676767676768,0.32323232323232326,12
gemma4,kcelectra,retrieved,source,gender,232,232,0,149,83,0.6422413793103449,0.3577586206896552,13
gemma4,kcelectra,retrieved,source,age,102,102,0,53,49,0.5196078431372549,0.4803921568627451,13
gemma4,kcelectra,retrieved,source,race_or_region_of_origin,893,893,0,527,366,0.5901455767077267,0.40985442329227323,13
gemma4,kcelectra,retrieved,source,religion,46,46,0,23,23,0.5,0.5,13
gemma4,kcelectra,retrieved,source,politics,1790,1790,0,968,822,0.5407821229050279,0.4592178770949721,13
gemma4,kcelectra,retrieved,source,occupation,365,365,0,166,199,0.4547945205479452,0.5452054794520548,13
gemma4,kcelectra,retrieved,source,disability,99,99,0,57,42,0.5757575757575758,0.42424242424242425,13
gemma4,kcelectra,retrieved,exaone,gender,232,232,0,121,111,0.521551724137931,0.47844827586206895,13
gemma4,kcelectra,retrieved,exaone,age,102,102,0,66,36,0.6470588235294118,0.35294117647058826,13
gemma4,kcelectra,retrieved,exaone,race_or_region_of_origin,893,893,0,716,177,0.8017917133258678,0.19820828667413215,13
gemma4,kcelectra,retrieved,exaone,religion,46,46,0,29,17,0.6304347826086957,0.3695652173913043,13
gemma4,kcelectra,retrieved,exaone,politics,1790,1790,0,1357,433,0.7581005586592179,0.24189944134078212,13
gemma4,kcelectra,retrieved,exaone,occupation,365,365,0,210,155,0.5753424657534246,0.4246575342465753,13
gemma4,kcelectra,retrieved,exaone,disability,99,99,0,51,48,0.5151515151515151,0.48484848484848486,13
gemma4,kcelectra,retrieved,gemma4,gender,232,232,0,170,62,0.7327586206896551,0.2672413793103448,13
gemma4,kcelectra,retrieved,gemma4,age,102,102,0,66,36,0.6470588235294118,0.35294117647058826,13
gemma4,kcelectra,retrieved,gemma4,race_or_region_of_origin,893,893,0,715,178,0.8006718924972005,0.19932810750279956,13
gemma4,kcelectra,retrieved,gemma4,religion,46,46,0,31,15,0.6739130434782609,0.32608695652173914,13
gemma4,kcelectra,retrieved,gemma4,politics,1790,1790,0,1186,604,0.6625698324022347,0.33743016759776534,13
gemma4,kcelectra,retrieved,gemma4,occupation,365,365,0,203,162,0.5561643835616439,0.4438356164383562,13
gemma4,kcelectra,retrieved,gemma4,disability,99,99,0,48,51,0.48484848484848486,0.5151515151515151,13
gemma4,kcelectra,random,source,gender,232,232,0,131,101,0.5646551724137931,0.4353448275862069,13
gemma4,kcelectra,random,source,age,102,102,0,54,48,0.5294117647058824,0.47058823529411764,13
gemma4,kcelectra,random,source,race_or_region_of_origin,893,893,0,495,398,0.5543113101903695,0.44568868980963045,13
gemma4,kcelectra,random,source,religion,46,46,0,22,24,0.4782608695652174,0.5217391304347826,13
gemma4,kcelectra,random,source,politics,1790,1790,0,832,958,0.464804469273743,0.535195530726257,13
gemma4,kcelectra,random,source,occupation,365,365,0,155,210,0.4246575342465753,0.5753424657534246,13
gemma4,kcelectra,random,source,disability,99,99,0,49,50,0.494949494949495,0.5050505050505051,13
gemma4,kcelectra,random,exaone,gender,232,232,0,121,111,0.521551724137931,0.47844827586206895,13
gemma4,kcelectra,random,exaone,age,102,102,0,65,37,0.6372549019607843,0.3627450980392157,13
gemma4,kcelectra,random,exaone,race_or_region_of_origin,893,893,0,703,190,0.7872340425531915,0.2127659574468085,13
gemma4,kcelectra,random,exaone,religion,46,46,0,29,17,0.6304347826086957,0.3695652173913043,13
gemma4,kcelectra,random,exaone,politics,1790,1790,0,1348,442,0.753072625698324,0.24692737430167597,13
gemma4,kcelectra,random,exaone,occupation,365,365,0,203,162,0.5561643835616439,0.4438356164383562,13
gemma4,kcelectra,random,exaone,disability,99,99,0,47,52,0.47474747474747475,0.5252525252525253,13
gemma4,kcelectra,random,gemma4,gender,232,232,0,144,88,0.6206896551724138,0.3793103448275862,13
gemma4,kcelectra,random,gemma4,age,102,102,0,57,45,0.5588235294117647,0.4411764705882353,13
gemma4,kcelectra,random,gemma4,race_or_region_of_origin,893,893,0,648,245,0.7256438969764838,0.27435610302351626,13
gemma4,kcelectra,random,gemma4,religion,46,46,0,28,18,0.6086956521739131,0.391304347826087,13
gemma4,kcelectra,random,gemma4,politics,1790,1790,0,1216,574,0.6793296089385474,0.3206703910614525,13
gemma4,kcelectra,random,gemma4,occupation,365,365,0,191,174,0.5232876712328767,0.4767123287671233,13
gemma4,kcelectra,random,gemma4,disability,99,99,0,45,54,0.45454545454545453,0.5454545454545454,13
gemma4,kcelectra,retrieved,source,gender,232,232,0,119,113,0.5129310344827587,0.4870689655172414,14
gemma4,kcelectra,retrieved,source,age,102,102,0,54,48,0.5294117647058824,0.47058823529411764,14
gemma4,kcelectra,retrieved,source,race_or_region_of_origin,893,893,0,563,330,0.6304591265397537,0.36954087346024633,14
gemma4,kcelectra,retrieved,source,religion,46,46,0,26,20,0.5652173913043478,0.43478260869565216,14
gemma4,kcelectra,retrieved,source,politics,1790,1790,0,964,826,0.5385474860335195,0.46145251396648046,14
gemma4,kcelectra,retrieved,source,occupation,365,365,0,148,217,0.4054794520547945,0.5945205479452055,14
gemma4,kcelectra,retrieved,source,disability,99,99,0,56,43,0.5656565656565656,0.43434343434343436,14
gemma4,kcelectra,retrieved,exaone,gender,232,232,0,153,79,0.6594827586206896,0.34051724137931033,14
gemma4,kcelectra,retrieved,exaone,age,102,102,0,72,30,0.7058823529411765,0.29411764705882354,14
gemma4,kcelectra,retrieved,exaone,race_or_region_of_origin,893,893,0,816,77,0.9137737961926092,0.08622620380739082,14
gemma4,kcelectra,retrieved,exaone,religion,46,46,0,36,10,0.782608695652174,0.21739130434782608,14
gemma4,kcelectra,retrieved,exaone,politics,1790,1790,0,1589,201,0.8877094972067039,0.1122905027932961,14
gemma4,kcelectra,retrieved,exaone,occupation,365,365,0,262,103,0.7178082191780822,0.2821917808219178,14
gemma4,kcelectra,retrieved,exaone,disability,99,99,0,59,40,0.5959595959595959,0.40404040404040403,14
gemma4,kcelectra,retrieved,gemma4,gender,232,232,0,184,48,0.7931034482758621,0.20689655172413793,14
gemma4,kcelectra,retrieved,gemma4,age,102,102,0,78,24,0.7647058823529411,0.23529411764705882,14
gemma4,kcelectra,retrieved,gemma4,race_or_region_of_origin,893,893,0,785,108,0.8790593505039194,0.12094064949608063,14
gemma4,kcelectra,retrieved,gemma4,religion,46,46,0,35,11,0.7608695652173914,0.2391304347826087,14
gemma4,kcelectra,retrieved,gemma4,politics,1790,1790,0,1386,404,0.7743016759776536,0.22569832402234638,14
gemma4,kcelectra,retrieved,gemma4,occupation,365,365,0,259,106,0.7095890410958904,0.29041095890410956,14
gemma4,kcelectra,retrieved,gemma4,disability,99,99,0,64,35,0.6464646464646465,0.35353535353535354,14
gemma4,kcelectra,random,source,gender,232,232,0,140,92,0.603448275862069,0.39655172413793105,14
gemma4,kcelectra,random,source,age,102,102,0,50,52,0.49019607843137253,0.5098039215686274,14
gemma4,kcelectra,random,source,race_or_region_of_origin,893,893,0,560,333,0.6270996640537514,0.3729003359462486,14
gemma4,kcelectra,random,source,religion,46,46,0,27,19,0.5869565217391305,0.41304347826086957,14
gemma4,kcelectra,random,source,politics,1790,1790,0,1015,775,0.5670391061452514,0.4329608938547486,14
gemma4,kcelectra,random,source,occupation,365,365,0,149,216,0.40821917808219177,0.5917808219178082,14
gemma4,kcelectra,random,source,disability,99,99,0,59,40,0.5959595959595959,0.40404040404040403,14
gemma4,kcelectra,random,exaone,gender,232,232,0,151,81,0.6508620689655172,0.34913793103448276,14
gemma4,kcelectra,random,exaone,age,102,102,0,68,34,0.6666666666666666,0.3333333333333333,14
gemma4,kcelectra,random,exaone,race_or_region_of_origin,893,893,0,785,108,0.8790593505039194,0.12094064949608063,14
gemma4,kcelectra,random,exaone,religion,46,46,0,35,11,0.7608695652173914,0.2391304347826087,14
gemma4,kcelectra,random,exaone,politics,1790,1790,0,1508,282,0.8424581005586592,0.15754189944134078,14
gemma4,kcelectra,random,exaone,occupation,365,365,0,279,86,0.7643835616438356,0.2356164383561644,14
gemma4,kcelectra,random,exaone,disability,99,99,0,71,28,0.7171717171717171,0.2828282828282828,14
gemma4,kcelectra,random,gemma4,gender,232,232,0,151,81,0.6508620689655172,0.34913793103448276,14
gemma4,kcelectra,random,gemma4,age,102,102,0,70,32,0.6862745098039216,0.3137254901960784,14
gemma4,kcelectra,random,gemma4,race_or_region_of_origin,893,893,0,725,168,0.8118701007838746,0.1881298992161254,14
gemma4,kcelectra,random,gemma4,religion,46,46,0,33,13,0.717391304347826,0.2826086956521739,14
gemma4,kcelectra,random,gemma4,politics,1790,1790,0,1298,492,0.7251396648044692,0.2748603351955307,14
gemma4,kcelectra,random,gemma4,occupation,365,365,0,243,122,0.6657534246575343,0.33424657534246577,14
gemma4,kcelectra,random,gemma4,disability,99,99,0,55,44,0.5555555555555556,0.4444444444444444,14
gemma4,kcelectra,retrieved,source,gender,232,232,0,168,64,0.7241379310344828,0.27586206896551724,15
gemma4,kcelectra,retrieved,source,age,102,102,0,60,42,0.5882352941176471,0.4117647058823529,15
gemma4,kcelectra,retrieved,source,race_or_region_of_origin,893,893,0,524,369,0.5867861142217246,0.4132138857782755,15
gemma4,kcelectra,retrieved,source,religion,46,46,0,22,24,0.4782608695652174,0.5217391304347826,15
gemma4,kcelectra,retrieved,source,politics,1790,1790,0,897,893,0.5011173184357542,0.4988826815642458,15
gemma4,kcelectra,retrieved,source,occupation,365,365,0,164,201,0.44931506849315067,0.5506849315068493,15
gemma4,kcelectra,retrieved,source,disability,99,99,0,61,38,0.6161616161616161,0.3838383838383838,15
gemma4,kcelectra,retrieved,exaone,gender,232,232,0,152,80,0.6551724137931034,0.3448275862068966,15
gemma4,kcelectra,retrieved,exaone,age,102,102,0,65,37,0.6372549019607843,0.3627450980392157,15
gemma4,kcelectra,retrieved,exaone,race_or_region_of_origin,893,893,0,778,115,0.8712206047032475,0.12877939529675253,15
gemma4,kcelectra,retrieved,exaone,religion,46,46,0,32,14,0.6956521739130435,0.30434782608695654,15
gemma4,kcelectra,retrieved,exaone,politics,1790,1790,0,1395,395,0.7793296089385475,0.2206703910614525,15
gemma4,kcelectra,retrieved,exaone,occupation,365,365,0,215,150,0.589041095890411,0.410958904109589,15
gemma4,kcelectra,retrieved,exaone,disability,99,99,0,59,40,0.5959595959595959,0.40404040404040403,15
gemma4,kcelectra,retrieved,gemma4,gender,232,232,0,178,54,0.7672413793103449,0.23275862068965517,15
gemma4,kcelectra,retrieved,gemma4,age,102,102,0,77,25,0.7549019607843137,0.24509803921568626,15
gemma4,kcelectra,retrieved,gemma4,race_or_region_of_origin,893,893,0,743,150,0.832026875699888,0.167973124300112,15
gemma4,kcelectra,retrieved,gemma4,religion,46,46,0,35,11,0.7608695652173914,0.2391304347826087,15
gemma4,kcelectra,retrieved,gemma4,politics,1790,1790,0,1237,553,0.6910614525139664,0.3089385474860335,15
gemma4,kcelectra,retrieved,gemma4,occupation,365,365,0,236,129,0.6465753424657534,0.35342465753424657,15
gemma4,kcelectra,retrieved,gemma4,disability,99,99,0,57,42,0.5757575757575758,0.42424242424242425,15
gemma4,kcelectra,random,source,gender,232,232,0,164,68,0.7068965517241379,0.29310344827586204,15
gemma4,kcelectra,random,source,age,102,102,0,64,38,0.6274509803921569,0.37254901960784315,15
gemma4,kcelectra,random,source,race_or_region_of_origin,893,893,0,568,325,0.6360582306830908,0.3639417693169093,15
gemma4,kcelectra,random,source,religion,46,46,0,26,20,0.5652173913043478,0.43478260869565216,15
gemma4,kcelectra,random,source,politics,1790,1790,0,879,911,0.4910614525139665,0.5089385474860335,15
gemma4,kcelectra,random,source,occupation,365,365,0,154,211,0.42191780821917807,0.5780821917808219,15
gemma4,kcelectra,random,source,disability,99,99,0,55,44,0.5555555555555556,0.4444444444444444,15
gemma4,kcelectra,random,exaone,gender,232,232,0,139,93,0.5991379310344828,0.40086206896551724,15
gemma4,kcelectra,random,exaone,age,102,102,0,67,35,0.6568627450980392,0.3431372549019608,15
gemma4,kcelectra,random,exaone,race_or_region_of_origin,893,893,0,702,191,0.786114221724524,0.21388577827547592,15
gemma4,kcelectra,random,exaone,religion,46,46,0,34,12,0.7391304347826086,0.2608695652173913,15
gemma4,kcelectra,random,exaone,politics,1790,1790,0,1302,488,0.7273743016759776,0.27262569832402234,15
gemma4,kcelectra,random,exaone,occupation,365,365,0,219,146,0.6,0.4,15
gemma4,kcelectra,random,exaone,disability,99,99,0,57,42,0.5757575757575758,0.42424242424242425,15
gemma4,kcelectra,random,gemma4,gender,232,232,0,153,79,0.6594827586206896,0.34051724137931033,15
gemma4,kcelectra,random,gemma4,age,102,102,0,69,33,0.6764705882352942,0.3235294117647059,15
gemma4,kcelectra,random,gemma4,race_or_region_of_origin,893,893,0,690,203,0.7726763717805151,0.22732362821948487,15
gemma4,kcelectra,random,gemma4,religion,46,46,0,34,12,0.7391304347826086,0.2608695652173913,15
gemma4,kcelectra,random,gemma4,politics,1790,1790,0,1070,720,0.5977653631284916,0.4022346368715084,15
gemma4,kcelectra,random,gemma4,occupation,365,365,0,195,170,0.5342465753424658,0.4657534246575342,15
gemma4,kcelectra,random,gemma4,disability,99,99,0,58,41,0.5858585858585859,0.41414141414141414,15
gemma4,kcelectra,retrieved,source,gender,232,232,0,138,94,0.5948275862068966,0.4051724137931034,16
gemma4,kcelectra,retrieved,source,age,102,102,0,55,47,0.5392156862745098,0.46078431372549017,16
gemma4,kcelectra,retrieved,source,race_or_region_of_origin,893,893,0,494,399,0.5531914893617021,0.44680851063829785,16
gemma4,kcelectra,retrieved,source,religion,46,46,0,25,21,0.5434782608695652,0.45652173913043476,16
gemma4,kcelectra,retrieved,source,politics,1790,1790,0,800,990,0.44692737430167595,0.553072625698324,16
gemma4,kcelectra,retrieved,source,occupation,365,365,0,132,233,0.36164383561643837,0.6383561643835617,16
gemma4,kcelectra,retrieved,source,disability,99,99,0,57,42,0.5757575757575758,0.42424242424242425,16
gemma4,kcelectra,retrieved,exaone,gender,232,232,0,133,99,0.5732758620689655,0.4267241379310345,16
gemma4,kcelectra,retrieved,exaone,age,102,102,0,58,44,0.5686274509803921,0.43137254901960786,16
gemma4,kcelectra,retrieved,exaone,race_or_region_of_origin,893,893,0,673,220,0.7536394176931691,0.24636058230683092,16
gemma4,kcelectra,retrieved,exaone,religion,46,46,0,27,19,0.5869565217391305,0.41304347826086957,16
gemma4,kcelectra,retrieved,exaone,politics,1790,1790,0,1332,458,0.7441340782122905,0.2558659217877095,16
gemma4,kcelectra,retrieved,exaone,occupation,365,365,0,185,180,0.5068493150684932,0.4931506849315068,16
gemma4,kcelectra,retrieved,exaone,disability,99,99,0,51,48,0.5151515151515151,0.48484848484848486,16
gemma4,kcelectra,retrieved,gemma4,gender,232,232,0,170,62,0.7327586206896551,0.2672413793103448,16
gemma4,kcelectra,retrieved,gemma4,age,102,102,0,61,41,0.5980392156862745,0.4019607843137255,16
gemma4,kcelectra,retrieved,gemma4,race_or_region_of_origin,893,893,0,689,204,0.7715565509518477,0.2284434490481523,16
gemma4,kcelectra,retrieved,gemma4,religion,46,46,0,24,22,0.5217391304347826,0.4782608695652174,16
gemma4,kcelectra,retrieved,gemma4,politics,1790,1790,0,1239,551,0.6921787709497207,0.3078212290502793,16
gemma4,kcelectra,retrieved,gemma4,occupation,365,365,0,216,149,0.5917808219178082,0.40821917808219177,16
gemma4,kcelectra,retrieved,gemma4,disability,99,99,0,46,53,0.46464646464646464,0.5353535353535354,16
gemma4,kcelectra,random,source,gender,232,232,0,153,79,0.6594827586206896,0.34051724137931033,16
gemma4,kcelectra,random,source,age,102,102,0,47,55,0.46078431372549017,0.5392156862745098,16
gemma4,kcelectra,random,source,race_or_region_of_origin,893,893,0,471,422,0.5274356103023516,0.47256438969764836,16
gemma4,kcelectra,random,source,religion,46,46,0,24,22,0.5217391304347826,0.4782608695652174,16
gemma4,kcelectra,random,source,politics,1790,1790,0,701,1089,0.3916201117318436,0.6083798882681565,16
gemma4,kcelectra,random,source,occupation,365,365,0,122,243,0.33424657534246577,0.6657534246575343,16
gemma4,kcelectra,random,source,disability,99,99,0,47,52,0.47474747474747475,0.5252525252525253,16
gemma4,kcelectra,random,exaone,gender,232,232,0,145,87,0.625,0.375,16
gemma4,kcelectra,random,exaone,age,102,102,0,70,32,0.6862745098039216,0.3137254901960784,16
gemma4,kcelectra,random,exaone,race_or_region_of_origin,893,893,0,753,140,0.8432250839865622,0.15677491601343785,16
gemma4,kcelectra,random,exaone,religion,46,46,0,32,14,0.6956521739130435,0.30434782608695654,16
gemma4,kcelectra,random,exaone,politics,1790,1790,0,1372,418,0.7664804469273743,0.2335195530726257,16
gemma4,kcelectra,random,exaone,occupation,365,365,0,229,136,0.6273972602739726,0.3726027397260274,16
gemma4,kcelectra,random,exaone,disability,99,99,0,60,39,0.6060606060606061,0.3939393939393939,16
gemma4,kcelectra,random,gemma4,gender,232,232,0,152,80,0.6551724137931034,0.3448275862068966,16
gemma4,kcelectra,random,gemma4,age,102,102,0,61,41,0.5980392156862745,0.4019607843137255,16
gemma4,kcelectra,random,gemma4,race_or_region_of_origin,893,893,0,624,269,0.6987681970884658,0.3012318029115342,16
gemma4,kcelectra,random,gemma4,religion,46,46,0,28,18,0.6086956521739131,0.391304347826087,16
gemma4,kcelectra,random,gemma4,politics,1790,1790,0,951,839,0.5312849162011173,0.46871508379888266,16
gemma4,kcelectra,random,gemma4,occupation,365,365,0,160,205,0.4383561643835616,0.5616438356164384,16
gemma4,kcelectra,random,gemma4,disability,99,99,0,44,55,0.4444444444444444,0.5555555555555556,16
gemma4,kcelectra,retrieved,source,gender,232,232,0,157,75,0.6767241379310345,0.3232758620689655,17
gemma4,kcelectra,retrieved,source,age,102,102,0,60,42,0.5882352941176471,0.4117647058823529,17
gemma4,kcelectra,retrieved,source,race_or_region_of_origin,893,893,0,540,353,0.6047032474804032,0.39529675251959684,17
gemma4,kcelectra,retrieved,source,religion,46,46,0,23,23,0.5,0.5,17
gemma4,kcelectra,retrieved,source,politics,1790,1790,0,815,975,0.4553072625698324,0.5446927374301676,17
gemma4,kcelectra,retrieved,source,occupation,365,365,0,115,250,0.3150684931506849,0.684931506849315,17
gemma4,kcelectra,retrieved,source,disability,99,99,0,51,48,0.5151515151515151,0.48484848484848486,17
gemma4,kcelectra,retrieved,exaone,gender,232,232,0,118,114,0.5086206896551724,0.49137931034482757,17
gemma4,kcelectra,retrieved,exaone,age,102,102,0,59,43,0.5784313725490197,0.4215686274509804,17
gemma4,kcelectra,retrieved,exaone,race_or_region_of_origin,893,893,0,710,183,0.7950727883538634,0.20492721164613661,17
gemma4,kcelectra,retrieved,exaone,religion,46,46,0,26,20,0.5652173913043478,0.43478260869565216,17
gemma4,kcelectra,retrieved,exaone,politics,1790,1790,0,1268,522,0.7083798882681565,0.2916201117318436,17
gemma4,kcelectra,retrieved,exaone,occupation,365,365,0,176,189,0.4821917808219178,0.5178082191780822,17
gemma4,kcelectra,retrieved,exaone,disability,99,99,0,43,56,0.43434343434343436,0.5656565656565656,17
gemma4,kcelectra,retrieved,gemma4,gender,232,232,0,170,62,0.7327586206896551,0.2672413793103448,17
gemma4,kcelectra,retrieved,gemma4,age,102,102,0,73,29,0.7156862745098039,0.28431372549019607,17
gemma4,kcelectra,retrieved,gemma4,race_or_region_of_origin,893,893,0,712,181,0.7973124300111982,0.2026875699888018,17
gemma4,kcelectra,retrieved,gemma4,religion,46,46,0,30,16,0.6521739130434783,0.34782608695652173,17
gemma4,kcelectra,retrieved,gemma4,politics,1790,1790,0,1206,584,0.6737430167597765,0.32625698324022345,17
gemma4,kcelectra,retrieved,gemma4,occupation,365,365,0,189,176,0.5178082191780822,0.4821917808219178,17
gemma4,kcelectra,retrieved,gemma4,disability,99,99,0,48,51,0.48484848484848486,0.5151515151515151,17
gemma4,kcelectra,random,source,gender,232,232,0,145,87,0.625,0.375,17
gemma4,kcelectra,random,source,age,102,102,0,56,46,0.5490196078431373,0.45098039215686275,17
gemma4,kcelectra,random,source,race_or_region_of_origin,893,893,0,503,390,0.5632698768197089,0.43673012318029114,17
gemma4,kcelectra,random,source,religion,46,46,0,25,21,0.5434782608695652,0.45652173913043476,17
gemma4,kcelectra,random,source,politics,1790,1790,0,718,1072,0.4011173184357542,0.5988826815642458,17
gemma4,kcelectra,random,source,occupation,365,365,0,109,256,0.29863013698630136,0.7013698630136986,17
gemma4,kcelectra,random,source,disability,99,99,0,38,61,0.3838383838383838,0.6161616161616161,17
gemma4,kcelectra,random,exaone,gender,232,232,0,129,103,0.5560344827586207,0.44396551724137934,17
gemma4,kcelectra,random,exaone,age,102,102,0,62,40,0.6078431372549019,0.39215686274509803,17
gemma4,kcelectra,random,exaone,race_or_region_of_origin,893,893,0,694,199,0.7771556550951848,0.22284434490481522,17
gemma4,kcelectra,random,exaone,religion,46,46,0,28,18,0.6086956521739131,0.391304347826087,17
gemma4,kcelectra,random,exaone,politics,1790,1790,0,1409,381,0.7871508379888268,0.21284916201117318,17
gemma4,kcelectra,random,exaone,occupation,365,365,0,217,148,0.5945205479452055,0.4054794520547945,17
gemma4,kcelectra,random,exaone,disability,99,99,0,53,46,0.5353535353535354,0.46464646464646464,17
gemma4,kcelectra,random,gemma4,gender,232,232,0,157,75,0.6767241379310345,0.3232758620689655,17
gemma4,kcelectra,random,gemma4,age,102,102,0,65,37,0.6372549019607843,0.3627450980392157,17
gemma4,kcelectra,random,gemma4,race_or_region_of_origin,893,893,0,711,182,0.7961926091825308,0.2038073908174692,17
gemma4,kcelectra,random,gemma4,religion,46,46,0,32,14,0.6956521739130435,0.30434782608695654,17
gemma4,kcelectra,random,gemma4,politics,1790,1790,0,1171,619,0.6541899441340782,0.3458100558659218,17
gemma4,kcelectra,random,gemma4,occupation,365,365,0,195,170,0.5342465753424658,0.4657534246575342,17
gemma4,kcelectra,random,gemma4,disability,99,99,0,51,48,0.5151515151515151,0.48484848484848486,17
gemma4,kcelectra,retrieved,source,gender,232,232,0,112,120,0.4827586206896552,0.5172413793103449,18
gemma4,kcelectra,retrieved,source,age,102,102,0,41,61,0.4019607843137255,0.5980392156862745,18
gemma4,kcelectra,retrieved,source,race_or_region_of_origin,893,893,0,402,491,0.4501679731243001,0.5498320268756999,18
gemma4,kcelectra,retrieved,source,religion,46,46,0,18,28,0.391304347826087,0.6086956521739131,18
gemma4,kcelectra,retrieved,source,politics,1790,1790,0,690,1100,0.3854748603351955,0.6145251396648045,18
gemma4,kcelectra,retrieved,source,occupation,365,365,0,108,257,0.2958904109589041,0.7041095890410959,18
gemma4,kcelectra,retrieved,source,disability,99,99,0,34,65,0.3434343434343434,0.6565656565656566,18
gemma4,kcelectra,retrieved,exaone,gender,232,232,0,146,86,0.6293103448275862,0.3706896551724138,18
gemma4,kcelectra,retrieved,exaone,age,102,102,0,70,32,0.6862745098039216,0.3137254901960784,18
gemma4,kcelectra,retrieved,exaone,race_or_region_of_origin,893,893,0,773,120,0.8656215005599104,0.1343784994400896,18
gemma4,kcelectra,retrieved,exaone,religion,46,46,0,34,12,0.7391304347826086,0.2608695652173913,18
gemma4,kcelectra,retrieved,exaone,politics,1790,1790,0,1454,336,0.8122905027932961,0.1877094972067039,18
gemma4,kcelectra,retrieved,exaone,occupation,365,365,0,230,135,0.6301369863013698,0.3698630136986301,18
gemma4,kcelectra,retrieved,exaone,disability,99,99,0,60,39,0.6060606060606061,0.3939393939393939,18
gemma4,kcelectra,retrieved,gemma4,gender,232,232,0,161,71,0.6939655172413793,0.30603448275862066,18
gemma4,kcelectra,retrieved,gemma4,age,102,102,0,70,32,0.6862745098039216,0.3137254901960784,18
gemma4,kcelectra,retrieved,gemma4,race_or_region_of_origin,893,893,0,696,197,0.7793952967525196,0.2206047032474804,18
gemma4,kcelectra,retrieved,gemma4,religion,46,46,0,30,16,0.6521739130434783,0.34782608695652173,18
gemma4,kcelectra,retrieved,gemma4,politics,1790,1790,0,1209,581,0.6754189944134078,0.3245810055865922,18
gemma4,kcelectra,retrieved,gemma4,occupation,365,365,0,202,163,0.5534246575342465,0.4465753424657534,18
gemma4,kcelectra,retrieved,gemma4,disability,99,99,0,58,41,0.5858585858585859,0.41414141414141414,18
gemma4,kcelectra,random,source,gender,232,232,0,138,94,0.5948275862068966,0.4051724137931034,18
gemma4,kcelectra,random,source,age,102,102,0,51,51,0.5,0.5,18
gemma4,kcelectra,random,source,race_or_region_of_origin,893,893,0,463,430,0.5184770436730123,0.48152295632698766,18
gemma4,kcelectra,random,source,religion,46,46,0,22,24,0.4782608695652174,0.5217391304347826,18
gemma4,kcelectra,random,source,politics,1790,1790,0,731,1059,0.4083798882681564,0.5916201117318436,18
gemma4,kcelectra,random,source,occupation,365,365,0,122,243,0.33424657534246577,0.6657534246575343,18
gemma4,kcelectra,random,source,disability,99,99,0,40,59,0.40404040404040403,0.5959595959595959,18
gemma4,kcelectra,random,exaone,gender,232,232,0,86,146,0.3706896551724138,0.6293103448275862,18
gemma4,kcelectra,random,exaone,age,102,102,0,50,52,0.49019607843137253,0.5098039215686274,18
gemma4,kcelectra,random,exaone,race_or_region_of_origin,893,893,0,685,208,0.7670772676371781,0.23292273236282196,18
gemma4,kcelectra,random,exaone,religion,46,46,0,29,17,0.6304347826086957,0.3695652173913043,18
gemma4,kcelectra,random,exaone,politics,1790,1790,0,1186,604,0.6625698324022347,0.33743016759776534,18
gemma4,kcelectra,random,exaone,occupation,365,365,0,192,173,0.5260273972602739,0.473972602739726,18
gemma4,kcelectra,random,exaone,disability,99,99,0,46,53,0.46464646464646464,0.5353535353535354,18
gemma4,kcelectra,random,gemma4,gender,232,232,0,170,62,0.7327586206896551,0.2672413793103448,18
gemma4,kcelectra,random,gemma4,age,102,102,0,78,24,0.7647058823529411,0.23529411764705882,18
gemma4,kcelectra,random,gemma4,race_or_region_of_origin,893,893,0,711,182,0.7961926091825308,0.2038073908174692,18
gemma4,kcelectra,random,gemma4,religion,46,46,0,29,17,0.6304347826086957,0.3695652173913043,18
gemma4,kcelectra,random,gemma4,politics,1790,1790,0,1194,596,0.6670391061452514,0.3329608938547486,18
gemma4,kcelectra,random,gemma4,occupation,365,365,0,210,155,0.5753424657534246,0.4246575342465753,18
gemma4,kcelectra,random,gemma4,disability,99,99,0,64,35,0.6464646464646465,0.35353535353535354,18
gemma4,kcelectra,retrieved,source,gender,232,232,0,80,152,0.3448275862068966,0.6551724137931034,19
gemma4,kcelectra,retrieved,source,age,102,102,0,38,64,0.37254901960784315,0.6274509803921569,19
gemma4,kcelectra,retrieved,source,race_or_region_of_origin,893,893,0,409,484,0.458006718924972,0.541993281075028,19
gemma4,kcelectra,retrieved,source,religion,46,46,0,16,30,0.34782608695652173,0.6521739130434783,19
gemma4,kcelectra,retrieved,source,politics,1790,1790,0,772,1018,0.4312849162011173,0.5687150837988827,19
gemma4,kcelectra,retrieved,source,occupation,365,365,0,105,260,0.2876712328767123,0.7123287671232876,19
gemma4,kcelectra,retrieved,source,disability,99,99,0,45,54,0.45454545454545453,0.5454545454545454,19
gemma4,kcelectra,retrieved,exaone,gender,232,232,0,155,77,0.6681034482758621,0.33189655172413796,19
gemma4,kcelectra,retrieved,exaone,age,102,102,0,63,39,0.6176470588235294,0.38235294117647056,19
gemma4,kcelectra,retrieved,exaone,race_or_region_of_origin,893,893,0,770,123,0.8622620380739082,0.13773796192609183,19
gemma4,kcelectra,retrieved,exaone,religion,46,46,0,35,11,0.7608695652173914,0.2391304347826087,19
gemma4,kcelectra,retrieved,exaone,politics,1790,1790,0,1445,345,0.8072625698324022,0.19273743016759776,19
gemma4,kcelectra,retrieved,exaone,occupation,365,365,0,226,139,0.6191780821917808,0.38082191780821917,19
gemma4,kcelectra,retrieved,exaone,disability,99,99,0,59,40,0.5959595959595959,0.40404040404040403,19
gemma4,kcelectra,retrieved,gemma4,gender,232,232,0,176,56,0.7586206896551724,0.2413793103448276,19
gemma4,kcelectra,retrieved,gemma4,age,102,102,0,71,31,0.696078431372549,0.30392156862745096,19
gemma4,kcelectra,retrieved,gemma4,race_or_region_of_origin,893,893,0,721,172,0.8073908174692049,0.19260918253079506,19
gemma4,kcelectra,retrieved,gemma4,religion,46,46,0,32,14,0.6956521739130435,0.30434782608695654,19
gemma4,kcelectra,retrieved,gemma4,politics,1790,1790,0,1263,527,0.705586592178771,0.29441340782122905,19
gemma4,kcelectra,retrieved,gemma4,occupation,365,365,0,200,165,0.547945205479452,0.4520547945205479,19
gemma4,kcelectra,retrieved,gemma4,disability,99,99,0,52,47,0.5252525252525253,0.47474747474747475,19
gemma4,kcelectra,random,source,gender,232,232,0,137,95,0.5905172413793104,0.40948275862068967,19
gemma4,kcelectra,random,source,age,102,102,0,51,51,0.5,0.5,19
gemma4,kcelectra,random,source,race_or_region_of_origin,893,893,0,471,422,0.5274356103023516,0.47256438969764836,19
gemma4,kcelectra,random,source,religion,46,46,0,21,25,0.45652173913043476,0.5434782608695652,19
gemma4,kcelectra,random,source,politics,1790,1790,0,715,1075,0.3994413407821229,0.6005586592178771,19
gemma4,kcelectra,random,source,occupation,365,365,0,107,258,0.29315068493150687,0.7068493150684931,19
gemma4,kcelectra,random,source,disability,99,99,0,50,49,0.5050505050505051,0.494949494949495,19
gemma4,kcelectra,random,exaone,gender,232,232,0,129,103,0.5560344827586207,0.44396551724137934,19
gemma4,kcelectra,random,exaone,age,102,102,0,64,38,0.6274509803921569,0.37254901960784315,19
gemma4,kcelectra,random,exaone,race_or_region_of_origin,893,893,0,742,151,0.8309070548712206,0.1690929451287794,19
gemma4,kcelectra,random,exaone,religion,46,46,0,29,17,0.6304347826086957,0.3695652173913043,19
gemma4,kcelectra,random,exaone,politics,1790,1790,0,1370,420,0.7653631284916201,0.2346368715083799,19
gemma4,kcelectra,random,exaone,occupation,365,365,0,181,184,0.4958904109589041,0.5041095890410959,19
gemma4,kcelectra,random,exaone,disability,99,99,0,48,51,0.48484848484848486,0.5151515151515151,19
gemma4,kcelectra,random,gemma4,gender,232,232,0,159,73,0.6853448275862069,0.3146551724137931,19
gemma4,kcelectra,random,gemma4,age,102,102,0,59,43,0.5784313725490197,0.4215686274509804,19
gemma4,kcelectra,random,gemma4,race_or_region_of_origin,893,893,0,686,207,0.7681970884658454,0.23180291153415453,19
gemma4,kcelectra,random,gemma4,religion,46,46,0,29,17,0.6304347826086957,0.3695652173913043,19
gemma4,kcelectra,random,gemma4,politics,1790,1790,0,1170,620,0.6536312849162011,0.3463687150837989,19
gemma4,kcelectra,random,gemma4,occupation,365,365,0,192,173,0.5260273972602739,0.473972602739726,19
gemma4,kcelectra,random,gemma4,disability,99,99,0,47,52,0.47474747474747475,0.5252525252525253,19
gemma4,kcelectra,retrieved,source,gender,232,232,0,149,83,0.6422413793103449,0.3577586206896552,20
gemma4,kcelectra,retrieved,source,age,102,102,0,59,43,0.5784313725490197,0.4215686274509804,20
gemma4,kcelectra,retrieved,source,race_or_region_of_origin,893,893,0,565,328,0.6326987681970885,0.3673012318029115,20
gemma4,kcelectra,retrieved,source,religion,46,46,0,21,25,0.45652173913043476,0.5434782608695652,20
gemma4,kcelectra,retrieved,source,politics,1790,1790,0,1128,662,0.6301675977653631,0.36983240223463687,20
gemma4,kcelectra,retrieved,source,occupation,365,365,0,191,174,0.5232876712328767,0.4767123287671233,20
gemma4,kcelectra,retrieved,source,disability,99,99,0,54,45,0.5454545454545454,0.45454545454545453,20
gemma4,kcelectra,retrieved,exaone,gender,232,232,0,141,91,0.6077586206896551,0.3922413793103448,20
gemma4,kcelectra,retrieved,exaone,age,102,102,0,62,40,0.6078431372549019,0.39215686274509803,20
gemma4,kcelectra,retrieved,exaone,race_or_region_of_origin,893,893,0,731,162,0.8185890257558791,0.18141097424412095,20
gemma4,kcelectra,retrieved,exaone,religion,46,46,0,27,19,0.5869565217391305,0.41304347826086957,20
gemma4,kcelectra,retrieved,exaone,politics,1790,1790,0,1489,301,0.8318435754189945,0.16815642458100558,20
gemma4,kcelectra,retrieved,exaone,occupation,365,365,0,238,127,0.6520547945205479,0.34794520547945207,20
gemma4,kcelectra,retrieved,exaone,disability,99,99,0,55,44,0.5555555555555556,0.4444444444444444,20
gemma4,kcelectra,retrieved,gemma4,gender,232,232,0,170,62,0.7327586206896551,0.2672413793103448,20
gemma4,kcelectra,retrieved,gemma4,age,102,102,0,69,33,0.6764705882352942,0.3235294117647059,20
gemma4,kcelectra,retrieved,gemma4,race_or_region_of_origin,893,893,0,736,157,0.8241881298992161,0.17581187010078386,20
gemma4,kcelectra,retrieved,gemma4,religion,46,46,0,33,13,0.717391304347826,0.2826086956521739,20
gemma4,kcelectra,retrieved,gemma4,politics,1790,1790,0,1357,433,0.7581005586592179,0.24189944134078212,20
gemma4,kcelectra,retrieved,gemma4,occupation,365,365,0,238,127,0.6520547945205479,0.34794520547945207,20
gemma4,kcelectra,retrieved,gemma4,disability,99,99,0,55,44,0.5555555555555556,0.4444444444444444,20
gemma4,kcelectra,random,source,gender,232,232,0,168,64,0.7241379310344828,0.27586206896551724,20
gemma4,kcelectra,random,source,age,102,102,0,51,51,0.5,0.5,20
gemma4,kcelectra,random,source,race_or_region_of_origin,893,893,0,533,360,0.5968645016797313,0.40313549832026874,20
gemma4,kcelectra,random,source,religion,46,46,0,23,23,0.5,0.5,20
gemma4,kcelectra,random,source,politics,1790,1790,0,916,874,0.511731843575419,0.488268156424581,20
gemma4,kcelectra,random,source,occupation,365,365,0,136,229,0.3726027397260274,0.6273972602739726,20
gemma4,kcelectra,random,source,disability,99,99,0,51,48,0.5151515151515151,0.48484848484848486,20
gemma4,kcelectra,random,exaone,gender,232,232,0,113,119,0.4870689655172414,0.5129310344827587,20
gemma4,kcelectra,random,exaone,age,102,102,0,53,49,0.5196078431372549,0.4803921568627451,20
gemma4,kcelectra,random,exaone,race_or_region_of_origin,893,893,0,708,185,0.7928331466965286,0.20716685330347145,20
gemma4,kcelectra,random,exaone,religion,46,46,0,29,17,0.6304347826086957,0.3695652173913043,20
gemma4,kcelectra,random,exaone,politics,1790,1790,0,1253,537,0.7,0.3,20
gemma4,kcelectra,random,exaone,occupation,365,365,0,145,220,0.3972602739726027,0.6027397260273972,20
gemma4,kcelectra,random,exaone,disability,99,99,0,48,51,0.48484848484848486,0.5151515151515151,20
gemma4,kcelectra,random,gemma4,gender,232,232,0,146,86,0.6293103448275862,0.3706896551724138,20
gemma4,kcelectra,random,gemma4,age,102,102,0,59,43,0.5784313725490197,0.4215686274509804,20
gemma4,kcelectra,random,gemma4,race_or_region_of_origin,893,893,0,684,209,0.7659574468085106,0.23404255319148937,20
gemma4,kcelectra,random,gemma4,religion,46,46,0,30,16,0.6521739130434783,0.34782608695652173,20
gemma4,kcelectra,random,gemma4,politics,1790,1790,0,1084,706,0.605586592178771,0.394413407821229,20
gemma4,kcelectra,random,gemma4,occupation,365,365,0,165,200,0.4520547945205479,0.547945205479452,20
gemma4,kcelectra,random,gemma4,disability,99,99,0,51,48,0.5151515151515151,0.48484848484848486,20
gemma4,kcelectra,retrieved,source,gender,232,232,0,95,137,0.40948275862068967,0.5905172413793104,21
gemma4,kcelectra,retrieved,source,age,102,102,0,49,53,0.4803921568627451,0.5196078431372549,21
gemma4,kcelectra,retrieved,source,race_or_region_of_origin,893,893,0,435,458,0.48712206047032475,0.5128779395296752,21
gemma4,kcelectra,retrieved,source,religion,46,46,0,22,24,0.4782608695652174,0.5217391304347826,21
gemma4,kcelectra,retrieved,source,politics,1790,1790,0,725,1065,0.40502793296089384,0.5949720670391061,21
gemma4,kcelectra,retrieved,source,occupation,365,365,0,111,254,0.3041095890410959,0.6958904109589041,21
gemma4,kcelectra,retrieved,source,disability,99,99,0,36,63,0.36363636363636365,0.6363636363636364,21
gemma4,kcelectra,retrieved,exaone,gender,232,232,0,155,77,0.6681034482758621,0.33189655172413796,21
gemma4,kcelectra,retrieved,exaone,age,102,102,0,75,27,0.7352941176470589,0.2647058823529412,21
gemma4,kcelectra,retrieved,exaone,race_or_region_of_origin,893,893,0,791,102,0.8857782754759238,0.11422172452407615,21
gemma4,kcelectra,retrieved,exaone,religion,46,46,0,34,12,0.7391304347826086,0.2608695652173913,21
gemma4,kcelectra,retrieved,exaone,politics,1790,1790,0,1525,265,0.8519553072625698,0.14804469273743018,21
gemma4,kcelectra,retrieved,exaone,occupation,365,365,0,260,105,0.7123287671232876,0.2876712328767123,21
gemma4,kcelectra,retrieved,exaone,disability,99,99,0,56,43,0.5656565656565656,0.43434343434343436,21
gemma4,kcelectra,retrieved,gemma4,gender,232,232,0,189,43,0.8146551724137931,0.1853448275862069,21
gemma4,kcelectra,retrieved,gemma4,age,102,102,0,75,27,0.7352941176470589,0.2647058823529412,21
gemma4,kcelectra,retrieved,gemma4,race_or_region_of_origin,893,893,0,816,77,0.9137737961926092,0.08622620380739082,21
gemma4,kcelectra,retrieved,gemma4,religion,46,46,0,36,10,0.782608695652174,0.21739130434782608,21
gemma4,kcelectra,retrieved,gemma4,politics,1790,1790,0,1457,333,0.8139664804469273,0.18603351955307262,21
gemma4,kcelectra,retrieved,gemma4,occupation,365,365,0,295,70,0.8082191780821918,0.1917808219178082,21
gemma4,kcelectra,retrieved,gemma4,disability,99,99,0,69,30,0.696969696969697,0.30303030303030304,21
gemma4,kcelectra,random,source,gender,232,232,0,132,100,0.5689655172413793,0.43103448275862066,21
gemma4,kcelectra,random,source,age,102,102,0,46,56,0.45098039215686275,0.5490196078431373,21
gemma4,kcelectra,random,source,race_or_region_of_origin,893,893,0,486,407,0.5442329227323628,0.45576707726763716,21
gemma4,kcelectra,random,source,religion,46,46,0,28,18,0.6086956521739131,0.391304347826087,21
gemma4,kcelectra,random,source,politics,1790,1790,0,867,923,0.48435754189944136,0.5156424581005586,21
gemma4,kcelectra,random,source,occupation,365,365,0,165,200,0.4520547945205479,0.547945205479452,21
gemma4,kcelectra,random,source,disability,99,99,0,41,58,0.41414141414141414,0.5858585858585859,21
gemma4,kcelectra,random,exaone,gender,232,232,0,78,154,0.33620689655172414,0.6637931034482759,21
gemma4,kcelectra,random,exaone,age,102,102,0,49,53,0.4803921568627451,0.5196078431372549,21
gemma4,kcelectra,random,exaone,race_or_region_of_origin,893,893,0,681,212,0.7625979843225084,0.2374020156774916,21
gemma4,kcelectra,random,exaone,religion,46,46,0,28,18,0.6086956521739131,0.391304347826087,21
gemma4,kcelectra,random,exaone,politics,1790,1790,0,1267,523,0.7078212290502793,0.29217877094972067,21
gemma4,kcelectra,random,exaone,occupation,365,365,0,224,141,0.6136986301369863,0.3863013698630137,21
gemma4,kcelectra,random,exaone,disability,99,99,0,52,47,0.5252525252525253,0.47474747474747475,21
gemma4,kcelectra,random,gemma4,gender,232,232,0,153,79,0.6594827586206896,0.34051724137931033,21
gemma4,kcelectra,random,gemma4,age,102,102,0,60,42,0.5882352941176471,0.4117647058823529,21
gemma4,kcelectra,random,gemma4,race_or_region_of_origin,893,893,0,729,164,0.8163493840985442,0.18365061590145576,21
gemma4,kcelectra,random,gemma4,religion,46,46,0,33,13,0.717391304347826,0.2826086956521739,21
gemma4,kcelectra,random,gemma4,politics,1790,1790,0,1122,668,0.6268156424581005,0.37318435754189944,21
gemma4,kcelectra,random,gemma4,occupation,365,365,0,196,169,0.536986301369863,0.46301369863013697,21
gemma4,kcelectra,random,gemma4,disability,99,99,0,50,49,0.5050505050505051,0.494949494949495,21
gemma4,kcelectra,retrieved,source,gender,232,232,0,167,65,0.7198275862068966,0.2801724137931034,22
gemma4,kcelectra,retrieved,source,age,102,102,0,71,31,0.696078431372549,0.30392156862745096,22
gemma4,kcelectra,retrieved,source,race_or_region_of_origin,893,893,0,615,278,0.6886898096304591,0.3113101903695409,22
gemma4,kcelectra,retrieved,source,religion,46,46,0,26,20,0.5652173913043478,0.43478260869565216,22
gemma4,kcelectra,retrieved,source,politics,1790,1790,0,1025,765,0.5726256983240223,0.4273743016759777,22
gemma4,kcelectra,retrieved,source,occupation,365,365,0,175,190,0.4794520547945205,0.5205479452054794,22
gemma4,kcelectra,retrieved,source,disability,99,99,0,64,35,0.6464646464646465,0.35353535353535354,22
gemma4,kcelectra,retrieved,exaone,gender,232,232,0,148,84,0.6379310344827587,0.3620689655172414,22
gemma4,kcelectra,retrieved,exaone,age,102,102,0,68,34,0.6666666666666666,0.3333333333333333,22
gemma4,kcelectra,retrieved,exaone,race_or_region_of_origin,893,893,0,751,142,0.8409854423292273,0.1590145576707727,22
gemma4,kcelectra,retrieved,exaone,religion,46,46,0,32,14,0.6956521739130435,0.30434782608695654,22
gemma4,kcelectra,retrieved,exaone,politics,1790,1790,0,1342,448,0.7497206703910615,0.25027932960893856,22
gemma4,kcelectra,retrieved,exaone,occupation,365,365,0,215,150,0.589041095890411,0.410958904109589,22
gemma4,kcelectra,retrieved,exaone,disability,99,99,0,57,42,0.5757575757575758,0.42424242424242425,22
gemma4,kcelectra,retrieved,gemma4,gender,232,232,0,184,48,0.7931034482758621,0.20689655172413793,22
gemma4,kcelectra,retrieved,gemma4,age,102,102,0,70,32,0.6862745098039216,0.3137254901960784,22
gemma4,kcelectra,retrieved,gemma4,race_or_region_of_origin,893,893,0,779,114,0.8723404255319149,0.1276595744680851,22
gemma4,kcelectra,retrieved,gemma4,religion,46,46,0,36,10,0.782608695652174,0.21739130434782608,22
gemma4,kcelectra,retrieved,gemma4,politics,1790,1790,0,1280,510,0.7150837988826816,0.2849162011173184,22
gemma4,kcelectra,retrieved,gemma4,occupation,365,365,0,249,116,0.6821917808219178,0.3178082191780822,22
gemma4,kcelectra,retrieved,gemma4,disability,99,99,0,57,42,0.5757575757575758,0.42424242424242425,22
gemma4,kcelectra,random,source,gender,232,232,0,165,67,0.7112068965517241,0.28879310344827586,22
gemma4,kcelectra,random,source,age,102,102,0,56,46,0.5490196078431373,0.45098039215686275,22
gemma4,kcelectra,random,source,race_or_region_of_origin,893,893,0,541,352,0.6058230683090705,0.39417693169092943,22
gemma4,kcelectra,random,source,religion,46,46,0,26,20,0.5652173913043478,0.43478260869565216,22
gemma4,kcelectra,random,source,politics,1790,1790,0,950,840,0.5307262569832403,0.4692737430167598,22
gemma4,kcelectra,random,source,occupation,365,365,0,160,205,0.4383561643835616,0.5616438356164384,22
gemma4,kcelectra,random,source,disability,99,99,0,58,41,0.5858585858585859,0.41414141414141414,22
gemma4,kcelectra,random,exaone,gender,232,232,0,144,88,0.6206896551724138,0.3793103448275862,22
gemma4,kcelectra,random,exaone,age,102,102,0,63,39,0.6176470588235294,0.38235294117647056,22
gemma4,kcelectra,random,exaone,race_or_region_of_origin,893,893,0,764,129,0.8555431131019037,0.1444568868980963,22
gemma4,kcelectra,random,exaone,religion,46,46,0,31,15,0.6739130434782609,0.32608695652173914,22
gemma4,kcelectra,random,exaone,politics,1790,1790,0,1352,438,0.7553072625698324,0.2446927374301676,22
gemma4,kcelectra,random,exaone,occupation,365,365,0,213,152,0.5835616438356165,0.41643835616438357,22
gemma4,kcelectra,random,exaone,disability,99,99,0,59,40,0.5959595959595959,0.40404040404040403,22
gemma4,kcelectra,random,gemma4,gender,232,232,0,166,66,0.7155172413793104,0.28448275862068967,22
gemma4,kcelectra,random,gemma4,age,102,102,0,70,32,0.6862745098039216,0.3137254901960784,22
gemma4,kcelectra,random,gemma4,race_or_region_of_origin,893,893,0,749,144,0.8387458006718925,0.1612541993281075,22
gemma4,kcelectra,random,gemma4,religion,46,46,0,33,13,0.717391304347826,0.2826086956521739,22
gemma4,kcelectra,random,gemma4,politics,1790,1790,0,1257,533,0.7022346368715083,0.2977653631284916,22
gemma4,kcelectra,random,gemma4,occupation,365,365,0,219,146,0.6,0.4,22
gemma4,kcelectra,random,gemma4,disability,99,99,0,62,37,0.6262626262626263,0.37373737373737376,22
gemma4,kcelectra,retrieved,source,gender,232,232,0,166,66,0.7155172413793104,0.28448275862068967,23
gemma4,kcelectra,retrieved,source,age,102,102,0,70,32,0.6862745098039216,0.3137254901960784,23
gemma4,kcelectra,retrieved,source,race_or_region_of_origin,893,893,0,614,279,0.6875699888017918,0.3124300111982083,23
gemma4,kcelectra,retrieved,source,religion,46,46,0,26,20,0.5652173913043478,0.43478260869565216,23
gemma4,kcelectra,retrieved,source,politics,1790,1790,0,1078,712,0.6022346368715084,0.39776536312849164,23
gemma4,kcelectra,retrieved,source,occupation,365,365,0,189,176,0.5178082191780822,0.4821917808219178,23
gemma4,kcelectra,retrieved,source,disability,99,99,0,68,31,0.6868686868686869,0.31313131313131315,23
gemma4,kcelectra,retrieved,exaone,gender,232,232,0,168,64,0.7241379310344828,0.27586206896551724,23
gemma4,kcelectra,retrieved,exaone,age,102,102,0,76,26,0.7450980392156863,0.2549019607843137,23
gemma4,kcelectra,retrieved,exaone,race_or_region_of_origin,893,893,0,791,102,0.8857782754759238,0.11422172452407615,23
gemma4,kcelectra,retrieved,exaone,religion,46,46,0,35,11,0.7608695652173914,0.2391304347826087,23
gemma4,kcelectra,retrieved,exaone,politics,1790,1790,0,1546,244,0.8636871508379889,0.13631284916201117,23
gemma4,kcelectra,retrieved,exaone,occupation,365,365,0,266,99,0.7287671232876712,0.27123287671232876,23
gemma4,kcelectra,retrieved,exaone,disability,99,99,0,62,37,0.6262626262626263,0.37373737373737376,23
gemma4,kcelectra,retrieved,gemma4,gender,232,232,0,200,32,0.8620689655172413,0.13793103448275862,23
gemma4,kcelectra,retrieved,gemma4,age,102,102,0,79,23,0.7745098039215687,0.22549019607843138,23
gemma4,kcelectra,retrieved,gemma4,race_or_region_of_origin,893,893,0,738,155,0.826427771556551,0.17357222844344905,23
gemma4,kcelectra,retrieved,gemma4,religion,46,46,0,35,11,0.7608695652173914,0.2391304347826087,23
gemma4,kcelectra,retrieved,gemma4,politics,1790,1790,0,1267,523,0.7078212290502793,0.29217877094972067,23
gemma4,kcelectra,retrieved,gemma4,occupation,365,365,0,246,119,0.673972602739726,0.32602739726027397,23
gemma4,kcelectra,retrieved,gemma4,disability,99,99,0,60,39,0.6060606060606061,0.3939393939393939,23
gemma4,kcelectra,random,source,gender,232,232,0,156,76,0.6724137931034483,0.3275862068965517,23
gemma4,kcelectra,random,source,age,102,102,0,60,42,0.5882352941176471,0.4117647058823529,23
gemma4,kcelectra,random,source,race_or_region_of_origin,893,893,0,589,304,0.6595744680851063,0.3404255319148936,23
gemma4,kcelectra,random,source,religion,46,46,0,28,18,0.6086956521739131,0.391304347826087,23
gemma4,kcelectra,random,source,politics,1790,1790,0,891,899,0.4977653631284916,0.5022346368715084,23
gemma4,kcelectra,random,source,occupation,365,365,0,173,192,0.473972602739726,0.5260273972602739,23
gemma4,kcelectra,random,source,disability,99,99,0,60,39,0.6060606060606061,0.3939393939393939,23
gemma4,kcelectra,random,exaone,gender,232,232,0,163,69,0.7025862068965517,0.2974137931034483,23
gemma4,kcelectra,random,exaone,age,102,102,0,78,24,0.7647058823529411,0.23529411764705882,23
gemma4,kcelectra,random,exaone,race_or_region_of_origin,893,893,0,802,91,0.8980963045912654,0.1019036954087346,23
gemma4,kcelectra,random,exaone,religion,46,46,0,41,5,0.8913043478260869,0.10869565217391304,23
gemma4,kcelectra,random,exaone,politics,1790,1790,0,1517,273,0.8474860335195531,0.15251396648044693,23
gemma4,kcelectra,random,exaone,occupation,365,365,0,285,80,0.7808219178082192,0.2191780821917808,23
gemma4,kcelectra,random,exaone,disability,99,99,0,68,31,0.6868686868686869,0.31313131313131315,23
gemma4,kcelectra,random,gemma4,gender,232,232,0,180,52,0.7758620689655172,0.22413793103448276,23
gemma4,kcelectra,random,gemma4,age,102,102,0,78,24,0.7647058823529411,0.23529411764705882,23
gemma4,kcelectra,random,gemma4,race_or_region_of_origin,893,893,0,771,122,0.8633818589025756,0.1366181410974244,23
gemma4,kcelectra,random,gemma4,religion,46,46,0,36,10,0.782608695652174,0.21739130434782608,23
gemma4,kcelectra,random,gemma4,politics,1790,1790,0,1318,472,0.7363128491620111,0.2636871508379888,23
gemma4,kcelectra,random,gemma4,occupation,365,365,0,247,118,0.6767123287671233,0.3232876712328767,23
gemma4,kcelectra,random,gemma4,disability,99,99,0,70,29,0.7070707070707071,0.29292929292929293,23
gemma4,xlmr,retrieved,source,gender,232,232,0,188,44,0.8103448275862069,0.1896551724137931,1
gemma4,xlmr,retrieved,source,age,102,102,0,77,25,0.7549019607843137,0.24509803921568626,1
gemma4,xlmr,retrieved,source,race_or_region_of_origin,893,893,0,743,150,0.832026875699888,0.167973124300112,1
gemma4,xlmr,retrieved,source,religion,46,46,0,38,8,0.8260869565217391,0.17391304347826086,1
gemma4,xlmr,retrieved,source,politics,1790,1790,0,1426,364,0.7966480446927374,0.20335195530726258,1
gemma4,xlmr,retrieved,source,occupation,365,365,0,233,132,0.6383561643835617,0.36164383561643837,1
gemma4,xlmr,retrieved,source,disability,99,99,0,64,35,0.6464646464646465,0.35353535353535354,1
gemma4,xlmr,retrieved,exaone,gender,232,232,0,98,134,0.4224137931034483,0.5775862068965517,1
gemma4,xlmr,retrieved,exaone,age,102,102,0,50,52,0.49019607843137253,0.5098039215686274,1
gemma4,xlmr,retrieved,exaone,race_or_region_of_origin,893,893,0,638,255,0.7144456886898096,0.2855543113101904,1
gemma4,xlmr,retrieved,exaone,religion,46,46,0,28,18,0.6086956521739131,0.391304347826087,1
gemma4,xlmr,retrieved,exaone,politics,1790,1790,0,1363,427,0.7614525139664804,0.23854748603351955,1
gemma4,xlmr,retrieved,exaone,occupation,365,365,0,154,211,0.42191780821917807,0.5780821917808219,1
gemma4,xlmr,retrieved,exaone,disability,99,99,0,34,65,0.3434343434343434,0.6565656565656566,1
gemma4,xlmr,retrieved,gemma4,gender,232,232,0,128,104,0.5517241379310345,0.4482758620689655,1
gemma4,xlmr,retrieved,gemma4,age,102,102,0,65,37,0.6372549019607843,0.3627450980392157,1
gemma4,xlmr,retrieved,gemma4,race_or_region_of_origin,893,893,0,644,249,0.7211646136618141,0.2788353863381859,1
gemma4,xlmr,retrieved,gemma4,religion,46,46,0,34,12,0.7391304347826086,0.2608695652173913,1
gemma4,xlmr,retrieved,gemma4,politics,1790,1790,0,1119,671,0.6251396648044693,0.37486033519553075,1
gemma4,xlmr,retrieved,gemma4,occupation,365,365,0,145,220,0.3972602739726027,0.6027397260273972,1
gemma4,xlmr,retrieved,gemma4,disability,99,99,0,32,67,0.32323232323232326,0.6767676767676768,1
gemma4,xlmr,random,source,gender,232,232,0,211,21,0.9094827586206896,0.09051724137931035,1
gemma4,xlmr,random,source,age,102,102,0,89,13,0.8725490196078431,0.12745098039215685,1
gemma4,xlmr,random,source,race_or_region_of_origin,893,893,0,740,153,0.8286674132138858,0.1713325867861142,1
gemma4,xlmr,random,source,religion,46,46,0,38,8,0.8260869565217391,0.17391304347826086,1
gemma4,xlmr,random,source,politics,1790,1790,0,1468,322,0.8201117318435754,0.17988826815642459,1
gemma4,xlmr,random,source,occupation,365,365,0,270,95,0.7397260273972602,0.2602739726027397,1
gemma4,xlmr,random,source,disability,99,99,0,78,21,0.7878787878787878,0.21212121212121213,1
gemma4,xlmr,random,exaone,gender,232,232,0,134,98,0.5775862068965517,0.4224137931034483,1
gemma4,xlmr,random,exaone,age,102,102,0,57,45,0.5588235294117647,0.4411764705882353,1
gemma4,xlmr,random,exaone,race_or_region_of_origin,893,893,0,667,226,0.7469204927211646,0.2530795072788354,1
gemma4,xlmr,random,exaone,religion,46,46,0,38,8,0.8260869565217391,0.17391304347826086,1
gemma4,xlmr,random,exaone,politics,1790,1790,0,1416,374,0.7910614525139665,0.20893854748603352,1
gemma4,xlmr,random,exaone,occupation,365,365,0,186,179,0.5095890410958904,0.4904109589041096,1
gemma4,xlmr,random,exaone,disability,99,99,0,38,61,0.3838383838383838,0.6161616161616161,1
gemma4,xlmr,random,gemma4,gender,232,232,0,182,50,0.7844827586206896,0.21551724137931033,1
gemma4,xlmr,random,gemma4,age,102,102,0,61,41,0.5980392156862745,0.4019607843137255,1
gemma4,xlmr,random,gemma4,race_or_region_of_origin,893,893,0,567,326,0.6349384098544233,0.3650615901455767,1
gemma4,xlmr,random,gemma4,religion,46,46,0,31,15,0.6739130434782609,0.32608695652173914,1
gemma4,xlmr,random,gemma4,politics,1790,1790,0,1094,696,0.6111731843575419,0.3888268156424581,1
gemma4,xlmr,random,gemma4,occupation,365,365,0,151,214,0.4136986301369863,0.5863013698630137,1
gemma4,xlmr,random,gemma4,disability,99,99,0,38,61,0.3838383838383838,0.6161616161616161,1
gemma4,xlmr,retrieved,source,gender,232,232,0,184,48,0.7931034482758621,0.20689655172413793,2
gemma4,xlmr,retrieved,source,age,102,102,0,68,34,0.6666666666666666,0.3333333333333333,2
gemma4,xlmr,retrieved,source,race_or_region_of_origin,893,893,0,705,188,0.7894736842105263,0.21052631578947367,2
gemma4,xlmr,retrieved,source,religion,46,46,0,30,16,0.6521739130434783,0.34782608695652173,2
gemma4,xlmr,retrieved,source,politics,1790,1790,0,1172,618,0.6547486033519553,0.3452513966480447,2
gemma4,xlmr,retrieved,source,occupation,365,365,0,214,151,0.5863013698630137,0.4136986301369863,2
gemma4,xlmr,retrieved,source,disability,99,99,0,56,43,0.5656565656565656,0.43434343434343436,2
gemma4,xlmr,retrieved,exaone,gender,232,232,0,108,124,0.46551724137931033,0.5344827586206896,2
gemma4,xlmr,retrieved,exaone,age,102,102,0,48,54,0.47058823529411764,0.5294117647058824,2
gemma4,xlmr,retrieved,exaone,race_or_region_of_origin,893,893,0,676,217,0.7569988801791714,0.24300111982082867,2
gemma4,xlmr,retrieved,exaone,religion,46,46,0,33,13,0.717391304347826,0.2826086956521739,2
gemma4,xlmr,retrieved,exaone,politics,1790,1790,0,1360,430,0.7597765363128491,0.24022346368715083,2
gemma4,xlmr,retrieved,exaone,occupation,365,365,0,173,192,0.473972602739726,0.5260273972602739,2
gemma4,xlmr,retrieved,exaone,disability,99,99,0,32,67,0.32323232323232326,0.6767676767676768,2
gemma4,xlmr,retrieved,gemma4,gender,232,232,0,159,73,0.6853448275862069,0.3146551724137931,2
gemma4,xlmr,retrieved,gemma4,age,102,102,0,48,54,0.47058823529411764,0.5294117647058824,2
gemma4,xlmr,retrieved,gemma4,race_or_region_of_origin,893,893,0,601,292,0.6730123180291153,0.3269876819708847,2
gemma4,xlmr,retrieved,gemma4,religion,46,46,0,27,19,0.5869565217391305,0.41304347826086957,2
gemma4,xlmr,retrieved,gemma4,politics,1790,1790,0,1044,746,0.5832402234636872,0.41675977653631285,2
gemma4,xlmr,retrieved,gemma4,occupation,365,365,0,122,243,0.33424657534246577,0.6657534246575343,2
gemma4,xlmr,retrieved,gemma4,disability,99,99,0,31,68,0.31313131313131315,0.6868686868686869,2
gemma4,xlmr,random,source,gender,232,232,0,194,38,0.8362068965517241,0.16379310344827586,2
gemma4,xlmr,random,source,age,102,102,0,70,32,0.6862745098039216,0.3137254901960784,2
gemma4,xlmr,random,source,race_or_region_of_origin,893,893,0,658,235,0.7368421052631579,0.2631578947368421,2
gemma4,xlmr,random,source,religion,46,46,0,33,13,0.717391304347826,0.2826086956521739,2
gemma4,xlmr,random,source,politics,1790,1790,0,1109,681,0.6195530726256984,0.3804469273743017,2
gemma4,xlmr,random,source,occupation,365,365,0,188,177,0.5150684931506849,0.4849315068493151,2
gemma4,xlmr,random,source,disability,99,99,0,57,42,0.5757575757575758,0.42424242424242425,2
gemma4,xlmr,random,exaone,gender,232,232,0,99,133,0.4267241379310345,0.5732758620689655,2
gemma4,xlmr,random,exaone,age,102,102,0,53,49,0.5196078431372549,0.4803921568627451,2
gemma4,xlmr,random,exaone,race_or_region_of_origin,893,893,0,648,245,0.7256438969764838,0.27435610302351626,2
gemma4,xlmr,random,exaone,religion,46,46,0,31,15,0.6739130434782609,0.32608695652173914,2
gemma4,xlmr,random,exaone,politics,1790,1790,0,1385,405,0.7737430167597765,0.22625698324022347,2
gemma4,xlmr,random,exaone,occupation,365,365,0,177,188,0.4849315068493151,0.5150684931506849,2
gemma4,xlmr,random,exaone,disability,99,99,0,39,60,0.3939393939393939,0.6060606060606061,2
gemma4,xlmr,random,gemma4,gender,232,232,0,184,48,0.7931034482758621,0.20689655172413793,2
gemma4,xlmr,random,gemma4,age,102,102,0,65,37,0.6372549019607843,0.3627450980392157,2
gemma4,xlmr,random,gemma4,race_or_region_of_origin,893,893,0,673,220,0.7536394176931691,0.24636058230683092,2
gemma4,xlmr,random,gemma4,religion,46,46,0,36,10,0.782608695652174,0.21739130434782608,2
gemma4,xlmr,random,gemma4,politics,1790,1790,0,1200,590,0.6703910614525139,0.329608938547486,2
gemma4,xlmr,random,gemma4,occupation,365,365,0,183,182,0.5013698630136987,0.4986301369863014,2
gemma4,xlmr,random,gemma4,disability,99,99,0,41,58,0.41414141414141414,0.5858585858585859,2
gemma4,xlmr,retrieved,source,gender,232,232,0,182,50,0.7844827586206896,0.21551724137931033,3
gemma4,xlmr,retrieved,source,age,102,102,0,61,41,0.5980392156862745,0.4019607843137255,3
gemma4,xlmr,retrieved,source,race_or_region_of_origin,893,893,0,640,253,0.7166853303471444,0.28331466965285557,3
gemma4,xlmr,retrieved,source,religion,46,46,0,32,14,0.6956521739130435,0.30434782608695654,3
gemma4,xlmr,retrieved,source,politics,1790,1790,0,1029,761,0.5748603351955307,0.4251396648044693,3
gemma4,xlmr,retrieved,source,occupation,365,365,0,188,177,0.5150684931506849,0.4849315068493151,3
gemma4,xlmr,retrieved,source,disability,99,99,0,46,53,0.46464646464646464,0.5353535353535354,3
gemma4,xlmr,retrieved,exaone,gender,232,232,0,82,150,0.35344827586206895,0.646551724137931,3
gemma4,xlmr,retrieved,exaone,age,102,102,0,52,50,0.5098039215686274,0.49019607843137253,3
gemma4,xlmr,retrieved,exaone,race_or_region_of_origin,893,893,0,699,194,0.7827547592385219,0.21724524076147816,3
gemma4,xlmr,retrieved,exaone,religion,46,46,0,30,16,0.6521739130434783,0.34782608695652173,3
gemma4,xlmr,retrieved,exaone,politics,1790,1790,0,1402,388,0.7832402234636872,0.21675977653631284,3
gemma4,xlmr,retrieved,exaone,occupation,365,365,0,174,191,0.4767123287671233,0.5232876712328767,3
gemma4,xlmr,retrieved,exaone,disability,99,99,0,34,65,0.3434343434343434,0.6565656565656566,3
gemma4,xlmr,retrieved,gemma4,gender,232,232,0,156,76,0.6724137931034483,0.3275862068965517,3
gemma4,xlmr,retrieved,gemma4,age,102,102,0,63,39,0.6176470588235294,0.38235294117647056,3
gemma4,xlmr,retrieved,gemma4,race_or_region_of_origin,893,893,0,626,267,0.7010078387458006,0.2989921612541993,3
gemma4,xlmr,retrieved,gemma4,religion,46,46,0,25,21,0.5434782608695652,0.45652173913043476,3
gemma4,xlmr,retrieved,gemma4,politics,1790,1790,0,1025,765,0.5726256983240223,0.4273743016759777,3
gemma4,xlmr,retrieved,gemma4,occupation,365,365,0,140,225,0.3835616438356164,0.6164383561643836,3
gemma4,xlmr,retrieved,gemma4,disability,99,99,0,37,62,0.37373737373737376,0.6262626262626263,3
gemma4,xlmr,random,source,gender,232,232,0,197,35,0.8491379310344828,0.15086206896551724,3
gemma4,xlmr,random,source,age,102,102,0,77,25,0.7549019607843137,0.24509803921568626,3
gemma4,xlmr,random,source,race_or_region_of_origin,893,893,0,683,210,0.7648376259798432,0.23516237402015677,3
gemma4,xlmr,random,source,religion,46,46,0,36,10,0.782608695652174,0.21739130434782608,3
gemma4,xlmr,random,source,politics,1790,1790,0,1214,576,0.6782122905027933,0.3217877094972067,3
gemma4,xlmr,random,source,occupation,365,365,0,229,136,0.6273972602739726,0.3726027397260274,3
gemma4,xlmr,random,source,disability,99,99,0,57,42,0.5757575757575758,0.42424242424242425,3
gemma4,xlmr,random,exaone,gender,232,232,0,118,114,0.5086206896551724,0.49137931034482757,3
gemma4,xlmr,random,exaone,age,102,102,0,47,55,0.46078431372549017,0.5392156862745098,3
gemma4,xlmr,random,exaone,race_or_region_of_origin,893,893,0,627,266,0.7021276595744681,0.2978723404255319,3
gemma4,xlmr,random,exaone,religion,46,46,0,29,17,0.6304347826086957,0.3695652173913043,3
gemma4,xlmr,random,exaone,politics,1790,1790,0,1153,637,0.6441340782122905,0.3558659217877095,3
gemma4,xlmr,random,exaone,occupation,365,365,0,141,224,0.3863013698630137,0.6136986301369863,3
gemma4,xlmr,random,exaone,disability,99,99,0,36,63,0.36363636363636365,0.6363636363636364,3
gemma4,xlmr,random,gemma4,gender,232,232,0,174,58,0.75,0.25,3
gemma4,xlmr,random,gemma4,age,102,102,0,54,48,0.5294117647058824,0.47058823529411764,3
gemma4,xlmr,random,gemma4,race_or_region_of_origin,893,893,0,606,287,0.6786114221724524,0.3213885778275476,3
gemma4,xlmr,random,gemma4,religion,46,46,0,33,13,0.717391304347826,0.2826086956521739,3
gemma4,xlmr,random,gemma4,politics,1790,1790,0,1020,770,0.5698324022346368,0.4301675977653631,3
gemma4,xlmr,random,gemma4,occupation,365,365,0,134,231,0.36712328767123287,0.6328767123287671,3
gemma4,xlmr,random,gemma4,disability,99,99,0,36,63,0.36363636363636365,0.6363636363636364,3
gemma4,xlmr,retrieved,source,gender,232,232,0,169,63,0.728448275862069,0.27155172413793105,4
gemma4,xlmr,retrieved,source,age,102,102,0,69,33,0.6764705882352942,0.3235294117647059,4
gemma4,xlmr,retrieved,source,race_or_region_of_origin,893,893,0,668,225,0.748040313549832,0.251959686450168,4
gemma4,xlmr,retrieved,source,religion,46,46,0,37,9,0.8043478260869565,0.1956521739130435,4
gemma4,xlmr,retrieved,source,politics,1790,1790,0,1246,544,0.6960893854748603,0.3039106145251397,4
gemma4,xlmr,retrieved,source,occupation,365,365,0,206,159,0.5643835616438356,0.43561643835616437,4
gemma4,xlmr,retrieved,source,disability,99,99,0,56,43,0.5656565656565656,0.43434343434343436,4
gemma4,xlmr,retrieved,exaone,gender,232,232,0,86,146,0.3706896551724138,0.6293103448275862,4
gemma4,xlmr,retrieved,exaone,age,102,102,0,52,50,0.5098039215686274,0.49019607843137253,4
gemma4,xlmr,retrieved,exaone,race_or_region_of_origin,893,893,0,620,273,0.6942889137737962,0.3057110862262038,4
gemma4,xlmr,retrieved,exaone,religion,46,46,0,30,16,0.6521739130434783,0.34782608695652173,4
gemma4,xlmr,retrieved,exaone,politics,1790,1790,0,1413,377,0.7893854748603352,0.2106145251396648,4
gemma4,xlmr,retrieved,exaone,occupation,365,365,0,183,182,0.5013698630136987,0.4986301369863014,4
gemma4,xlmr,retrieved,exaone,disability,99,99,0,38,61,0.3838383838383838,0.6161616161616161,4
gemma4,xlmr,retrieved,gemma4,gender,232,232,0,177,55,0.7629310344827587,0.23706896551724138,4
gemma4,xlmr,retrieved,gemma4,age,102,102,0,64,38,0.6274509803921569,0.37254901960784315,4
gemma4,xlmr,retrieved,gemma4,race_or_region_of_origin,893,893,0,583,310,0.6528555431131019,0.3471444568868981,4
gemma4,xlmr,retrieved,gemma4,religion,46,46,0,29,17,0.6304347826086957,0.3695652173913043,4
gemma4,xlmr,retrieved,gemma4,politics,1790,1790,0,1045,745,0.5837988826815642,0.41620111731843573,4
gemma4,xlmr,retrieved,gemma4,occupation,365,365,0,160,205,0.4383561643835616,0.5616438356164384,4
gemma4,xlmr,retrieved,gemma4,disability,99,99,0,39,60,0.3939393939393939,0.6060606060606061,4
gemma4,xlmr,random,source,gender,232,232,0,190,42,0.8189655172413793,0.1810344827586207,4
gemma4,xlmr,random,source,age,102,102,0,70,32,0.6862745098039216,0.3137254901960784,4
gemma4,xlmr,random,source,race_or_region_of_origin,893,893,0,629,264,0.7043673012318029,0.2956326987681971,4
gemma4,xlmr,random,source,religion,46,46,0,39,7,0.8478260869565217,0.15217391304347827,4
gemma4,xlmr,random,source,politics,1790,1790,0,1233,557,0.6888268156424581,0.3111731843575419,4
gemma4,xlmr,random,source,occupation,365,365,0,212,153,0.5808219178082191,0.4191780821917808,4
gemma4,xlmr,random,source,disability,99,99,0,53,46,0.5353535353535354,0.46464646464646464,4
gemma4,xlmr,random,exaone,gender,232,232,0,129,103,0.5560344827586207,0.44396551724137934,4
gemma4,xlmr,random,exaone,age,102,102,0,53,49,0.5196078431372549,0.4803921568627451,4
gemma4,xlmr,random,exaone,race_or_region_of_origin,893,893,0,633,260,0.7088465845464725,0.2911534154535274,4
gemma4,xlmr,random,exaone,religion,46,46,0,34,12,0.7391304347826086,0.2608695652173913,4
gemma4,xlmr,random,exaone,politics,1790,1790,0,1421,369,0.7938547486033519,0.20614525139664805,4
gemma4,xlmr,random,exaone,occupation,365,365,0,179,186,0.4904109589041096,0.5095890410958904,4
gemma4,xlmr,random,exaone,disability,99,99,0,39,60,0.3939393939393939,0.6060606060606061,4
gemma4,xlmr,random,gemma4,gender,232,232,0,184,48,0.7931034482758621,0.20689655172413793,4
gemma4,xlmr,random,gemma4,age,102,102,0,60,42,0.5882352941176471,0.4117647058823529,4
gemma4,xlmr,random,gemma4,race_or_region_of_origin,893,893,0,634,259,0.70996640537514,0.29003359462486,4
gemma4,xlmr,random,gemma4,religion,46,46,0,34,12,0.7391304347826086,0.2608695652173913,4
gemma4,xlmr,random,gemma4,politics,1790,1790,0,1183,607,0.6608938547486034,0.33910614525139665,4
gemma4,xlmr,random,gemma4,occupation,365,365,0,156,209,0.4273972602739726,0.5726027397260274,4
gemma4,xlmr,random,gemma4,disability,99,99,0,50,49,0.5050505050505051,0.494949494949495,4
gemma4,xlmr,retrieved,source,gender,232,232,0,190,42,0.8189655172413793,0.1810344827586207,5
gemma4,xlmr,retrieved,source,age,102,102,0,73,29,0.7156862745098039,0.28431372549019607,5
gemma4,xlmr,retrieved,source,race_or_region_of_origin,893,893,0,729,164,0.8163493840985442,0.18365061590145576,5
gemma4,xlmr,retrieved,source,religion,46,46,0,39,7,0.8478260869565217,0.15217391304347827,5
gemma4,xlmr,retrieved,source,politics,1790,1790,0,1284,506,0.71731843575419,0.28268156424581004,5
gemma4,xlmr,retrieved,source,occupation,365,365,0,240,125,0.6575342465753424,0.3424657534246575,5
gemma4,xlmr,retrieved,source,disability,99,99,0,69,30,0.696969696969697,0.30303030303030304,5
gemma4,xlmr,retrieved,exaone,gender,232,232,0,95,137,0.40948275862068967,0.5905172413793104,5
gemma4,xlmr,retrieved,exaone,age,102,102,0,42,60,0.4117647058823529,0.5882352941176471,5
gemma4,xlmr,retrieved,exaone,race_or_region_of_origin,893,893,0,685,208,0.7670772676371781,0.23292273236282196,5
gemma4,xlmr,retrieved,exaone,religion,46,46,0,30,16,0.6521739130434783,0.34782608695652173,5
gemma4,xlmr,retrieved,exaone,politics,1790,1790,0,1379,411,0.770391061452514,0.22960893854748604,5
gemma4,xlmr,retrieved,exaone,occupation,365,365,0,143,222,0.3917808219178082,0.6082191780821918,5
gemma4,xlmr,retrieved,exaone,disability,99,99,0,41,58,0.41414141414141414,0.5858585858585859,5
gemma4,xlmr,retrieved,gemma4,gender,232,232,0,142,90,0.6120689655172413,0.3879310344827586,5
gemma4,xlmr,retrieved,gemma4,age,102,102,0,54,48,0.5294117647058824,0.47058823529411764,5
gemma4,xlmr,retrieved,gemma4,race_or_region_of_origin,893,893,0,631,262,0.7066069428891377,0.2933930571108623,5
gemma4,xlmr,retrieved,gemma4,religion,46,46,0,29,17,0.6304347826086957,0.3695652173913043,5
gemma4,xlmr,retrieved,gemma4,politics,1790,1790,0,1200,590,0.6703910614525139,0.329608938547486,5
gemma4,xlmr,retrieved,gemma4,occupation,365,365,0,145,220,0.3972602739726027,0.6027397260273972,5
gemma4,xlmr,retrieved,gemma4,disability,99,99,0,40,59,0.40404040404040403,0.5959595959595959,5
gemma4,xlmr,random,source,gender,232,232,0,185,47,0.7974137931034483,0.2025862068965517,5
gemma4,xlmr,random,source,age,102,102,0,76,26,0.7450980392156863,0.2549019607843137,5
gemma4,xlmr,random,source,race_or_region_of_origin,893,893,0,686,207,0.7681970884658454,0.23180291153415453,5
gemma4,xlmr,random,source,religion,46,46,0,38,8,0.8260869565217391,0.17391304347826086,5
gemma4,xlmr,random,source,politics,1790,1790,0,1116,674,0.623463687150838,0.376536312849162,5
gemma4,xlmr,random,source,occupation,365,365,0,211,154,0.5780821917808219,0.42191780821917807,5
gemma4,xlmr,random,source,disability,99,99,0,66,33,0.6666666666666666,0.3333333333333333,5
gemma4,xlmr,random,exaone,gender,232,232,0,128,104,0.5517241379310345,0.4482758620689655,5
gemma4,xlmr,random,exaone,age,102,102,0,52,50,0.5098039215686274,0.49019607843137253,5
gemma4,xlmr,random,exaone,race_or_region_of_origin,893,893,0,670,223,0.7502799552071668,0.24972004479283313,5
gemma4,xlmr,random,exaone,religion,46,46,0,32,14,0.6956521739130435,0.30434782608695654,5
gemma4,xlmr,random,exaone,politics,1790,1790,0,1413,377,0.7893854748603352,0.2106145251396648,5
gemma4,xlmr,random,exaone,occupation,365,365,0,180,185,0.4931506849315068,0.5068493150684932,5
gemma4,xlmr,random,exaone,disability,99,99,0,44,55,0.4444444444444444,0.5555555555555556,5
gemma4,xlmr,random,gemma4,gender,232,232,0,166,66,0.7155172413793104,0.28448275862068967,5
gemma4,xlmr,random,gemma4,age,102,102,0,52,50,0.5098039215686274,0.49019607843137253,5
gemma4,xlmr,random,gemma4,race_or_region_of_origin,893,893,0,542,351,0.606942889137738,0.393057110862262,5
gemma4,xlmr,random,gemma4,religion,46,46,0,27,19,0.5869565217391305,0.41304347826086957,5
gemma4,xlmr,random,gemma4,politics,1790,1790,0,1047,743,0.5849162011173185,0.41508379888268154,5
gemma4,xlmr,random,gemma4,occupation,365,365,0,138,227,0.3780821917808219,0.6219178082191781,5
gemma4,xlmr,random,gemma4,disability,99,99,0,39,60,0.3939393939393939,0.6060606060606061,5
gemma4,xlmr,retrieved,source,gender,232,232,0,191,41,0.8232758620689655,0.17672413793103448,6
gemma4,xlmr,retrieved,source,age,102,102,0,74,28,0.7254901960784313,0.27450980392156865,6
gemma4,xlmr,retrieved,source,race_or_region_of_origin,893,893,0,712,181,0.7973124300111982,0.2026875699888018,6
gemma4,xlmr,retrieved,source,religion,46,46,0,37,9,0.8043478260869565,0.1956521739130435,6
gemma4,xlmr,retrieved,source,politics,1790,1790,0,1219,571,0.6810055865921788,0.31899441340782125,6
gemma4,xlmr,retrieved,source,occupation,365,365,0,204,161,0.5589041095890411,0.4410958904109589,6
gemma4,xlmr,retrieved,source,disability,99,99,0,64,35,0.6464646464646465,0.35353535353535354,6
gemma4,xlmr,retrieved,exaone,gender,232,232,0,132,100,0.5689655172413793,0.43103448275862066,6
gemma4,xlmr,retrieved,exaone,age,102,102,0,45,57,0.4411764705882353,0.5588235294117647,6
gemma4,xlmr,retrieved,exaone,race_or_region_of_origin,893,893,0,720,173,0.8062709966405375,0.1937290033594625,6
gemma4,xlmr,retrieved,exaone,religion,46,46,0,30,16,0.6521739130434783,0.34782608695652173,6
gemma4,xlmr,retrieved,exaone,politics,1790,1790,0,1334,456,0.7452513966480447,0.2547486033519553,6
gemma4,xlmr,retrieved,exaone,occupation,365,365,0,171,194,0.4684931506849315,0.5315068493150685,6
gemma4,xlmr,retrieved,exaone,disability,99,99,0,34,65,0.3434343434343434,0.6565656565656566,6
gemma4,xlmr,retrieved,gemma4,gender,232,232,0,161,71,0.6939655172413793,0.30603448275862066,6
gemma4,xlmr,retrieved,gemma4,age,102,102,0,58,44,0.5686274509803921,0.43137254901960786,6
gemma4,xlmr,retrieved,gemma4,race_or_region_of_origin,893,893,0,662,231,0.7413213885778276,0.25867861142217247,6
gemma4,xlmr,retrieved,gemma4,religion,46,46,0,36,10,0.782608695652174,0.21739130434782608,6
gemma4,xlmr,retrieved,gemma4,politics,1790,1790,0,1086,704,0.6067039106145251,0.39329608938547483,6
gemma4,xlmr,retrieved,gemma4,occupation,365,365,0,146,219,0.4,0.6,6
gemma4,xlmr,retrieved,gemma4,disability,99,99,0,39,60,0.3939393939393939,0.6060606060606061,6
gemma4,xlmr,random,source,gender,232,232,0,220,12,0.9482758620689655,0.05172413793103448,6
gemma4,xlmr,random,source,age,102,102,0,91,11,0.8921568627450981,0.10784313725490197,6
gemma4,xlmr,random,source,race_or_region_of_origin,893,893,0,796,97,0.8913773796192609,0.10862262038073908,6
gemma4,xlmr,random,source,religion,46,46,0,41,5,0.8913043478260869,0.10869565217391304,6
gemma4,xlmr,random,source,politics,1790,1790,0,1498,292,0.8368715083798882,0.16312849162011173,6
gemma4,xlmr,random,source,occupation,365,365,0,292,73,0.8,0.2,6
gemma4,xlmr,random,source,disability,99,99,0,76,23,0.7676767676767676,0.23232323232323232,6
gemma4,xlmr,random,exaone,gender,232,232,0,62,170,0.2672413793103448,0.7327586206896551,6
gemma4,xlmr,random,exaone,age,102,102,0,41,61,0.4019607843137255,0.5980392156862745,6
gemma4,xlmr,random,exaone,race_or_region_of_origin,893,893,0,610,283,0.683090705487122,0.3169092945128779,6
gemma4,xlmr,random,exaone,religion,46,46,0,32,14,0.6956521739130435,0.30434782608695654,6
gemma4,xlmr,random,exaone,politics,1790,1790,0,1231,559,0.6877094972067039,0.31229050279329607,6
gemma4,xlmr,random,exaone,occupation,365,365,0,135,230,0.3698630136986301,0.6301369863013698,6
gemma4,xlmr,random,exaone,disability,99,99,0,38,61,0.3838383838383838,0.6161616161616161,6
gemma4,xlmr,random,gemma4,gender,232,232,0,164,68,0.7068965517241379,0.29310344827586204,6
gemma4,xlmr,random,gemma4,age,102,102,0,53,49,0.5196078431372549,0.4803921568627451,6
gemma4,xlmr,random,gemma4,race_or_region_of_origin,893,893,0,662,231,0.7413213885778276,0.25867861142217247,6
gemma4,xlmr,random,gemma4,religion,46,46,0,35,11,0.7608695652173914,0.2391304347826087,6
gemma4,xlmr,random,gemma4,politics,1790,1790,0,1028,762,0.5743016759776536,0.42569832402234636,6
gemma4,xlmr,random,gemma4,occupation,365,365,0,125,240,0.3424657534246575,0.6575342465753424,6
gemma4,xlmr,random,gemma4,disability,99,99,0,37,62,0.37373737373737376,0.6262626262626263,6
gemma4,xlmr,retrieved,source,gender,232,232,0,210,22,0.9051724137931034,0.09482758620689655,7
gemma4,xlmr,retrieved,source,age,102,102,0,79,23,0.7745098039215687,0.22549019607843138,7
gemma4,xlmr,retrieved,source,race_or_region_of_origin,893,893,0,706,187,0.7905935050391937,0.20940649496080627,7
gemma4,xlmr,retrieved,source,religion,46,46,0,32,14,0.6956521739130435,0.30434782608695654,7
gemma4,xlmr,retrieved,source,politics,1790,1790,0,1263,527,0.705586592178771,0.29441340782122905,7
gemma4,xlmr,retrieved,source,occupation,365,365,0,206,159,0.5643835616438356,0.43561643835616437,7
gemma4,xlmr,retrieved,source,disability,99,99,0,58,41,0.5858585858585859,0.41414141414141414,7
gemma4,xlmr,retrieved,exaone,gender,232,232,0,89,143,0.38362068965517243,0.6163793103448276,7
gemma4,xlmr,retrieved,exaone,age,102,102,0,51,51,0.5,0.5,7
gemma4,xlmr,retrieved,exaone,race_or_region_of_origin,893,893,0,722,171,0.8085106382978723,0.19148936170212766,7
gemma4,xlmr,retrieved,exaone,religion,46,46,0,26,20,0.5652173913043478,0.43478260869565216,7
gemma4,xlmr,retrieved,exaone,politics,1790,1790,0,1437,353,0.8027932960893854,0.1972067039106145,7
gemma4,xlmr,retrieved,exaone,occupation,365,365,0,150,215,0.410958904109589,0.589041095890411,7
gemma4,xlmr,retrieved,exaone,disability,99,99,0,37,62,0.37373737373737376,0.6262626262626263,7
gemma4,xlmr,retrieved,gemma4,gender,232,232,0,167,65,0.7198275862068966,0.2801724137931034,7
gemma4,xlmr,retrieved,gemma4,age,102,102,0,63,39,0.6176470588235294,0.38235294117647056,7
gemma4,xlmr,retrieved,gemma4,race_or_region_of_origin,893,893,0,634,259,0.70996640537514,0.29003359462486,7
gemma4,xlmr,retrieved,gemma4,religion,46,46,0,32,14,0.6956521739130435,0.30434782608695654,7
gemma4,xlmr,retrieved,gemma4,politics,1790,1790,0,1141,649,0.6374301675977654,0.3625698324022346,7
gemma4,xlmr,retrieved,gemma4,occupation,365,365,0,138,227,0.3780821917808219,0.6219178082191781,7
gemma4,xlmr,retrieved,gemma4,disability,99,99,0,35,64,0.35353535353535354,0.6464646464646465,7
gemma4,xlmr,random,source,gender,232,232,0,189,43,0.8146551724137931,0.1853448275862069,7
gemma4,xlmr,random,source,age,102,102,0,74,28,0.7254901960784313,0.27450980392156865,7
gemma4,xlmr,random,source,race_or_region_of_origin,893,893,0,626,267,0.7010078387458006,0.2989921612541993,7
gemma4,xlmr,random,source,religion,46,46,0,33,13,0.717391304347826,0.2826086956521739,7
gemma4,xlmr,random,source,politics,1790,1790,0,1251,539,0.6988826815642458,0.3011173184357542,7
gemma4,xlmr,random,source,occupation,365,365,0,211,154,0.5780821917808219,0.42191780821917807,7
gemma4,xlmr,random,source,disability,99,99,0,60,39,0.6060606060606061,0.3939393939393939,7
gemma4,xlmr,random,exaone,gender,232,232,0,105,127,0.4525862068965517,0.5474137931034483,7
gemma4,xlmr,random,exaone,age,102,102,0,60,42,0.5882352941176471,0.4117647058823529,7
gemma4,xlmr,random,exaone,race_or_region_of_origin,893,893,0,642,251,0.7189249720044792,0.2810750279955207,7
gemma4,xlmr,random,exaone,religion,46,46,0,29,17,0.6304347826086957,0.3695652173913043,7
gemma4,xlmr,random,exaone,politics,1790,1790,0,1467,323,0.8195530726256983,0.18044692737430168,7
gemma4,xlmr,random,exaone,occupation,365,365,0,197,168,0.5397260273972603,0.4602739726027397,7
gemma4,xlmr,random,exaone,disability,99,99,0,38,61,0.3838383838383838,0.6161616161616161,7
gemma4,xlmr,random,gemma4,gender,232,232,0,197,35,0.8491379310344828,0.15086206896551724,7
gemma4,xlmr,random,gemma4,age,102,102,0,80,22,0.7843137254901961,0.21568627450980393,7
gemma4,xlmr,random,gemma4,race_or_region_of_origin,893,893,0,709,184,0.793952967525196,0.20604703247480402,7
gemma4,xlmr,random,gemma4,religion,46,46,0,32,14,0.6956521739130435,0.30434782608695654,7
gemma4,xlmr,random,gemma4,politics,1790,1790,0,1288,502,0.7195530726256983,0.28044692737430166,7
gemma4,xlmr,random,gemma4,occupation,365,365,0,181,184,0.4958904109589041,0.5041095890410959,7
gemma4,xlmr,random,gemma4,disability,99,99,0,62,37,0.6262626262626263,0.37373737373737376,7
gemma4,xlmr,retrieved,source,gender,232,232,0,212,20,0.9137931034482759,0.08620689655172414,8
gemma4,xlmr,retrieved,source,age,102,102,0,88,14,0.8627450980392157,0.13725490196078433,8
gemma4,xlmr,retrieved,source,race_or_region_of_origin,893,893,0,773,120,0.8656215005599104,0.1343784994400896,8
gemma4,xlmr,retrieved,source,religion,46,46,0,39,7,0.8478260869565217,0.15217391304347827,8
gemma4,xlmr,retrieved,source,politics,1790,1790,0,1446,344,0.8078212290502793,0.19217877094972066,8
gemma4,xlmr,retrieved,source,occupation,365,365,0,263,102,0.7205479452054795,0.27945205479452057,8
gemma4,xlmr,retrieved,source,disability,99,99,0,69,30,0.696969696969697,0.30303030303030304,8
gemma4,xlmr,retrieved,exaone,gender,232,232,0,118,114,0.5086206896551724,0.49137931034482757,8
gemma4,xlmr,retrieved,exaone,age,102,102,0,43,59,0.4215686274509804,0.5784313725490197,8
gemma4,xlmr,retrieved,exaone,race_or_region_of_origin,893,893,0,654,239,0.7323628219484882,0.26763717805151177,8
gemma4,xlmr,retrieved,exaone,religion,46,46,0,27,19,0.5869565217391305,0.41304347826086957,8
gemma4,xlmr,retrieved,exaone,politics,1790,1790,0,1341,449,0.7491620111731844,0.2508379888268156,8
gemma4,xlmr,retrieved,exaone,occupation,365,365,0,156,209,0.4273972602739726,0.5726027397260274,8
gemma4,xlmr,retrieved,exaone,disability,99,99,0,35,64,0.35353535353535354,0.6464646464646465,8
gemma4,xlmr,retrieved,gemma4,gender,232,232,0,173,59,0.7456896551724138,0.2543103448275862,8
gemma4,xlmr,retrieved,gemma4,age,102,102,0,64,38,0.6274509803921569,0.37254901960784315,8
gemma4,xlmr,retrieved,gemma4,race_or_region_of_origin,893,893,0,688,205,0.7704367301231803,0.22956326987681971,8
gemma4,xlmr,retrieved,gemma4,religion,46,46,0,32,14,0.6956521739130435,0.30434782608695654,8
gemma4,xlmr,retrieved,gemma4,politics,1790,1790,0,1118,672,0.6245810055865921,0.3754189944134078,8
gemma4,xlmr,retrieved,gemma4,occupation,365,365,0,150,215,0.410958904109589,0.589041095890411,8
gemma4,xlmr,retrieved,gemma4,disability,99,99,0,45,54,0.45454545454545453,0.5454545454545454,8
gemma4,xlmr,random,source,gender,232,232,0,203,29,0.875,0.125,8
gemma4,xlmr,random,source,age,102,102,0,86,16,0.8431372549019608,0.1568627450980392,8
gemma4,xlmr,random,source,race_or_region_of_origin,893,893,0,738,155,0.826427771556551,0.17357222844344905,8
gemma4,xlmr,random,source,religion,46,46,0,35,11,0.7608695652173914,0.2391304347826087,8
gemma4,xlmr,random,source,politics,1790,1790,0,1422,368,0.794413407821229,0.20558659217877095,8
gemma4,xlmr,random,source,occupation,365,365,0,233,132,0.6383561643835617,0.36164383561643837,8
gemma4,xlmr,random,source,disability,99,99,0,72,27,0.7272727272727273,0.2727272727272727,8
gemma4,xlmr,random,exaone,gender,232,232,0,140,92,0.603448275862069,0.39655172413793105,8
gemma4,xlmr,random,exaone,age,102,102,0,57,45,0.5588235294117647,0.4411764705882353,8
gemma4,xlmr,random,exaone,race_or_region_of_origin,893,893,0,697,196,0.780515117581187,0.21948488241881298,8
gemma4,xlmr,random,exaone,religion,46,46,0,32,14,0.6956521739130435,0.30434782608695654,8
gemma4,xlmr,random,exaone,politics,1790,1790,0,1399,391,0.7815642458100559,0.21843575418994413,8
gemma4,xlmr,random,exaone,occupation,365,365,0,205,160,0.5616438356164384,0.4383561643835616,8
gemma4,xlmr,random,exaone,disability,99,99,0,59,40,0.5959595959595959,0.40404040404040403,8
gemma4,xlmr,random,gemma4,gender,232,232,0,182,50,0.7844827586206896,0.21551724137931033,8
gemma4,xlmr,random,gemma4,age,102,102,0,68,34,0.6666666666666666,0.3333333333333333,8
gemma4,xlmr,random,gemma4,race_or_region_of_origin,893,893,0,705,188,0.7894736842105263,0.21052631578947367,8
gemma4,xlmr,random,gemma4,religion,46,46,0,34,12,0.7391304347826086,0.2608695652173913,8
gemma4,xlmr,random,gemma4,politics,1790,1790,0,1295,495,0.723463687150838,0.276536312849162,8
gemma4,xlmr,random,gemma4,occupation,365,365,0,171,194,0.4684931506849315,0.5315068493150685,8
gemma4,xlmr,random,gemma4,disability,99,99,0,49,50,0.494949494949495,0.5050505050505051,8
gemma4,xlmr,retrieved,source,gender,232,232,0,199,33,0.8577586206896551,0.14224137931034483,9
gemma4,xlmr,retrieved,source,age,102,102,0,86,16,0.8431372549019608,0.1568627450980392,9
gemma4,xlmr,retrieved,source,race_or_region_of_origin,893,893,0,646,247,0.723404255319149,0.2765957446808511,9
gemma4,xlmr,retrieved,source,religion,46,46,0,34,12,0.7391304347826086,0.2608695652173913,9
gemma4,xlmr,retrieved,source,politics,1790,1790,0,1375,415,0.7681564245810056,0.23184357541899442,9
gemma4,xlmr,retrieved,source,occupation,365,365,0,218,147,0.5972602739726027,0.40273972602739727,9
gemma4,xlmr,retrieved,source,disability,99,99,0,76,23,0.7676767676767676,0.23232323232323232,9
gemma4,xlmr,retrieved,exaone,gender,232,232,0,56,176,0.2413793103448276,0.7586206896551724,9
gemma4,xlmr,retrieved,exaone,age,102,102,0,30,72,0.29411764705882354,0.7058823529411765,9
gemma4,xlmr,retrieved,exaone,race_or_region_of_origin,893,893,0,291,602,0.3258678611422172,0.6741321388577828,9
gemma4,xlmr,retrieved,exaone,religion,46,46,0,8,38,0.17391304347826086,0.8260869565217391,9
gemma4,xlmr,retrieved,exaone,politics,1790,1790,0,647,1143,0.3614525139664804,0.6385474860335195,9
gemma4,xlmr,retrieved,exaone,occupation,365,365,0,101,264,0.27671232876712326,0.7232876712328767,9
gemma4,xlmr,retrieved,exaone,disability,99,99,0,18,81,0.18181818181818182,0.8181818181818182,9
gemma4,xlmr,retrieved,gemma4,gender,232,232,0,131,101,0.5646551724137931,0.4353448275862069,9
gemma4,xlmr,retrieved,gemma4,age,102,102,0,56,46,0.5490196078431373,0.45098039215686275,9
gemma4,xlmr,retrieved,gemma4,race_or_region_of_origin,893,893,0,516,377,0.5778275475923852,0.4221724524076148,9
gemma4,xlmr,retrieved,gemma4,religion,46,46,0,25,21,0.5434782608695652,0.45652173913043476,9
gemma4,xlmr,retrieved,gemma4,politics,1790,1790,0,1030,760,0.5754189944134078,0.4245810055865922,9
gemma4,xlmr,retrieved,gemma4,occupation,365,365,0,112,253,0.30684931506849317,0.6931506849315069,9
gemma4,xlmr,retrieved,gemma4,disability,99,99,0,41,58,0.41414141414141414,0.5858585858585859,9
gemma4,xlmr,random,source,gender,232,232,0,202,30,0.8706896551724138,0.12931034482758622,9
gemma4,xlmr,random,source,age,102,102,0,81,21,0.7941176470588235,0.20588235294117646,9
gemma4,xlmr,random,source,race_or_region_of_origin,893,893,0,695,198,0.7782754759238522,0.22172452407614782,9
gemma4,xlmr,random,source,religion,46,46,0,40,6,0.8695652173913043,0.13043478260869565,9
gemma4,xlmr,random,source,politics,1790,1790,0,1364,426,0.7620111731843575,0.23798882681564246,9
gemma4,xlmr,random,source,occupation,365,365,0,233,132,0.6383561643835617,0.36164383561643837,9
gemma4,xlmr,random,source,disability,99,99,0,76,23,0.7676767676767676,0.23232323232323232,9
gemma4,xlmr,random,exaone,gender,232,232,0,127,105,0.5474137931034483,0.4525862068965517,9
gemma4,xlmr,random,exaone,age,102,102,0,51,51,0.5,0.5,9
gemma4,xlmr,random,exaone,race_or_region_of_origin,893,893,0,614,279,0.6875699888017918,0.3124300111982083,9
gemma4,xlmr,random,exaone,religion,46,46,0,30,16,0.6521739130434783,0.34782608695652173,9
gemma4,xlmr,random,exaone,politics,1790,1790,0,1443,347,0.806145251396648,0.19385474860335195,9
gemma4,xlmr,random,exaone,occupation,365,365,0,165,200,0.4520547945205479,0.547945205479452,9
gemma4,xlmr,random,exaone,disability,99,99,0,51,48,0.5151515151515151,0.48484848484848486,9
gemma4,xlmr,random,gemma4,gender,232,232,0,169,63,0.728448275862069,0.27155172413793105,9
gemma4,xlmr,random,gemma4,age,102,102,0,63,39,0.6176470588235294,0.38235294117647056,9
gemma4,xlmr,random,gemma4,race_or_region_of_origin,893,893,0,471,422,0.5274356103023516,0.47256438969764836,9
gemma4,xlmr,random,gemma4,religion,46,46,0,31,15,0.6739130434782609,0.32608695652173914,9
gemma4,xlmr,random,gemma4,politics,1790,1790,0,1045,745,0.5837988826815642,0.41620111731843573,9
gemma4,xlmr,random,gemma4,occupation,365,365,0,124,241,0.33972602739726027,0.6602739726027397,9
gemma4,xlmr,random,gemma4,disability,99,99,0,40,59,0.40404040404040403,0.5959595959595959,9
gemma4,xlmr,retrieved,source,gender,232,232,0,197,35,0.8491379310344828,0.15086206896551724,10
gemma4,xlmr,retrieved,source,age,102,102,0,82,20,0.803921568627451,0.19607843137254902,10
gemma4,xlmr,retrieved,source,race_or_region_of_origin,893,893,0,668,225,0.748040313549832,0.251959686450168,10
gemma4,xlmr,retrieved,source,religion,46,46,0,31,15,0.6739130434782609,0.32608695652173914,10
gemma4,xlmr,retrieved,source,politics,1790,1790,0,1268,522,0.7083798882681565,0.2916201117318436,10
gemma4,xlmr,retrieved,source,occupation,365,365,0,217,148,0.5945205479452055,0.4054794520547945,10
gemma4,xlmr,retrieved,source,disability,99,99,0,64,35,0.6464646464646465,0.35353535353535354,10
gemma4,xlmr,retrieved,exaone,gender,232,232,0,130,102,0.5603448275862069,0.4396551724137931,10
gemma4,xlmr,retrieved,exaone,age,102,102,0,57,45,0.5588235294117647,0.4411764705882353,10
gemma4,xlmr,retrieved,exaone,race_or_region_of_origin,893,893,0,637,256,0.7133258678611423,0.2866741321388578,10
gemma4,xlmr,retrieved,exaone,religion,46,46,0,29,17,0.6304347826086957,0.3695652173913043,10
gemma4,xlmr,retrieved,exaone,politics,1790,1790,0,1372,418,0.7664804469273743,0.2335195530726257,10
gemma4,xlmr,retrieved,exaone,occupation,365,365,0,160,205,0.4383561643835616,0.5616438356164384,10
gemma4,xlmr,retrieved,exaone,disability,99,99,0,37,62,0.37373737373737376,0.6262626262626263,10
gemma4,xlmr,retrieved,gemma4,gender,232,232,0,165,67,0.7112068965517241,0.28879310344827586,10
gemma4,xlmr,retrieved,gemma4,age,102,102,0,59,43,0.5784313725490197,0.4215686274509804,10
gemma4,xlmr,retrieved,gemma4,race_or_region_of_origin,893,893,0,493,400,0.5520716685330347,0.4479283314669653,10
gemma4,xlmr,retrieved,gemma4,religion,46,46,0,27,19,0.5869565217391305,0.41304347826086957,10
gemma4,xlmr,retrieved,gemma4,politics,1790,1790,0,1112,678,0.6212290502793296,0.3787709497206704,10
gemma4,xlmr,retrieved,gemma4,occupation,365,365,0,121,244,0.3315068493150685,0.6684931506849315,10
gemma4,xlmr,retrieved,gemma4,disability,99,99,0,38,61,0.3838383838383838,0.6161616161616161,10
gemma4,xlmr,random,source,gender,232,232,0,197,35,0.8491379310344828,0.15086206896551724,10
gemma4,xlmr,random,source,age,102,102,0,80,22,0.7843137254901961,0.21568627450980393,10
gemma4,xlmr,random,source,race_or_region_of_origin,893,893,0,647,246,0.7245240761478163,0.27547592385218367,10
gemma4,xlmr,random,source,religion,46,46,0,33,13,0.717391304347826,0.2826086956521739,10
gemma4,xlmr,random,source,politics,1790,1790,0,1211,579,0.676536312849162,0.323463687150838,10
gemma4,xlmr,random,source,occupation,365,365,0,210,155,0.5753424657534246,0.4246575342465753,10
gemma4,xlmr,random,source,disability,99,99,0,60,39,0.6060606060606061,0.3939393939393939,10
gemma4,xlmr,random,exaone,gender,232,232,0,124,108,0.5344827586206896,0.46551724137931033,10
gemma4,xlmr,random,exaone,age,102,102,0,63,39,0.6176470588235294,0.38235294117647056,10
gemma4,xlmr,random,exaone,race_or_region_of_origin,893,893,0,576,317,0.64501679731243,0.35498320268757,10
gemma4,xlmr,random,exaone,religion,46,46,0,30,16,0.6521739130434783,0.34782608695652173,10
gemma4,xlmr,random,exaone,politics,1790,1790,0,1436,354,0.8022346368715084,0.19776536312849163,10
gemma4,xlmr,random,exaone,occupation,365,365,0,156,209,0.4273972602739726,0.5726027397260274,10
gemma4,xlmr,random,exaone,disability,99,99,0,39,60,0.3939393939393939,0.6060606060606061,10
gemma4,xlmr,random,gemma4,gender,232,232,0,120,112,0.5172413793103449,0.4827586206896552,10
gemma4,xlmr,random,gemma4,age,102,102,0,47,55,0.46078431372549017,0.5392156862745098,10
gemma4,xlmr,random,gemma4,race_or_region_of_origin,893,893,0,431,462,0.4826427771556551,0.5173572228443449,10
gemma4,xlmr,random,gemma4,religion,46,46,0,25,21,0.5434782608695652,0.45652173913043476,10
gemma4,xlmr,random,gemma4,politics,1790,1790,0,902,888,0.5039106145251396,0.4960893854748603,10
gemma4,xlmr,random,gemma4,occupation,365,365,0,143,222,0.3917808219178082,0.6082191780821918,10
gemma4,xlmr,random,gemma4,disability,99,99,0,42,57,0.42424242424242425,0.5757575757575758,10
gemma4,xlmr,retrieved,source,gender,232,232,0,173,59,0.7456896551724138,0.2543103448275862,11
gemma4,xlmr,retrieved,source,age,102,102,0,72,30,0.7058823529411765,0.29411764705882354,11
gemma4,xlmr,retrieved,source,race_or_region_of_origin,893,893,0,635,258,0.7110862262038073,0.2889137737961926,11
gemma4,xlmr,retrieved,source,religion,46,46,0,33,13,0.717391304347826,0.2826086956521739,11
gemma4,xlmr,retrieved,source,politics,1790,1790,0,1216,574,0.6793296089385474,0.3206703910614525,11
gemma4,xlmr,retrieved,source,occupation,365,365,0,219,146,0.6,0.4,11
gemma4,xlmr,retrieved,source,disability,99,99,0,56,43,0.5656565656565656,0.43434343434343436,11
gemma4,xlmr,retrieved,exaone,gender,232,232,0,93,139,0.40086206896551724,0.5991379310344828,11
gemma4,xlmr,retrieved,exaone,age,102,102,0,53,49,0.5196078431372549,0.4803921568627451,11
gemma4,xlmr,retrieved,exaone,race_or_region_of_origin,893,893,0,636,257,0.7122060470324748,0.2877939529675252,11
gemma4,xlmr,retrieved,exaone,religion,46,46,0,32,14,0.6956521739130435,0.30434782608695654,11
gemma4,xlmr,retrieved,exaone,politics,1790,1790,0,1383,407,0.7726256983240224,0.22737430167597766,11
gemma4,xlmr,retrieved,exaone,occupation,365,365,0,186,179,0.5095890410958904,0.4904109589041096,11
gemma4,xlmr,retrieved,exaone,disability,99,99,0,37,62,0.37373737373737376,0.6262626262626263,11
gemma4,xlmr,retrieved,gemma4,gender,232,232,0,155,77,0.6681034482758621,0.33189655172413796,11
gemma4,xlmr,retrieved,gemma4,age,102,102,0,65,37,0.6372549019607843,0.3627450980392157,11
gemma4,xlmr,retrieved,gemma4,race_or_region_of_origin,893,893,0,560,333,0.6270996640537514,0.3729003359462486,11
gemma4,xlmr,retrieved,gemma4,religion,46,46,0,33,13,0.717391304347826,0.2826086956521739,11
gemma4,xlmr,retrieved,gemma4,politics,1790,1790,0,1131,659,0.6318435754189944,0.36815642458100556,11
gemma4,xlmr,retrieved,gemma4,occupation,365,365,0,152,213,0.41643835616438357,0.5835616438356165,11
gemma4,xlmr,retrieved,gemma4,disability,99,99,0,38,61,0.3838383838383838,0.6161616161616161,11
gemma4,xlmr,random,source,gender,232,232,0,194,38,0.8362068965517241,0.16379310344827586,11
gemma4,xlmr,random,source,age,102,102,0,78,24,0.7647058823529411,0.23529411764705882,11
gemma4,xlmr,random,source,race_or_region_of_origin,893,893,0,656,237,0.734602463605823,0.26539753639417696,11
gemma4,xlmr,random,source,religion,46,46,0,32,14,0.6956521739130435,0.30434782608695654,11
gemma4,xlmr,random,source,politics,1790,1790,0,1342,448,0.7497206703910615,0.25027932960893856,11
gemma4,xlmr,random,source,occupation,365,365,0,261,104,0.7150684931506849,0.28493150684931506,11
gemma4,xlmr,random,source,disability,99,99,0,66,33,0.6666666666666666,0.3333333333333333,11
gemma4,xlmr,random,exaone,gender,232,232,0,120,112,0.5172413793103449,0.4827586206896552,11
gemma4,xlmr,random,exaone,age,102,102,0,53,49,0.5196078431372549,0.4803921568627451,11
gemma4,xlmr,random,exaone,race_or_region_of_origin,893,893,0,664,229,0.7435610302351624,0.2564389697648376,11
gemma4,xlmr,random,exaone,religion,46,46,0,32,14,0.6956521739130435,0.30434782608695654,11
gemma4,xlmr,random,exaone,politics,1790,1790,0,1370,420,0.7653631284916201,0.2346368715083799,11
gemma4,xlmr,random,exaone,occupation,365,365,0,163,202,0.4465753424657534,0.5534246575342465,11
gemma4,xlmr,random,exaone,disability,99,99,0,38,61,0.3838383838383838,0.6161616161616161,11
gemma4,xlmr,random,gemma4,gender,232,232,0,182,50,0.7844827586206896,0.21551724137931033,11
gemma4,xlmr,random,gemma4,age,102,102,0,73,29,0.7156862745098039,0.28431372549019607,11
gemma4,xlmr,random,gemma4,race_or_region_of_origin,893,893,0,613,280,0.6864501679731243,0.3135498320268757,11
gemma4,xlmr,random,gemma4,religion,46,46,0,35,11,0.7608695652173914,0.2391304347826087,11
gemma4,xlmr,random,gemma4,politics,1790,1790,0,1328,462,0.7418994413407821,0.2581005586592179,11
gemma4,xlmr,random,gemma4,occupation,365,365,0,204,161,0.5589041095890411,0.4410958904109589,11
gemma4,xlmr,random,gemma4,disability,99,99,0,48,51,0.48484848484848486,0.5151515151515151,11
gemma4,xlmr,retrieved,source,gender,232,232,0,202,30,0.8706896551724138,0.12931034482758622,12
gemma4,xlmr,retrieved,source,age,102,102,0,85,17,0.8333333333333334,0.16666666666666666,12
gemma4,xlmr,retrieved,source,race_or_region_of_origin,893,893,0,683,210,0.7648376259798432,0.23516237402015677,12
gemma4,xlmr,retrieved,source,religion,46,46,0,40,6,0.8695652173913043,0.13043478260869565,12
gemma4,xlmr,retrieved,source,politics,1790,1790,0,1300,490,0.7262569832402235,0.2737430167597765,12
gemma4,xlmr,retrieved,source,occupation,365,365,0,223,142,0.6109589041095891,0.38904109589041097,12
gemma4,xlmr,retrieved,source,disability,99,99,0,66,33,0.6666666666666666,0.3333333333333333,12
gemma4,xlmr,retrieved,exaone,gender,232,232,0,97,135,0.41810344827586204,0.5818965517241379,12
gemma4,xlmr,retrieved,exaone,age,102,102,0,55,47,0.5392156862745098,0.46078431372549017,12
gemma4,xlmr,retrieved,exaone,race_or_region_of_origin,893,893,0,656,237,0.734602463605823,0.26539753639417696,12
gemma4,xlmr,retrieved,exaone,religion,46,46,0,32,14,0.6956521739130435,0.30434782608695654,12
gemma4,xlmr,retrieved,exaone,politics,1790,1790,0,1451,339,0.8106145251396648,0.1893854748603352,12
gemma4,xlmr,retrieved,exaone,occupation,365,365,0,175,190,0.4794520547945205,0.5205479452054794,12
gemma4,xlmr,retrieved,exaone,disability,99,99,0,32,67,0.32323232323232326,0.6767676767676768,12
gemma4,xlmr,retrieved,gemma4,gender,232,232,0,170,62,0.7327586206896551,0.2672413793103448,12
gemma4,xlmr,retrieved,gemma4,age,102,102,0,59,43,0.5784313725490197,0.4215686274509804,12
gemma4,xlmr,retrieved,gemma4,race_or_region_of_origin,893,893,0,550,343,0.6159014557670772,0.3840985442329227,12
gemma4,xlmr,retrieved,gemma4,religion,46,46,0,30,16,0.6521739130434783,0.34782608695652173,12
gemma4,xlmr,retrieved,gemma4,politics,1790,1790,0,1080,710,0.6033519553072626,0.39664804469273746,12
gemma4,xlmr,retrieved,gemma4,occupation,365,365,0,134,231,0.36712328767123287,0.6328767123287671,12
gemma4,xlmr,retrieved,gemma4,disability,99,99,0,36,63,0.36363636363636365,0.6363636363636364,12
gemma4,xlmr,random,source,gender,232,232,0,207,25,0.8922413793103449,0.10775862068965517,12
gemma4,xlmr,random,source,age,102,102,0,81,21,0.7941176470588235,0.20588235294117646,12
gemma4,xlmr,random,source,race_or_region_of_origin,893,893,0,674,219,0.7547592385218365,0.24524076147816348,12
gemma4,xlmr,random,source,religion,46,46,0,35,11,0.7608695652173914,0.2391304347826087,12
gemma4,xlmr,random,source,politics,1790,1790,0,1369,421,0.764804469273743,0.23519553072625698,12
gemma4,xlmr,random,source,occupation,365,365,0,243,122,0.6657534246575343,0.33424657534246577,12
gemma4,xlmr,random,source,disability,99,99,0,69,30,0.696969696969697,0.30303030303030304,12
gemma4,xlmr,random,exaone,gender,232,232,0,133,99,0.5732758620689655,0.4267241379310345,12
gemma4,xlmr,random,exaone,age,102,102,0,71,31,0.696078431372549,0.30392156862745096,12
gemma4,xlmr,random,exaone,race_or_region_of_origin,893,893,0,636,257,0.7122060470324748,0.2877939529675252,12
gemma4,xlmr,random,exaone,religion,46,46,0,32,14,0.6956521739130435,0.30434782608695654,12
gemma4,xlmr,random,exaone,politics,1790,1790,0,1390,400,0.776536312849162,0.22346368715083798,12
gemma4,xlmr,random,exaone,occupation,365,365,0,175,190,0.4794520547945205,0.5205479452054794,12
gemma4,xlmr,random,exaone,disability,99,99,0,41,58,0.41414141414141414,0.5858585858585859,12
gemma4,xlmr,random,gemma4,gender,232,232,0,185,47,0.7974137931034483,0.2025862068965517,12
gemma4,xlmr,random,gemma4,age,102,102,0,75,27,0.7352941176470589,0.2647058823529412,12
gemma4,xlmr,random,gemma4,race_or_region_of_origin,893,893,0,638,255,0.7144456886898096,0.2855543113101904,12
gemma4,xlmr,random,gemma4,religion,46,46,0,33,13,0.717391304347826,0.2826086956521739,12
gemma4,xlmr,random,gemma4,politics,1790,1790,0,1305,485,0.729050279329609,0.2709497206703911,12
gemma4,xlmr,random,gemma4,occupation,365,365,0,189,176,0.5178082191780822,0.4821917808219178,12
gemma4,xlmr,random,gemma4,disability,99,99,0,46,53,0.46464646464646464,0.5353535353535354,12
gemma4,xlmr,retrieved,source,gender,232,232,0,179,53,0.771551724137931,0.22844827586206898,13
gemma4,xlmr,retrieved,source,age,102,102,0,74,28,0.7254901960784313,0.27450980392156865,13
gemma4,xlmr,retrieved,source,race_or_region_of_origin,893,893,0,667,226,0.7469204927211646,0.2530795072788354,13
gemma4,xlmr,retrieved,source,religion,46,46,0,39,7,0.8478260869565217,0.15217391304347827,13
gemma4,xlmr,retrieved,source,politics,1790,1790,0,1296,494,0.7240223463687151,0.2759776536312849,13
gemma4,xlmr,retrieved,source,occupation,365,365,0,232,133,0.6356164383561644,0.3643835616438356,13
gemma4,xlmr,retrieved,source,disability,99,99,0,57,42,0.5757575757575758,0.42424242424242425,13
gemma4,xlmr,retrieved,exaone,gender,232,232,0,82,150,0.35344827586206895,0.646551724137931,13
gemma4,xlmr,retrieved,exaone,age,102,102,0,47,55,0.46078431372549017,0.5392156862745098,13
gemma4,xlmr,retrieved,exaone,race_or_region_of_origin,893,893,0,626,267,0.7010078387458006,0.2989921612541993,13
gemma4,xlmr,retrieved,exaone,religion,46,46,0,33,13,0.717391304347826,0.2826086956521739,13
gemma4,xlmr,retrieved,exaone,politics,1790,1790,0,1426,364,0.7966480446927374,0.20335195530726258,13
gemma4,xlmr,retrieved,exaone,occupation,365,365,0,198,167,0.5424657534246575,0.4575342465753425,13
gemma4,xlmr,retrieved,exaone,disability,99,99,0,42,57,0.42424242424242425,0.5757575757575758,13
gemma4,xlmr,retrieved,gemma4,gender,232,232,0,166,66,0.7155172413793104,0.28448275862068967,13
gemma4,xlmr,retrieved,gemma4,age,102,102,0,69,33,0.6764705882352942,0.3235294117647059,13
gemma4,xlmr,retrieved,gemma4,race_or_region_of_origin,893,893,0,642,251,0.7189249720044792,0.2810750279955207,13
gemma4,xlmr,retrieved,gemma4,religion,46,46,0,32,14,0.6956521739130435,0.30434782608695654,13
gemma4,xlmr,retrieved,gemma4,politics,1790,1790,0,1233,557,0.6888268156424581,0.3111731843575419,13
gemma4,xlmr,retrieved,gemma4,occupation,365,365,0,163,202,0.4465753424657534,0.5534246575342465,13
gemma4,xlmr,retrieved,gemma4,disability,99,99,0,41,58,0.41414141414141414,0.5858585858585859,13
gemma4,xlmr,random,source,gender,232,232,0,206,26,0.8879310344827587,0.11206896551724138,13
gemma4,xlmr,random,source,age,102,102,0,84,18,0.8235294117647058,0.17647058823529413,13
gemma4,xlmr,random,source,race_or_region_of_origin,893,893,0,680,213,0.761478163493841,0.23852183650615902,13
gemma4,xlmr,random,source,religion,46,46,0,35,11,0.7608695652173914,0.2391304347826087,13
gemma4,xlmr,random,source,politics,1790,1790,0,1401,389,0.78268156424581,0.21731843575418994,13
gemma4,xlmr,random,source,occupation,365,365,0,258,107,0.7068493150684931,0.29315068493150687,13
gemma4,xlmr,random,source,disability,99,99,0,58,41,0.5858585858585859,0.41414141414141414,13
gemma4,xlmr,random,exaone,gender,232,232,0,98,134,0.4224137931034483,0.5775862068965517,13
gemma4,xlmr,random,exaone,age,102,102,0,57,45,0.5588235294117647,0.4411764705882353,13
gemma4,xlmr,random,exaone,race_or_region_of_origin,893,893,0,630,263,0.7054871220604704,0.2945128779395297,13
gemma4,xlmr,random,exaone,religion,46,46,0,33,13,0.717391304347826,0.2826086956521739,13
gemma4,xlmr,random,exaone,politics,1790,1790,0,1362,428,0.7608938547486034,0.23910614525139665,13
gemma4,xlmr,random,exaone,occupation,365,365,0,166,199,0.4547945205479452,0.5452054794520548,13
gemma4,xlmr,random,exaone,disability,99,99,0,32,67,0.32323232323232326,0.6767676767676768,13
gemma4,xlmr,random,gemma4,gender,232,232,0,144,88,0.6206896551724138,0.3793103448275862,13
gemma4,xlmr,random,gemma4,age,102,102,0,65,37,0.6372549019607843,0.3627450980392157,13
gemma4,xlmr,random,gemma4,race_or_region_of_origin,893,893,0,559,334,0.6259798432250839,0.374020156774916,13
gemma4,xlmr,random,gemma4,religion,46,46,0,30,16,0.6521739130434783,0.34782608695652173,13
gemma4,xlmr,random,gemma4,politics,1790,1790,0,1248,542,0.6972067039106146,0.3027932960893855,13
gemma4,xlmr,random,gemma4,occupation,365,365,0,186,179,0.5095890410958904,0.4904109589041096,13
gemma4,xlmr,random,gemma4,disability,99,99,0,55,44,0.5555555555555556,0.4444444444444444,13
gemma4,xlmr,retrieved,source,gender,232,232,0,207,25,0.8922413793103449,0.10775862068965517,14
gemma4,xlmr,retrieved,source,age,102,102,0,88,14,0.8627450980392157,0.13725490196078433,14
gemma4,xlmr,retrieved,source,race_or_region_of_origin,893,893,0,746,147,0.8353863381858903,0.16461366181410975,14
gemma4,xlmr,retrieved,source,religion,46,46,0,34,12,0.7391304347826086,0.2608695652173913,14
gemma4,xlmr,retrieved,source,politics,1790,1790,0,1568,222,0.8759776536312849,0.12402234636871508,14
gemma4,xlmr,retrieved,source,occupation,365,365,0,305,60,0.8356164383561644,0.1643835616438356,14
gemma4,xlmr,retrieved,source,disability,99,99,0,72,27,0.7272727272727273,0.2727272727272727,14
gemma4,xlmr,retrieved,exaone,gender,232,232,0,130,102,0.5603448275862069,0.4396551724137931,14
gemma4,xlmr,retrieved,exaone,age,102,102,0,51,51,0.5,0.5,14
gemma4,xlmr,retrieved,exaone,race_or_region_of_origin,893,893,0,721,172,0.8073908174692049,0.19260918253079506,14
gemma4,xlmr,retrieved,exaone,religion,46,46,0,32,14,0.6956521739130435,0.30434782608695654,14
gemma4,xlmr,retrieved,exaone,politics,1790,1790,0,1508,282,0.8424581005586592,0.15754189944134078,14
gemma4,xlmr,retrieved,exaone,occupation,365,365,0,183,182,0.5013698630136987,0.4986301369863014,14
gemma4,xlmr,retrieved,exaone,disability,99,99,0,44,55,0.4444444444444444,0.5555555555555556,14
gemma4,xlmr,retrieved,gemma4,gender,232,232,0,165,67,0.7112068965517241,0.28879310344827586,14
gemma4,xlmr,retrieved,gemma4,age,102,102,0,61,41,0.5980392156862745,0.4019607843137255,14
gemma4,xlmr,retrieved,gemma4,race_or_region_of_origin,893,893,0,666,227,0.7458006718924972,0.2541993281075028,14
gemma4,xlmr,retrieved,gemma4,religion,46,46,0,25,21,0.5434782608695652,0.45652173913043476,14
gemma4,xlmr,retrieved,gemma4,politics,1790,1790,0,1047,743,0.5849162011173185,0.41508379888268154,14
gemma4,xlmr,retrieved,gemma4,occupation,365,365,0,136,229,0.3726027397260274,0.6273972602739726,14
gemma4,xlmr,retrieved,gemma4,disability,99,99,0,34,65,0.3434343434343434,0.6565656565656566,14
gemma4,xlmr,random,source,gender,232,232,0,189,43,0.8146551724137931,0.1853448275862069,14
gemma4,xlmr,random,source,age,102,102,0,84,18,0.8235294117647058,0.17647058823529413,14
gemma4,xlmr,random,source,race_or_region_of_origin,893,893,0,694,199,0.7771556550951848,0.22284434490481522,14
gemma4,xlmr,random,source,religion,46,46,0,35,11,0.7608695652173914,0.2391304347826087,14
gemma4,xlmr,random,source,politics,1790,1790,0,1335,455,0.7458100558659218,0.2541899441340782,14
gemma4,xlmr,random,source,occupation,365,365,0,241,124,0.6602739726027397,0.33972602739726027,14
gemma4,xlmr,random,source,disability,99,99,0,72,27,0.7272727272727273,0.2727272727272727,14
gemma4,xlmr,random,exaone,gender,232,232,0,114,118,0.49137931034482757,0.5086206896551724,14
gemma4,xlmr,random,exaone,age,102,102,0,56,46,0.5490196078431373,0.45098039215686275,14
gemma4,xlmr,random,exaone,race_or_region_of_origin,893,893,0,657,236,0.7357222844344905,0.2642777155655095,14
gemma4,xlmr,random,exaone,religion,46,46,0,36,10,0.782608695652174,0.21739130434782608,14
gemma4,xlmr,random,exaone,politics,1790,1790,0,1450,340,0.8100558659217877,0.18994413407821228,14
gemma4,xlmr,random,exaone,occupation,365,365,0,190,175,0.5205479452054794,0.4794520547945205,14
gemma4,xlmr,random,exaone,disability,99,99,0,38,61,0.3838383838383838,0.6161616161616161,14
gemma4,xlmr,random,gemma4,gender,232,232,0,150,82,0.646551724137931,0.35344827586206895,14
gemma4,xlmr,random,gemma4,age,102,102,0,60,42,0.5882352941176471,0.4117647058823529,14
gemma4,xlmr,random,gemma4,race_or_region_of_origin,893,893,0,640,253,0.7166853303471444,0.28331466965285557,14
gemma4,xlmr,random,gemma4,religion,46,46,0,30,16,0.6521739130434783,0.34782608695652173,14
gemma4,xlmr,random,gemma4,politics,1790,1790,0,1156,634,0.6458100558659218,0.3541899441340782,14
gemma4,xlmr,random,gemma4,occupation,365,365,0,163,202,0.4465753424657534,0.5534246575342465,14
gemma4,xlmr,random,gemma4,disability,99,99,0,43,56,0.43434343434343436,0.5656565656565656,14
gemma4,xlmr,retrieved,source,gender,232,232,0,160,72,0.6896551724137931,0.3103448275862069,15
gemma4,xlmr,retrieved,source,age,102,102,0,73,29,0.7156862745098039,0.28431372549019607,15
gemma4,xlmr,retrieved,source,race_or_region_of_origin,893,893,0,637,256,0.7133258678611423,0.2866741321388578,15
gemma4,xlmr,retrieved,source,religion,46,46,0,24,22,0.5217391304347826,0.4782608695652174,15
gemma4,xlmr,retrieved,source,politics,1790,1790,0,1103,687,0.6162011173184357,0.38379888268156426,15
gemma4,xlmr,retrieved,source,occupation,365,365,0,198,167,0.5424657534246575,0.4575342465753425,15
gemma4,xlmr,retrieved,source,disability,99,99,0,59,40,0.5959595959595959,0.40404040404040403,15
gemma4,xlmr,retrieved,exaone,gender,232,232,0,98,134,0.4224137931034483,0.5775862068965517,15
gemma4,xlmr,retrieved,exaone,age,102,102,0,50,52,0.49019607843137253,0.5098039215686274,15
gemma4,xlmr,retrieved,exaone,race_or_region_of_origin,893,893,0,675,218,0.7558790593505039,0.24412094064949608,15
gemma4,xlmr,retrieved,exaone,religion,46,46,0,24,22,0.5217391304347826,0.4782608695652174,15
gemma4,xlmr,retrieved,exaone,politics,1790,1790,0,1362,428,0.7608938547486034,0.23910614525139665,15
gemma4,xlmr,retrieved,exaone,occupation,365,365,0,171,194,0.4684931506849315,0.5315068493150685,15
gemma4,xlmr,retrieved,exaone,disability,99,99,0,39,60,0.3939393939393939,0.6060606060606061,15
gemma4,xlmr,retrieved,gemma4,gender,232,232,0,163,69,0.7025862068965517,0.2974137931034483,15
gemma4,xlmr,retrieved,gemma4,age,102,102,0,61,41,0.5980392156862745,0.4019607843137255,15
gemma4,xlmr,retrieved,gemma4,race_or_region_of_origin,893,893,0,614,279,0.6875699888017918,0.3124300111982083,15
gemma4,xlmr,retrieved,gemma4,religion,46,46,0,28,18,0.6086956521739131,0.391304347826087,15
gemma4,xlmr,retrieved,gemma4,politics,1790,1790,0,1089,701,0.6083798882681565,0.3916201117318436,15
gemma4,xlmr,retrieved,gemma4,occupation,365,365,0,144,221,0.39452054794520547,0.6054794520547945,15
gemma4,xlmr,retrieved,gemma4,disability,99,99,0,36,63,0.36363636363636365,0.6363636363636364,15
gemma4,xlmr,random,source,gender,232,232,0,172,60,0.7413793103448276,0.25862068965517243,15
gemma4,xlmr,random,source,age,102,102,0,74,28,0.7254901960784313,0.27450980392156865,15
gemma4,xlmr,random,source,race_or_region_of_origin,893,893,0,619,274,0.6931690929451287,0.3068309070548712,15
gemma4,xlmr,random,source,religion,46,46,0,32,14,0.6956521739130435,0.30434782608695654,15
gemma4,xlmr,random,source,politics,1790,1790,0,1010,780,0.5642458100558659,0.43575418994413406,15
gemma4,xlmr,random,source,occupation,365,365,0,171,194,0.4684931506849315,0.5315068493150685,15
gemma4,xlmr,random,source,disability,99,99,0,51,48,0.5151515151515151,0.48484848484848486,15
gemma4,xlmr,random,exaone,gender,232,232,0,97,135,0.41810344827586204,0.5818965517241379,15
gemma4,xlmr,random,exaone,age,102,102,0,51,51,0.5,0.5,15
gemma4,xlmr,random,exaone,race_or_region_of_origin,893,893,0,565,328,0.6326987681970885,0.3673012318029115,15
gemma4,xlmr,random,exaone,religion,46,46,0,34,12,0.7391304347826086,0.2608695652173913,15
gemma4,xlmr,random,exaone,politics,1790,1790,0,1365,425,0.7625698324022346,0.23743016759776536,15
gemma4,xlmr,random,exaone,occupation,365,365,0,173,192,0.473972602739726,0.5260273972602739,15
gemma4,xlmr,random,exaone,disability,99,99,0,36,63,0.36363636363636365,0.6363636363636364,15
gemma4,xlmr,random,gemma4,gender,232,232,0,158,74,0.6810344827586207,0.31896551724137934,15
gemma4,xlmr,random,gemma4,age,102,102,0,61,41,0.5980392156862745,0.4019607843137255,15
gemma4,xlmr,random,gemma4,race_or_region_of_origin,893,893,0,571,322,0.6394176931690929,0.36058230683090703,15
gemma4,xlmr,random,gemma4,religion,46,46,0,30,16,0.6521739130434783,0.34782608695652173,15
gemma4,xlmr,random,gemma4,politics,1790,1790,0,1049,741,0.5860335195530726,0.41396648044692735,15
gemma4,xlmr,random,gemma4,occupation,365,365,0,149,216,0.40821917808219177,0.5917808219178082,15
gemma4,xlmr,random,gemma4,disability,99,99,0,36,63,0.36363636363636365,0.6363636363636364,15
gemma4,xlmr,retrieved,source,gender,232,232,0,197,35,0.8491379310344828,0.15086206896551724,16
gemma4,xlmr,retrieved,source,age,102,102,0,75,27,0.7352941176470589,0.2647058823529412,16
gemma4,xlmr,retrieved,source,race_or_region_of_origin,893,893,0,656,237,0.734602463605823,0.26539753639417696,16
gemma4,xlmr,retrieved,source,religion,46,46,0,34,12,0.7391304347826086,0.2608695652173913,16
gemma4,xlmr,retrieved,source,politics,1790,1790,0,1230,560,0.6871508379888268,0.3128491620111732,16
gemma4,xlmr,retrieved,source,occupation,365,365,0,210,155,0.5753424657534246,0.4246575342465753,16
gemma4,xlmr,retrieved,source,disability,99,99,0,66,33,0.6666666666666666,0.3333333333333333,16
gemma4,xlmr,retrieved,exaone,gender,232,232,0,115,117,0.4956896551724138,0.5043103448275862,16
gemma4,xlmr,retrieved,exaone,age,102,102,0,45,57,0.4411764705882353,0.5588235294117647,16
gemma4,xlmr,retrieved,exaone,race_or_region_of_origin,893,893,0,574,319,0.6427771556550952,0.3572228443449048,16
gemma4,xlmr,retrieved,exaone,religion,46,46,0,30,16,0.6521739130434783,0.34782608695652173,16
gemma4,xlmr,retrieved,exaone,politics,1790,1790,0,1353,437,0.7558659217877095,0.2441340782122905,16
gemma4,xlmr,retrieved,exaone,occupation,365,365,0,176,189,0.4821917808219178,0.5178082191780822,16
gemma4,xlmr,retrieved,exaone,disability,99,99,0,36,63,0.36363636363636365,0.6363636363636364,16
gemma4,xlmr,retrieved,gemma4,gender,232,232,0,174,58,0.75,0.25,16
gemma4,xlmr,retrieved,gemma4,age,102,102,0,64,38,0.6274509803921569,0.37254901960784315,16
gemma4,xlmr,retrieved,gemma4,race_or_region_of_origin,893,893,0,621,272,0.6954087346024636,0.3045912653975364,16
gemma4,xlmr,retrieved,gemma4,religion,46,46,0,30,16,0.6521739130434783,0.34782608695652173,16
gemma4,xlmr,retrieved,gemma4,politics,1790,1790,0,1024,766,0.5720670391061452,0.42793296089385474,16
gemma4,xlmr,retrieved,gemma4,occupation,365,365,0,149,216,0.40821917808219177,0.5917808219178082,16
gemma4,xlmr,retrieved,gemma4,disability,99,99,0,47,52,0.47474747474747475,0.5252525252525253,16
gemma4,xlmr,random,source,gender,232,232,0,199,33,0.8577586206896551,0.14224137931034483,16
gemma4,xlmr,random,source,age,102,102,0,73,29,0.7156862745098039,0.28431372549019607,16
gemma4,xlmr,random,source,race_or_region_of_origin,893,893,0,655,238,0.7334826427771557,0.26651735722284436,16
gemma4,xlmr,random,source,religion,46,46,0,35,11,0.7608695652173914,0.2391304347826087,16
gemma4,xlmr,random,source,politics,1790,1790,0,1223,567,0.6832402234636872,0.3167597765363129,16
gemma4,xlmr,random,source,occupation,365,365,0,222,143,0.6082191780821918,0.3917808219178082,16
gemma4,xlmr,random,source,disability,99,99,0,61,38,0.6161616161616161,0.3838383838383838,16
gemma4,xlmr,random,exaone,gender,232,232,0,113,119,0.4870689655172414,0.5129310344827587,16
gemma4,xlmr,random,exaone,age,102,102,0,52,50,0.5098039215686274,0.49019607843137253,16
gemma4,xlmr,random,exaone,race_or_region_of_origin,893,893,0,642,251,0.7189249720044792,0.2810750279955207,16
gemma4,xlmr,random,exaone,religion,46,46,0,30,16,0.6521739130434783,0.34782608695652173,16
gemma4,xlmr,random,exaone,politics,1790,1790,0,1315,475,0.7346368715083799,0.26536312849162014,16
gemma4,xlmr,random,exaone,occupation,365,365,0,165,200,0.4520547945205479,0.547945205479452,16
gemma4,xlmr,random,exaone,disability,99,99,0,46,53,0.46464646464646464,0.5353535353535354,16
gemma4,xlmr,random,gemma4,gender,232,232,0,157,75,0.6767241379310345,0.3232758620689655,16
gemma4,xlmr,random,gemma4,age,102,102,0,58,44,0.5686274509803921,0.43137254901960786,16
gemma4,xlmr,random,gemma4,race_or_region_of_origin,893,893,0,579,314,0.6483762597984323,0.3516237402015677,16
gemma4,xlmr,random,gemma4,religion,46,46,0,31,15,0.6739130434782609,0.32608695652173914,16
gemma4,xlmr,random,gemma4,politics,1790,1790,0,1084,706,0.605586592178771,0.394413407821229,16
gemma4,xlmr,random,gemma4,occupation,365,365,0,145,220,0.3972602739726027,0.6027397260273972,16
gemma4,xlmr,random,gemma4,disability,99,99,0,33,66,0.3333333333333333,0.6666666666666666,16
gemma4,xlmr,retrieved,source,gender,232,232,0,192,40,0.8275862068965517,0.1724137931034483,17
gemma4,xlmr,retrieved,source,age,102,102,0,78,24,0.7647058823529411,0.23529411764705882,17
gemma4,xlmr,retrieved,source,race_or_region_of_origin,893,893,0,639,254,0.7155655095184771,0.284434490481523,17
gemma4,xlmr,retrieved,source,religion,46,46,0,33,13,0.717391304347826,0.2826086956521739,17
gemma4,xlmr,retrieved,source,politics,1790,1790,0,1186,604,0.6625698324022347,0.33743016759776534,17
gemma4,xlmr,retrieved,source,occupation,365,365,0,195,170,0.5342465753424658,0.4657534246575342,17
gemma4,xlmr,retrieved,source,disability,99,99,0,58,41,0.5858585858585859,0.41414141414141414,17
gemma4,xlmr,retrieved,exaone,gender,232,232,0,121,111,0.521551724137931,0.47844827586206895,17
gemma4,xlmr,retrieved,exaone,age,102,102,0,50,52,0.49019607843137253,0.5098039215686274,17
gemma4,xlmr,retrieved,exaone,race_or_region_of_origin,893,893,0,603,290,0.6752519596864501,0.3247480403135498,17
gemma4,xlmr,retrieved,exaone,religion,46,46,0,25,21,0.5434782608695652,0.45652173913043476,17
gemma4,xlmr,retrieved,exaone,politics,1790,1790,0,1292,498,0.7217877094972067,0.2782122905027933,17
gemma4,xlmr,retrieved,exaone,occupation,365,365,0,176,189,0.4821917808219178,0.5178082191780822,17
gemma4,xlmr,retrieved,exaone,disability,99,99,0,38,61,0.3838383838383838,0.6161616161616161,17
gemma4,xlmr,retrieved,gemma4,gender,232,232,0,164,68,0.7068965517241379,0.29310344827586204,17
gemma4,xlmr,retrieved,gemma4,age,102,102,0,61,41,0.5980392156862745,0.4019607843137255,17
gemma4,xlmr,retrieved,gemma4,race_or_region_of_origin,893,893,0,554,339,0.620380739081747,0.3796192609182531,17
gemma4,xlmr,retrieved,gemma4,religion,46,46,0,28,18,0.6086956521739131,0.391304347826087,17
gemma4,xlmr,retrieved,gemma4,politics,1790,1790,0,1043,747,0.5826815642458101,0.4173184357541899,17
gemma4,xlmr,retrieved,gemma4,occupation,365,365,0,132,233,0.36164383561643837,0.6383561643835617,17
gemma4,xlmr,retrieved,gemma4,disability,99,99,0,34,65,0.3434343434343434,0.6565656565656566,17
gemma4,xlmr,random,source,gender,232,232,0,194,38,0.8362068965517241,0.16379310344827586,17
gemma4,xlmr,random,source,age,102,102,0,72,30,0.7058823529411765,0.29411764705882354,17
gemma4,xlmr,random,source,race_or_region_of_origin,893,893,0,616,277,0.6898096304591266,0.3101903695408735,17
gemma4,xlmr,random,source,religion,46,46,0,35,11,0.7608695652173914,0.2391304347826087,17
gemma4,xlmr,random,source,politics,1790,1790,0,1014,776,0.5664804469273743,0.4335195530726257,17
gemma4,xlmr,random,source,occupation,365,365,0,168,197,0.4602739726027397,0.5397260273972603,17
gemma4,xlmr,random,source,disability,99,99,0,44,55,0.4444444444444444,0.5555555555555556,17
gemma4,xlmr,random,exaone,gender,232,232,0,95,137,0.40948275862068967,0.5905172413793104,17
gemma4,xlmr,random,exaone,age,102,102,0,43,59,0.4215686274509804,0.5784313725490197,17
gemma4,xlmr,random,exaone,race_or_region_of_origin,893,893,0,538,355,0.6024636058230683,0.3975363941769317,17
gemma4,xlmr,random,exaone,religion,46,46,0,27,19,0.5869565217391305,0.41304347826086957,17
gemma4,xlmr,random,exaone,politics,1790,1790,0,1256,534,0.7016759776536313,0.29832402234636873,17
gemma4,xlmr,random,exaone,occupation,365,365,0,166,199,0.4547945205479452,0.5452054794520548,17
gemma4,xlmr,random,exaone,disability,99,99,0,40,59,0.40404040404040403,0.5959595959595959,17
gemma4,xlmr,random,gemma4,gender,232,232,0,167,65,0.7198275862068966,0.2801724137931034,17
gemma4,xlmr,random,gemma4,age,102,102,0,59,43,0.5784313725490197,0.4215686274509804,17
gemma4,xlmr,random,gemma4,race_or_region_of_origin,893,893,0,526,367,0.5890257558790594,0.41097424412094063,17
gemma4,xlmr,random,gemma4,religion,46,46,0,33,13,0.717391304347826,0.2826086956521739,17
gemma4,xlmr,random,gemma4,politics,1790,1790,0,1028,762,0.5743016759776536,0.42569832402234636,17
gemma4,xlmr,random,gemma4,occupation,365,365,0,160,205,0.4383561643835616,0.5616438356164384,17
gemma4,xlmr,random,gemma4,disability,99,99,0,40,59,0.40404040404040403,0.5959595959595959,17
gemma4,xlmr,retrieved,source,gender,232,232,0,196,36,0.8448275862068966,0.15517241379310345,18
gemma4,xlmr,retrieved,source,age,102,102,0,72,30,0.7058823529411765,0.29411764705882354,18
gemma4,xlmr,retrieved,source,race_or_region_of_origin,893,893,0,632,261,0.7077267637178052,0.29227323628219487,18
gemma4,xlmr,retrieved,source,religion,46,46,0,31,15,0.6739130434782609,0.32608695652173914,18
gemma4,xlmr,retrieved,source,politics,1790,1790,0,1169,621,0.653072625698324,0.346927374301676,18
gemma4,xlmr,retrieved,source,occupation,365,365,0,175,190,0.4794520547945205,0.5205479452054794,18
gemma4,xlmr,retrieved,source,disability,99,99,0,51,48,0.5151515151515151,0.48484848484848486,18
gemma4,xlmr,retrieved,exaone,gender,232,232,0,128,104,0.5517241379310345,0.4482758620689655,18
gemma4,xlmr,retrieved,exaone,age,102,102,0,53,49,0.5196078431372549,0.4803921568627451,18
gemma4,xlmr,retrieved,exaone,race_or_region_of_origin,893,893,0,683,210,0.7648376259798432,0.23516237402015677,18
gemma4,xlmr,retrieved,exaone,religion,46,46,0,32,14,0.6956521739130435,0.30434782608695654,18
gemma4,xlmr,retrieved,exaone,politics,1790,1790,0,1382,408,0.7720670391061453,0.22793296089385476,18
gemma4,xlmr,retrieved,exaone,occupation,365,365,0,167,198,0.4575342465753425,0.5424657534246575,18
gemma4,xlmr,retrieved,exaone,disability,99,99,0,36,63,0.36363636363636365,0.6363636363636364,18
gemma4,xlmr,retrieved,gemma4,gender,232,232,0,162,70,0.6982758620689655,0.3017241379310345,18
gemma4,xlmr,retrieved,gemma4,age,102,102,0,62,40,0.6078431372549019,0.39215686274509803,18
gemma4,xlmr,retrieved,gemma4,race_or_region_of_origin,893,893,0,575,318,0.6438969764837627,0.3561030235162374,18
gemma4,xlmr,retrieved,gemma4,religion,46,46,0,29,17,0.6304347826086957,0.3695652173913043,18
gemma4,xlmr,retrieved,gemma4,politics,1790,1790,0,1139,651,0.6363128491620111,0.3636871508379888,18
gemma4,xlmr,retrieved,gemma4,occupation,365,365,0,133,232,0.3643835616438356,0.6356164383561644,18
gemma4,xlmr,retrieved,gemma4,disability,99,99,0,38,61,0.3838383838383838,0.6161616161616161,18
gemma4,xlmr,random,source,gender,232,232,0,192,40,0.8275862068965517,0.1724137931034483,18
gemma4,xlmr,random,source,age,102,102,0,76,26,0.7450980392156863,0.2549019607843137,18
gemma4,xlmr,random,source,race_or_region_of_origin,893,893,0,569,324,0.6371780515117581,0.3628219484882419,18
gemma4,xlmr,random,source,religion,46,46,0,35,11,0.7608695652173914,0.2391304347826087,18
gemma4,xlmr,random,source,politics,1790,1790,0,1154,636,0.6446927374301676,0.3553072625698324,18
gemma4,xlmr,random,source,occupation,365,365,0,177,188,0.4849315068493151,0.5150684931506849,18
gemma4,xlmr,random,source,disability,99,99,0,57,42,0.5757575757575758,0.42424242424242425,18
gemma4,xlmr,random,exaone,gender,232,232,0,94,138,0.4051724137931034,0.5948275862068966,18
gemma4,xlmr,random,exaone,age,102,102,0,48,54,0.47058823529411764,0.5294117647058824,18
gemma4,xlmr,random,exaone,race_or_region_of_origin,893,893,0,606,287,0.6786114221724524,0.3213885778275476,18
gemma4,xlmr,random,exaone,religion,46,46,0,33,13,0.717391304347826,0.2826086956521739,18
gemma4,xlmr,random,exaone,politics,1790,1790,0,1321,469,0.7379888268156425,0.2620111731843575,18
gemma4,xlmr,random,exaone,occupation,365,365,0,140,225,0.3835616438356164,0.6164383561643836,18
gemma4,xlmr,random,exaone,disability,99,99,0,38,61,0.3838383838383838,0.6161616161616161,18
gemma4,xlmr,random,gemma4,gender,232,232,0,163,69,0.7025862068965517,0.2974137931034483,18
gemma4,xlmr,random,gemma4,age,102,102,0,54,48,0.5294117647058824,0.47058823529411764,18
gemma4,xlmr,random,gemma4,race_or_region_of_origin,893,893,0,564,329,0.631578947368421,0.3684210526315789,18
gemma4,xlmr,random,gemma4,religion,46,46,0,35,11,0.7608695652173914,0.2391304347826087,18
gemma4,xlmr,random,gemma4,politics,1790,1790,0,1215,575,0.6787709497206704,0.32122905027932963,18
gemma4,xlmr,random,gemma4,occupation,365,365,0,137,228,0.37534246575342467,0.6246575342465753,18
gemma4,xlmr,random,gemma4,disability,99,99,0,49,50,0.494949494949495,0.5050505050505051,18
gemma4,xlmr,retrieved,source,gender,232,232,0,186,46,0.8017241379310345,0.19827586206896552,19
gemma4,xlmr,retrieved,source,age,102,102,0,78,24,0.7647058823529411,0.23529411764705882,19
gemma4,xlmr,retrieved,source,race_or_region_of_origin,893,893,0,697,196,0.780515117581187,0.21948488241881298,19
gemma4,xlmr,retrieved,source,religion,46,46,0,34,12,0.7391304347826086,0.2608695652173913,19
gemma4,xlmr,retrieved,source,politics,1790,1790,0,1432,358,0.8,0.2,19
gemma4,xlmr,retrieved,source,occupation,365,365,0,242,123,0.663013698630137,0.336986301369863,19
gemma4,xlmr,retrieved,source,disability,99,99,0,68,31,0.6868686868686869,0.31313131313131315,19
gemma4,xlmr,retrieved,exaone,gender,232,232,0,94,138,0.4051724137931034,0.5948275862068966,19
gemma4,xlmr,retrieved,exaone,age,102,102,0,53,49,0.5196078431372549,0.4803921568627451,19
gemma4,xlmr,retrieved,exaone,race_or_region_of_origin,893,893,0,693,200,0.7760358342665173,0.22396416573348266,19
gemma4,xlmr,retrieved,exaone,religion,46,46,0,34,12,0.7391304347826086,0.2608695652173913,19
gemma4,xlmr,retrieved,exaone,politics,1790,1790,0,1460,330,0.8156424581005587,0.18435754189944134,19
gemma4,xlmr,retrieved,exaone,occupation,365,365,0,183,182,0.5013698630136987,0.4986301369863014,19
gemma4,xlmr,retrieved,exaone,disability,99,99,0,43,56,0.43434343434343436,0.5656565656565656,19
gemma4,xlmr,retrieved,gemma4,gender,232,232,0,174,58,0.75,0.25,19
gemma4,xlmr,retrieved,gemma4,age,102,102,0,62,40,0.6078431372549019,0.39215686274509803,19
gemma4,xlmr,retrieved,gemma4,race_or_region_of_origin,893,893,0,645,248,0.7222844344904815,0.2777155655095185,19
gemma4,xlmr,retrieved,gemma4,religion,46,46,0,31,15,0.6739130434782609,0.32608695652173914,19
gemma4,xlmr,retrieved,gemma4,politics,1790,1790,0,1223,567,0.6832402234636872,0.3167597765363129,19
gemma4,xlmr,retrieved,gemma4,occupation,365,365,0,179,186,0.4904109589041096,0.5095890410958904,19
gemma4,xlmr,retrieved,gemma4,disability,99,99,0,39,60,0.3939393939393939,0.6060606060606061,19
gemma4,xlmr,random,source,gender,232,232,0,211,21,0.9094827586206896,0.09051724137931035,19
gemma4,xlmr,random,source,age,102,102,0,91,11,0.8921568627450981,0.10784313725490197,19
gemma4,xlmr,random,source,race_or_region_of_origin,893,893,0,636,257,0.7122060470324748,0.2877939529675252,19
gemma4,xlmr,random,source,religion,46,46,0,34,12,0.7391304347826086,0.2608695652173913,19
gemma4,xlmr,random,source,politics,1790,1790,0,1279,511,0.7145251396648045,0.28547486033519553,19
gemma4,xlmr,random,source,occupation,365,365,0,226,139,0.6191780821917808,0.38082191780821917,19
gemma4,xlmr,random,source,disability,99,99,0,68,31,0.6868686868686869,0.31313131313131315,19
gemma4,xlmr,random,exaone,gender,232,232,0,125,107,0.5387931034482759,0.46120689655172414,19
gemma4,xlmr,random,exaone,age,102,102,0,55,47,0.5392156862745098,0.46078431372549017,19
gemma4,xlmr,random,exaone,race_or_region_of_origin,893,893,0,661,232,0.7402015677491601,0.2597984322508399,19
gemma4,xlmr,random,exaone,religion,46,46,0,35,11,0.7608695652173914,0.2391304347826087,19
gemma4,xlmr,random,exaone,politics,1790,1790,0,1395,395,0.7793296089385475,0.2206703910614525,19
gemma4,xlmr,random,exaone,occupation,365,365,0,167,198,0.4575342465753425,0.5424657534246575,19
gemma4,xlmr,random,exaone,disability,99,99,0,46,53,0.46464646464646464,0.5353535353535354,19
gemma4,xlmr,random,gemma4,gender,232,232,0,186,46,0.8017241379310345,0.19827586206896552,19
gemma4,xlmr,random,gemma4,age,102,102,0,70,32,0.6862745098039216,0.3137254901960784,19
gemma4,xlmr,random,gemma4,race_or_region_of_origin,893,893,0,653,240,0.7312430011198209,0.2687569988801792,19
gemma4,xlmr,random,gemma4,religion,46,46,0,35,11,0.7608695652173914,0.2391304347826087,19
gemma4,xlmr,random,gemma4,politics,1790,1790,0,1203,587,0.6720670391061453,0.32793296089385476,19
gemma4,xlmr,random,gemma4,occupation,365,365,0,180,185,0.4931506849315068,0.5068493150684932,19
gemma4,xlmr,random,gemma4,disability,99,99,0,51,48,0.5151515151515151,0.48484848484848486,19
gemma4,xlmr,retrieved,source,gender,232,232,0,187,45,0.8060344827586207,0.1939655172413793,20
gemma4,xlmr,retrieved,source,age,102,102,0,79,23,0.7745098039215687,0.22549019607843138,20
gemma4,xlmr,retrieved,source,race_or_region_of_origin,893,893,0,692,201,0.77491601343785,0.22508398656215006,20
gemma4,xlmr,retrieved,source,religion,46,46,0,36,10,0.782608695652174,0.21739130434782608,20
gemma4,xlmr,retrieved,source,politics,1790,1790,0,1381,409,0.7715083798882681,0.22849162011173185,20
gemma4,xlmr,retrieved,source,occupation,365,365,0,222,143,0.6082191780821918,0.3917808219178082,20
gemma4,xlmr,retrieved,source,disability,99,99,0,65,34,0.6565656565656566,0.3434343434343434,20
gemma4,xlmr,retrieved,exaone,gender,232,232,0,121,111,0.521551724137931,0.47844827586206895,20
gemma4,xlmr,retrieved,exaone,age,102,102,0,52,50,0.5098039215686274,0.49019607843137253,20
gemma4,xlmr,retrieved,exaone,race_or_region_of_origin,893,893,0,679,214,0.7603583426651735,0.23964165733482642,20
gemma4,xlmr,retrieved,exaone,religion,46,46,0,32,14,0.6956521739130435,0.30434782608695654,20
gemma4,xlmr,retrieved,exaone,politics,1790,1790,0,1421,369,0.7938547486033519,0.20614525139664805,20
gemma4,xlmr,retrieved,exaone,occupation,365,365,0,168,197,0.4602739726027397,0.5397260273972603,20
gemma4,xlmr,retrieved,exaone,disability,99,99,0,38,61,0.3838383838383838,0.6161616161616161,20
gemma4,xlmr,retrieved,gemma4,gender,232,232,0,168,64,0.7241379310344828,0.27586206896551724,20
gemma4,xlmr,retrieved,gemma4,age,102,102,0,67,35,0.6568627450980392,0.3431372549019608,20
gemma4,xlmr,retrieved,gemma4,race_or_region_of_origin,893,893,0,659,234,0.7379619260918253,0.2620380739081747,20
gemma4,xlmr,retrieved,gemma4,religion,46,46,0,30,16,0.6521739130434783,0.34782608695652173,20
gemma4,xlmr,retrieved,gemma4,politics,1790,1790,0,1284,506,0.71731843575419,0.28268156424581004,20
gemma4,xlmr,retrieved,gemma4,occupation,365,365,0,183,182,0.5013698630136987,0.4986301369863014,20
gemma4,xlmr,retrieved,gemma4,disability,99,99,0,46,53,0.46464646464646464,0.5353535353535354,20
gemma4,xlmr,random,source,gender,232,232,0,210,22,0.9051724137931034,0.09482758620689655,20
gemma4,xlmr,random,source,age,102,102,0,77,25,0.7549019607843137,0.24509803921568626,20
gemma4,xlmr,random,source,race_or_region_of_origin,893,893,0,699,194,0.7827547592385219,0.21724524076147816,20
gemma4,xlmr,random,source,religion,46,46,0,33,13,0.717391304347826,0.2826086956521739,20
gemma4,xlmr,random,source,politics,1790,1790,0,1273,517,0.711173184357542,0.2888268156424581,20
gemma4,xlmr,random,source,occupation,365,365,0,215,150,0.589041095890411,0.410958904109589,20
gemma4,xlmr,random,source,disability,99,99,0,53,46,0.5353535353535354,0.46464646464646464,20
gemma4,xlmr,random,exaone,gender,232,232,0,128,104,0.5517241379310345,0.4482758620689655,20
gemma4,xlmr,random,exaone,age,102,102,0,59,43,0.5784313725490197,0.4215686274509804,20
gemma4,xlmr,random,exaone,race_or_region_of_origin,893,893,0,643,250,0.7200447928331467,0.2799552071668533,20
gemma4,xlmr,random,exaone,religion,46,46,0,32,14,0.6956521739130435,0.30434782608695654,20
gemma4,xlmr,random,exaone,politics,1790,1790,0,1438,352,0.8033519553072626,0.19664804469273742,20
gemma4,xlmr,random,exaone,occupation,365,365,0,138,227,0.3780821917808219,0.6219178082191781,20
gemma4,xlmr,random,exaone,disability,99,99,0,39,60,0.3939393939393939,0.6060606060606061,20
gemma4,xlmr,random,gemma4,gender,232,232,0,166,66,0.7155172413793104,0.28448275862068967,20
gemma4,xlmr,random,gemma4,age,102,102,0,56,46,0.5490196078431373,0.45098039215686275,20
gemma4,xlmr,random,gemma4,race_or_region_of_origin,893,893,0,655,238,0.7334826427771557,0.26651735722284436,20
gemma4,xlmr,random,gemma4,religion,46,46,0,38,8,0.8260869565217391,0.17391304347826086,20
gemma4,xlmr,random,gemma4,politics,1790,1790,0,1177,613,0.6575418994413408,0.3424581005586592,20
gemma4,xlmr,random,gemma4,occupation,365,365,0,158,207,0.4328767123287671,0.5671232876712329,20
gemma4,xlmr,random,gemma4,disability,99,99,0,54,45,0.5454545454545454,0.45454545454545453,20
gemma4,xlmr,retrieved,source,gender,232,232,0,186,46,0.8017241379310345,0.19827586206896552,21
gemma4,xlmr,retrieved,source,age,102,102,0,81,21,0.7941176470588235,0.20588235294117646,21
gemma4,xlmr,retrieved,source,race_or_region_of_origin,893,893,0,662,231,0.7413213885778276,0.25867861142217247,21
gemma4,xlmr,retrieved,source,religion,46,46,0,33,13,0.717391304347826,0.2826086956521739,21
gemma4,xlmr,retrieved,source,politics,1790,1790,0,1242,548,0.693854748603352,0.30614525139664805,21
gemma4,xlmr,retrieved,source,occupation,365,365,0,213,152,0.5835616438356165,0.41643835616438357,21
gemma4,xlmr,retrieved,source,disability,99,99,0,59,40,0.5959595959595959,0.40404040404040403,21
gemma4,xlmr,retrieved,exaone,gender,232,232,0,130,102,0.5603448275862069,0.4396551724137931,21
gemma4,xlmr,retrieved,exaone,age,102,102,0,56,46,0.5490196078431373,0.45098039215686275,21
gemma4,xlmr,retrieved,exaone,race_or_region_of_origin,893,893,0,668,225,0.748040313549832,0.251959686450168,21
gemma4,xlmr,retrieved,exaone,religion,46,46,0,33,13,0.717391304347826,0.2826086956521739,21
gemma4,xlmr,retrieved,exaone,politics,1790,1790,0,1427,363,0.7972067039106145,0.20279329608938548,21
gemma4,xlmr,retrieved,exaone,occupation,365,365,0,209,156,0.5726027397260274,0.4273972602739726,21
gemma4,xlmr,retrieved,exaone,disability,99,99,0,43,56,0.43434343434343436,0.5656565656565656,21
gemma4,xlmr,retrieved,gemma4,gender,232,232,0,181,51,0.7801724137931034,0.21982758620689655,21
gemma4,xlmr,retrieved,gemma4,age,102,102,0,63,39,0.6176470588235294,0.38235294117647056,21
gemma4,xlmr,retrieved,gemma4,race_or_region_of_origin,893,893,0,631,262,0.7066069428891377,0.2933930571108623,21
gemma4,xlmr,retrieved,gemma4,religion,46,46,0,30,16,0.6521739130434783,0.34782608695652173,21
gemma4,xlmr,retrieved,gemma4,politics,1790,1790,0,1261,529,0.7044692737430167,0.29553072625698323,21
gemma4,xlmr,retrieved,gemma4,occupation,365,365,0,201,164,0.5506849315068493,0.44931506849315067,21
gemma4,xlmr,retrieved,gemma4,disability,99,99,0,41,58,0.41414141414141414,0.5858585858585859,21
gemma4,xlmr,random,source,gender,232,232,0,178,54,0.7672413793103449,0.23275862068965517,21
gemma4,xlmr,random,source,age,102,102,0,69,33,0.6764705882352942,0.3235294117647059,21
gemma4,xlmr,random,source,race_or_region_of_origin,893,893,0,699,194,0.7827547592385219,0.21724524076147816,21
gemma4,xlmr,random,source,religion,46,46,0,39,7,0.8478260869565217,0.15217391304347827,21
gemma4,xlmr,random,source,politics,1790,1790,0,1373,417,0.7670391061452514,0.2329608938547486,21
gemma4,xlmr,random,source,occupation,365,365,0,250,115,0.684931506849315,0.3150684931506849,21
gemma4,xlmr,random,source,disability,99,99,0,54,45,0.5454545454545454,0.45454545454545453,21
gemma4,xlmr,random,exaone,gender,232,232,0,87,145,0.375,0.625,21
gemma4,xlmr,random,exaone,age,102,102,0,56,46,0.5490196078431373,0.45098039215686275,21
gemma4,xlmr,random,exaone,race_or_region_of_origin,893,893,0,682,211,0.7637178051511758,0.23628219484882418,21
gemma4,xlmr,random,exaone,religion,46,46,0,35,11,0.7608695652173914,0.2391304347826087,21
gemma4,xlmr,random,exaone,politics,1790,1790,0,1483,307,0.8284916201117318,0.17150837988826817,21
gemma4,xlmr,random,exaone,occupation,365,365,0,213,152,0.5835616438356165,0.41643835616438357,21
gemma4,xlmr,random,exaone,disability,99,99,0,46,53,0.46464646464646464,0.5353535353535354,21
gemma4,xlmr,random,gemma4,gender,232,232,0,184,48,0.7931034482758621,0.20689655172413793,21
gemma4,xlmr,random,gemma4,age,102,102,0,67,35,0.6568627450980392,0.3431372549019608,21
gemma4,xlmr,random,gemma4,race_or_region_of_origin,893,893,0,660,233,0.7390817469204927,0.2609182530795073,21
gemma4,xlmr,random,gemma4,religion,46,46,0,32,14,0.6956521739130435,0.30434782608695654,21
gemma4,xlmr,random,gemma4,politics,1790,1790,0,1298,492,0.7251396648044692,0.2748603351955307,21
gemma4,xlmr,random,gemma4,occupation,365,365,0,217,148,0.5945205479452055,0.4054794520547945,21
gemma4,xlmr,random,gemma4,disability,99,99,0,53,46,0.5353535353535354,0.46464646464646464,21
gemma4,xlmr,retrieved,source,gender,232,232,0,182,50,0.7844827586206896,0.21551724137931033,22
gemma4,xlmr,retrieved,source,age,102,102,0,69,33,0.6764705882352942,0.3235294117647059,22
gemma4,xlmr,retrieved,source,race_or_region_of_origin,893,893,0,697,196,0.780515117581187,0.21948488241881298,22
gemma4,xlmr,retrieved,source,religion,46,46,0,35,11,0.7608695652173914,0.2391304347826087,22
gemma4,xlmr,retrieved,source,politics,1790,1790,0,1272,518,0.7106145251396648,0.28938547486033517,22
gemma4,xlmr,retrieved,source,occupation,365,365,0,182,183,0.4986301369863014,0.5013698630136987,22
gemma4,xlmr,retrieved,source,disability,99,99,0,62,37,0.6262626262626263,0.37373737373737376,22
gemma4,xlmr,retrieved,exaone,gender,232,232,0,116,116,0.5,0.5,22
gemma4,xlmr,retrieved,exaone,age,102,102,0,50,52,0.49019607843137253,0.5098039215686274,22
gemma4,xlmr,retrieved,exaone,race_or_region_of_origin,893,893,0,668,225,0.748040313549832,0.251959686450168,22
gemma4,xlmr,retrieved,exaone,religion,46,46,0,29,17,0.6304347826086957,0.3695652173913043,22
gemma4,xlmr,retrieved,exaone,politics,1790,1790,0,1362,428,0.7608938547486034,0.23910614525139665,22
gemma4,xlmr,retrieved,exaone,occupation,365,365,0,165,200,0.4520547945205479,0.547945205479452,22
gemma4,xlmr,retrieved,exaone,disability,99,99,0,39,60,0.3939393939393939,0.6060606060606061,22
gemma4,xlmr,retrieved,gemma4,gender,232,232,0,163,69,0.7025862068965517,0.2974137931034483,22
gemma4,xlmr,retrieved,gemma4,age,102,102,0,59,43,0.5784313725490197,0.4215686274509804,22
gemma4,xlmr,retrieved,gemma4,race_or_region_of_origin,893,893,0,661,232,0.7402015677491601,0.2597984322508399,22
gemma4,xlmr,retrieved,gemma4,religion,46,46,0,31,15,0.6739130434782609,0.32608695652173914,22
gemma4,xlmr,retrieved,gemma4,politics,1790,1790,0,1158,632,0.646927374301676,0.35307262569832404,22
gemma4,xlmr,retrieved,gemma4,occupation,365,365,0,155,210,0.4246575342465753,0.5753424657534246,22
gemma4,xlmr,retrieved,gemma4,disability,99,99,0,38,61,0.3838383838383838,0.6161616161616161,22
gemma4,xlmr,random,source,gender,232,232,0,214,18,0.9224137931034483,0.07758620689655173,22
gemma4,xlmr,random,source,age,102,102,0,90,12,0.8823529411764706,0.11764705882352941,22
gemma4,xlmr,random,source,race_or_region_of_origin,893,893,0,704,189,0.7883538633818589,0.2116461366181411,22
gemma4,xlmr,random,source,religion,46,46,0,37,9,0.8043478260869565,0.1956521739130435,22
gemma4,xlmr,random,source,politics,1790,1790,0,1291,499,0.7212290502793296,0.2787709497206704,22
gemma4,xlmr,random,source,occupation,365,365,0,259,106,0.7095890410958904,0.29041095890410956,22
gemma4,xlmr,random,source,disability,99,99,0,75,24,0.7575757575757576,0.24242424242424243,22
gemma4,xlmr,random,exaone,gender,232,232,0,100,132,0.43103448275862066,0.5689655172413793,22
gemma4,xlmr,random,exaone,age,102,102,0,43,59,0.4215686274509804,0.5784313725490197,22
gemma4,xlmr,random,exaone,race_or_region_of_origin,893,893,0,563,330,0.6304591265397537,0.36954087346024633,22
gemma4,xlmr,random,exaone,religion,46,46,0,30,16,0.6521739130434783,0.34782608695652173,22
gemma4,xlmr,random,exaone,politics,1790,1790,0,1219,571,0.6810055865921788,0.31899441340782125,22
gemma4,xlmr,random,exaone,occupation,365,365,0,115,250,0.3150684931506849,0.684931506849315,22
gemma4,xlmr,random,exaone,disability,99,99,0,34,65,0.3434343434343434,0.6565656565656566,22
gemma4,xlmr,random,gemma4,gender,232,232,0,177,55,0.7629310344827587,0.23706896551724138,22
gemma4,xlmr,random,gemma4,age,102,102,0,66,36,0.6470588235294118,0.35294117647058826,22
gemma4,xlmr,random,gemma4,race_or_region_of_origin,893,893,0,683,210,0.7648376259798432,0.23516237402015677,22
gemma4,xlmr,random,gemma4,religion,46,46,0,32,14,0.6956521739130435,0.30434782608695654,22
gemma4,xlmr,random,gemma4,politics,1790,1790,0,1317,473,0.7357541899441341,0.26424581005586595,22
gemma4,xlmr,random,gemma4,occupation,365,365,0,179,186,0.4904109589041096,0.5095890410958904,22
gemma4,xlmr,random,gemma4,disability,99,99,0,57,42,0.5757575757575758,0.42424242424242425,22
gemma4,xlmr,retrieved,source,gender,232,232,0,179,53,0.771551724137931,0.22844827586206898,23
gemma4,xlmr,retrieved,source,age,102,102,0,71,31,0.696078431372549,0.30392156862745096,23
gemma4,xlmr,retrieved,source,race_or_region_of_origin,893,893,0,631,262,0.7066069428891377,0.2933930571108623,23
gemma4,xlmr,retrieved,source,religion,46,46,0,34,12,0.7391304347826086,0.2608695652173913,23
gemma4,xlmr,retrieved,source,politics,1790,1790,0,1165,625,0.6508379888268156,0.34916201117318435,23
gemma4,xlmr,retrieved,source,occupation,365,365,0,177,188,0.4849315068493151,0.5150684931506849,23
gemma4,xlmr,retrieved,source,disability,99,99,0,56,43,0.5656565656565656,0.43434343434343436,23
gemma4,xlmr,retrieved,exaone,gender,232,232,0,115,117,0.4956896551724138,0.5043103448275862,23
gemma4,xlmr,retrieved,exaone,age,102,102,0,44,58,0.43137254901960786,0.5686274509803921,23
gemma4,xlmr,retrieved,exaone,race_or_region_of_origin,893,893,0,621,272,0.6954087346024636,0.3045912653975364,23
gemma4,xlmr,retrieved,exaone,religion,46,46,0,28,18,0.6086956521739131,0.391304347826087,23
gemma4,xlmr,retrieved,exaone,politics,1790,1790,0,1338,452,0.7474860335195531,0.25251396648044694,23
gemma4,xlmr,retrieved,exaone,occupation,365,365,0,145,220,0.3972602739726027,0.6027397260273972,23
gemma4,xlmr,retrieved,exaone,disability,99,99,0,36,63,0.36363636363636365,0.6363636363636364,23
gemma4,xlmr,retrieved,gemma4,gender,232,232,0,167,65,0.7198275862068966,0.2801724137931034,23
gemma4,xlmr,retrieved,gemma4,age,102,102,0,47,55,0.46078431372549017,0.5392156862745098,23
gemma4,xlmr,retrieved,gemma4,race_or_region_of_origin,893,893,0,521,372,0.5834266517357223,0.4165733482642777,23
gemma4,xlmr,retrieved,gemma4,religion,46,46,0,24,22,0.5217391304347826,0.4782608695652174,23
gemma4,xlmr,retrieved,gemma4,politics,1790,1790,0,992,798,0.5541899441340782,0.44581005586592176,23
gemma4,xlmr,retrieved,gemma4,occupation,365,365,0,114,251,0.31232876712328766,0.6876712328767123,23
gemma4,xlmr,retrieved,gemma4,disability,99,99,0,26,73,0.26262626262626265,0.7373737373737373,23
gemma4,xlmr,random,source,gender,232,232,0,188,44,0.8103448275862069,0.1896551724137931,23
gemma4,xlmr,random,source,age,102,102,0,85,17,0.8333333333333334,0.16666666666666666,23
gemma4,xlmr,random,source,race_or_region_of_origin,893,893,0,678,215,0.7592385218365062,0.24076147816349383,23
gemma4,xlmr,random,source,religion,46,46,0,33,13,0.717391304347826,0.2826086956521739,23
gemma4,xlmr,random,source,politics,1790,1790,0,1325,465,0.7402234636871509,0.25977653631284914,23
gemma4,xlmr,random,source,occupation,365,365,0,227,138,0.6219178082191781,0.3780821917808219,23
gemma4,xlmr,random,source,disability,99,99,0,61,38,0.6161616161616161,0.3838383838383838,23
gemma4,xlmr,random,exaone,gender,232,232,0,89,143,0.38362068965517243,0.6163793103448276,23
gemma4,xlmr,random,exaone,age,102,102,0,48,54,0.47058823529411764,0.5294117647058824,23
gemma4,xlmr,random,exaone,race_or_region_of_origin,893,893,0,559,334,0.6259798432250839,0.374020156774916,23
gemma4,xlmr,random,exaone,religion,46,46,0,21,25,0.45652173913043476,0.5434782608695652,23
gemma4,xlmr,random,exaone,politics,1790,1790,0,1308,482,0.7307262569832402,0.26927374301675977,23
gemma4,xlmr,random,exaone,occupation,365,365,0,149,216,0.40821917808219177,0.5917808219178082,23
gemma4,xlmr,random,exaone,disability,99,99,0,35,64,0.35353535353535354,0.6464646464646465,23
gemma4,xlmr,random,gemma4,gender,232,232,0,153,79,0.6594827586206896,0.34051724137931033,23
gemma4,xlmr,random,gemma4,age,102,102,0,57,45,0.5588235294117647,0.4411764705882353,23
gemma4,xlmr,random,gemma4,race_or_region_of_origin,893,893,0,562,331,0.6293393057110862,0.3706606942889138,23
gemma4,xlmr,random,gemma4,religion,46,46,0,35,11,0.7608695652173914,0.2391304347826087,23
gemma4,xlmr,random,gemma4,politics,1790,1790,0,1256,534,0.7016759776536313,0.29832402234636873,23
gemma4,xlmr,random,gemma4,occupation,365,365,0,158,207,0.4328767123287671,0.5671232876712329,23
gemma4,xlmr,random,gemma4,disability,99,99,0,40,59,0.40404040404040403,0.5959595959595959,23
