translator,model,selection,label,seconds,gpu_device,scope,repeat
exaone,kcelectra,retrieved,source,50.9557318687439,NVIDIA L40S,"Completed cell subprocess including loading, training, evaluation, and completion checks; not pure training time or total pipeline wall time",1
exaone,kcelectra,retrieved,exaone,50.990166425704956,NVIDIA L40S,"Completed cell subprocess including loading, training, evaluation, and completion checks; not pure training time or total pipeline wall time",1
exaone,kcelectra,retrieved,gemma4,48.63695030286908,NVIDIA L40S,"Completed cell subprocess including loading, training, evaluation, and completion checks; not pure training time or total pipeline wall time",1
exaone,kcelectra,random,source,52.56717496714555,NVIDIA L40S,"Completed cell subprocess including loading, training, evaluation, and completion checks; not pure training time or total pipeline wall time",1
exaone,kcelectra,random,exaone,48.880226915935054,NVIDIA L40S,"Completed cell subprocess including loading, training, evaluation, and completion checks; not pure training time or total pipeline wall time",1
exaone,kcelectra,random,gemma4,48.956385356839746,NVIDIA L40S,"Completed cell subprocess including loading, training, evaluation, and completion checks; not pure training time or total pipeline wall time",1
exaone,kcelectra,retrieved,source,51.05544137954712,NVIDIA L40S,"Completed cell subprocess including loading, training, evaluation, and completion checks; not pure training time or total pipeline wall time",2
exaone,kcelectra,retrieved,exaone,51.183090925216675,NVIDIA L40S,"Completed cell subprocess including loading, training, evaluation, and completion checks; not pure training time or total pipeline wall time",2
exaone,kcelectra,retrieved,gemma4,49.78420058591291,NVIDIA L40S,"Completed cell subprocess including loading, training, evaluation, and completion checks; not pure training time or total pipeline wall time",2
exaone,kcelectra,random,source,49.364926195004955,NVIDIA L40S,"Completed cell subprocess including loading, training, evaluation, and completion checks; not pure training time or total pipeline wall time",2
exaone,kcelectra,random,exaone,49.05113528086804,NVIDIA L40S,"Completed cell subprocess including loading, training, evaluation, and completion checks; not pure training time or total pipeline wall time",2
exaone,kcelectra,random,gemma4,49.21040547802113,NVIDIA L40S,"Completed cell subprocess including loading, training, evaluation, and completion checks; not pure training time or total pipeline wall time",2
exaone,kcelectra,retrieved,source,50.53859806060791,NVIDIA L40S,"Completed cell subprocess including loading, training, evaluation, and completion checks; not pure training time or total pipeline wall time",3
exaone,kcelectra,retrieved,exaone,51.022653341293335,NVIDIA L40S,"Completed cell subprocess including loading, training, evaluation, and completion checks; not pure training time or total pipeline wall time",3
exaone,kcelectra,retrieved,gemma4,49.2749542449601,NVIDIA L40S,"Completed cell subprocess including loading, training, evaluation, and completion checks; not pure training time or total pipeline wall time",3
exaone,kcelectra,random,source,49.09625473595224,NVIDIA L40S,"Completed cell subprocess including loading, training, evaluation, and completion checks; not pure training time or total pipeline wall time",3
exaone,kcelectra,random,exaone,49.361486058915034,NVIDIA L40S,"Completed cell subprocess including loading, training, evaluation, and completion checks; not pure training time or total pipeline wall time",3
exaone,kcelectra,random,gemma4,49.00160103198141,NVIDIA L40S,"Completed cell subprocess including loading, training, evaluation, and completion checks; not pure training time or total pipeline wall time",3
exaone,kcelectra,retrieved,source,51.380499601364136,NVIDIA L40S,"Completed cell subprocess including loading, training, evaluation, and completion checks; not pure training time or total pipeline wall time",4
exaone,kcelectra,retrieved,exaone,50.69176936149597,NVIDIA L40S,"Completed cell subprocess including loading, training, evaluation, and completion checks; not pure training time or total pipeline wall time",4
exaone,kcelectra,retrieved,gemma4,49.458704616874456,NVIDIA L40S,"Completed cell subprocess including loading, training, evaluation, and completion checks; not pure training time or total pipeline wall time",4
exaone,kcelectra,random,source,49.16649014200084,NVIDIA L40S,"Completed cell subprocess including loading, training, evaluation, and completion checks; not pure training time or total pipeline wall time",4
exaone,kcelectra,random,exaone,49.54185543488711,NVIDIA L40S,"Completed cell subprocess including loading, training, evaluation, and completion checks; not pure training time or total pipeline wall time",4
exaone,kcelectra,random,gemma4,49.05805099592544,NVIDIA L40S,"Completed cell subprocess including loading, training, evaluation, and completion checks; not pure training time or total pipeline wall time",4
exaone,kcelectra,retrieved,source,50.484177350997925,NVIDIA L40S,"Completed cell subprocess including loading, training, evaluation, and completion checks; not pure training time or total pipeline wall time",5
exaone,kcelectra,retrieved,exaone,51.140374183654785,NVIDIA L40S,"Completed cell subprocess including loading, training, evaluation, and completion checks; not pure training time or total pipeline wall time",5
exaone,kcelectra,retrieved,gemma4,49.559308267896995,NVIDIA L40S,"Completed cell subprocess including loading, training, evaluation, and completion checks; not pure training time or total pipeline wall time",5
exaone,kcelectra,random,source,48.915947313886136,NVIDIA L40S,"Completed cell subprocess including loading, training, evaluation, and completion checks; not pure training time or total pipeline wall time",5
exaone,kcelectra,random,exaone,49.132057627197355,NVIDIA L40S,"Completed cell subprocess including loading, training, evaluation, and completion checks; not pure training time or total pipeline wall time",5
exaone,kcelectra,random,gemma4,49.33202473586425,NVIDIA L40S,"Completed cell subprocess including loading, training, evaluation, and completion checks; not pure training time or total pipeline wall time",5
exaone,kcelectra,retrieved,source,51.052329301834106,NVIDIA L40S,"Completed cell subprocess including loading, training, evaluation, and completion checks; not pure training time or total pipeline wall time",6
exaone,kcelectra,retrieved,exaone,51.00793504714966,NVIDIA L40S,"Completed cell subprocess including loading, training, evaluation, and completion checks; not pure training time or total pipeline wall time",6
exaone,kcelectra,retrieved,gemma4,49.93820584192872,NVIDIA L40S,"Completed cell subprocess including loading, training, evaluation, and completion checks; not pure training time or total pipeline wall time",6
exaone,kcelectra,random,source,48.654976814985275,NVIDIA L40S,"Completed cell subprocess including loading, training, evaluation, and completion checks; not pure training time or total pipeline wall time",6
exaone,kcelectra,random,exaone,48.8717030310072,NVIDIA L40S,"Completed cell subprocess including loading, training, evaluation, and completion checks; not pure training time or total pipeline wall time",6
exaone,kcelectra,random,gemma4,49.225493726087734,NVIDIA L40S,"Completed cell subprocess including loading, training, evaluation, and completion checks; not pure training time or total pipeline wall time",6
exaone,kcelectra,retrieved,source,50.761455059051514,NVIDIA L40S,"Completed cell subprocess including loading, training, evaluation, and completion checks; not pure training time or total pipeline wall time",7
exaone,kcelectra,retrieved,exaone,50.6488151550293,NVIDIA L40S,"Completed cell subprocess including loading, training, evaluation, and completion checks; not pure training time or total pipeline wall time",7
exaone,kcelectra,retrieved,gemma4,50.09700956894085,NVIDIA L40S,"Completed cell subprocess including loading, training, evaluation, and completion checks; not pure training time or total pipeline wall time",7
exaone,kcelectra,random,source,49.11926431208849,NVIDIA L40S,"Completed cell subprocess including loading, training, evaluation, and completion checks; not pure training time or total pipeline wall time",7
exaone,kcelectra,random,exaone,49.193030616035685,NVIDIA L40S,"Completed cell subprocess including loading, training, evaluation, and completion checks; not pure training time or total pipeline wall time",7
exaone,kcelectra,random,gemma4,49.28208237700164,NVIDIA L40S,"Completed cell subprocess including loading, training, evaluation, and completion checks; not pure training time or total pipeline wall time",7
exaone,kcelectra,retrieved,source,51.738584756851196,NVIDIA L40S,"Completed cell subprocess including loading, training, evaluation, and completion checks; not pure training time or total pipeline wall time",8
exaone,kcelectra,retrieved,exaone,50.562819957733154,NVIDIA L40S,"Completed cell subprocess including loading, training, evaluation, and completion checks; not pure training time or total pipeline wall time",8
exaone,kcelectra,retrieved,gemma4,50.107235414907336,NVIDIA L40S,"Completed cell subprocess including loading, training, evaluation, and completion checks; not pure training time or total pipeline wall time",8
exaone,kcelectra,random,source,49.33327221008949,NVIDIA L40S,"Completed cell subprocess including loading, training, evaluation, and completion checks; not pure training time or total pipeline wall time",8
exaone,kcelectra,random,exaone,49.33818395691924,NVIDIA L40S,"Completed cell subprocess including loading, training, evaluation, and completion checks; not pure training time or total pipeline wall time",8
exaone,kcelectra,random,gemma4,49.003012291155756,NVIDIA L40S,"Completed cell subprocess including loading, training, evaluation, and completion checks; not pure training time or total pipeline wall time",8
exaone,kcelectra,retrieved,source,50.92406249046326,NVIDIA L40S,"Completed cell subprocess including loading, training, evaluation, and completion checks; not pure training time or total pipeline wall time",9
exaone,kcelectra,retrieved,exaone,50.97127842903137,NVIDIA L40S,"Completed cell subprocess including loading, training, evaluation, and completion checks; not pure training time or total pipeline wall time",9
exaone,kcelectra,retrieved,gemma4,50.17693475307897,NVIDIA L40S,"Completed cell subprocess including loading, training, evaluation, and completion checks; not pure training time or total pipeline wall time",9
exaone,kcelectra,random,source,49.31511407298967,NVIDIA L40S,"Completed cell subprocess including loading, training, evaluation, and completion checks; not pure training time or total pipeline wall time",9
exaone,kcelectra,random,exaone,49.00414311210625,NVIDIA L40S,"Completed cell subprocess including loading, training, evaluation, and completion checks; not pure training time or total pipeline wall time",9
exaone,kcelectra,random,gemma4,49.493701569968835,NVIDIA L40S,"Completed cell subprocess including loading, training, evaluation, and completion checks; not pure training time or total pipeline wall time",9
exaone,kcelectra,retrieved,source,51.01287651062012,NVIDIA L40S,"Completed cell subprocess including loading, training, evaluation, and completion checks; not pure training time or total pipeline wall time",10
exaone,kcelectra,retrieved,exaone,51.704726696014404,NVIDIA L40S,"Completed cell subprocess including loading, training, evaluation, and completion checks; not pure training time or total pipeline wall time",10
exaone,kcelectra,retrieved,gemma4,50.38712138496339,NVIDIA L40S,"Completed cell subprocess including loading, training, evaluation, and completion checks; not pure training time or total pipeline wall time",10
exaone,kcelectra,random,source,48.91771977394819,NVIDIA L40S,"Completed cell subprocess including loading, training, evaluation, and completion checks; not pure training time or total pipeline wall time",10
exaone,kcelectra,random,exaone,49.29744458314963,NVIDIA L40S,"Completed cell subprocess including loading, training, evaluation, and completion checks; not pure training time or total pipeline wall time",10
exaone,kcelectra,random,gemma4,49.27337325899862,NVIDIA L40S,"Completed cell subprocess including loading, training, evaluation, and completion checks; not pure training time or total pipeline wall time",10
exaone,kcelectra,retrieved,source,50.765825033187866,NVIDIA L40S,"Completed cell subprocess including loading, training, evaluation, and completion checks; not pure training time or total pipeline wall time",11
exaone,kcelectra,retrieved,exaone,51.40152955055237,NVIDIA L40S,"Completed cell subprocess including loading, training, evaluation, and completion checks; not pure training time or total pipeline wall time",11
exaone,kcelectra,retrieved,gemma4,49.961176028009504,NVIDIA L40S,"Completed cell subprocess including loading, training, evaluation, and completion checks; not pure training time or total pipeline wall time",11
exaone,kcelectra,random,source,49.2156822939869,NVIDIA L40S,"Completed cell subprocess including loading, training, evaluation, and completion checks; not pure training time or total pipeline wall time",11
exaone,kcelectra,random,exaone,49.38997846795246,NVIDIA L40S,"Completed cell subprocess including loading, training, evaluation, and completion checks; not pure training time or total pipeline wall time",11
exaone,kcelectra,random,gemma4,49.03669440909289,NVIDIA L40S,"Completed cell subprocess including loading, training, evaluation, and completion checks; not pure training time or total pipeline wall time",11
exaone,kcelectra,retrieved,source,51.107916831970215,NVIDIA L40S,"Completed cell subprocess including loading, training, evaluation, and completion checks; not pure training time or total pipeline wall time",12
exaone,kcelectra,retrieved,exaone,50.76859664916992,NVIDIA L40S,"Completed cell subprocess including loading, training, evaluation, and completion checks; not pure training time or total pipeline wall time",12
exaone,kcelectra,retrieved,gemma4,49.42386981216259,NVIDIA L40S,"Completed cell subprocess including loading, training, evaluation, and completion checks; not pure training time or total pipeline wall time",12
exaone,kcelectra,random,source,49.08964595780708,NVIDIA L40S,"Completed cell subprocess including loading, training, evaluation, and completion checks; not pure training time or total pipeline wall time",12
exaone,kcelectra,random,exaone,49.381876080995426,NVIDIA L40S,"Completed cell subprocess including loading, training, evaluation, and completion checks; not pure training time or total pipeline wall time",12
exaone,kcelectra,random,gemma4,49.50994730601087,NVIDIA L40S,"Completed cell subprocess including loading, training, evaluation, and completion checks; not pure training time or total pipeline wall time",12
exaone,kcelectra,retrieved,source,51.01453495025635,NVIDIA L40S,"Completed cell subprocess including loading, training, evaluation, and completion checks; not pure training time or total pipeline wall time",13
exaone,kcelectra,retrieved,exaone,51.067806243896484,NVIDIA L40S,"Completed cell subprocess including loading, training, evaluation, and completion checks; not pure training time or total pipeline wall time",13
exaone,kcelectra,retrieved,gemma4,49.551019333070144,NVIDIA L40S,"Completed cell subprocess including loading, training, evaluation, and completion checks; not pure training time or total pipeline wall time",13
exaone,kcelectra,random,source,49.33577566011809,NVIDIA L40S,"Completed cell subprocess including loading, training, evaluation, and completion checks; not pure training time or total pipeline wall time",13
exaone,kcelectra,random,exaone,49.49195565702394,NVIDIA L40S,"Completed cell subprocess including loading, training, evaluation, and completion checks; not pure training time or total pipeline wall time",13
exaone,kcelectra,random,gemma4,49.579156653024256,NVIDIA L40S,"Completed cell subprocess including loading, training, evaluation, and completion checks; not pure training time or total pipeline wall time",13
exaone,kcelectra,retrieved,source,50.87575173377991,NVIDIA L40S,"Completed cell subprocess including loading, training, evaluation, and completion checks; not pure training time or total pipeline wall time",14
exaone,kcelectra,retrieved,exaone,51.539196729660034,NVIDIA L40S,"Completed cell subprocess including loading, training, evaluation, and completion checks; not pure training time or total pipeline wall time",14
exaone,kcelectra,retrieved,gemma4,50.03226078604348,NVIDIA L40S,"Completed cell subprocess including loading, training, evaluation, and completion checks; not pure training time or total pipeline wall time",14
exaone,kcelectra,random,source,48.866626816103235,NVIDIA L40S,"Completed cell subprocess including loading, training, evaluation, and completion checks; not pure training time or total pipeline wall time",14
exaone,kcelectra,random,exaone,49.22160744294524,NVIDIA L40S,"Completed cell subprocess including loading, training, evaluation, and completion checks; not pure training time or total pipeline wall time",14
exaone,kcelectra,random,gemma4,49.272281667916104,NVIDIA L40S,"Completed cell subprocess including loading, training, evaluation, and completion checks; not pure training time or total pipeline wall time",14
exaone,kcelectra,retrieved,source,51.66511034965515,NVIDIA L40S,"Completed cell subprocess including loading, training, evaluation, and completion checks; not pure training time or total pipeline wall time",15
exaone,kcelectra,retrieved,exaone,51.1727020740509,NVIDIA L40S,"Completed cell subprocess including loading, training, evaluation, and completion checks; not pure training time or total pipeline wall time",15
exaone,kcelectra,retrieved,gemma4,49.812335706083104,NVIDIA L40S,"Completed cell subprocess including loading, training, evaluation, and completion checks; not pure training time or total pipeline wall time",15
exaone,kcelectra,random,source,49.717457534046844,NVIDIA L40S,"Completed cell subprocess including loading, training, evaluation, and completion checks; not pure training time or total pipeline wall time",15
exaone,kcelectra,random,exaone,49.27317600790411,NVIDIA L40S,"Completed cell subprocess including loading, training, evaluation, and completion checks; not pure training time or total pipeline wall time",15
exaone,kcelectra,random,gemma4,49.12519955798052,NVIDIA L40S,"Completed cell subprocess including loading, training, evaluation, and completion checks; not pure training time or total pipeline wall time",15
exaone,kcelectra,retrieved,source,51.820103883743286,NVIDIA L40S,"Completed cell subprocess including loading, training, evaluation, and completion checks; not pure training time or total pipeline wall time",16
exaone,kcelectra,retrieved,exaone,50.7174551486969,NVIDIA L40S,"Completed cell subprocess including loading, training, evaluation, and completion checks; not pure training time or total pipeline wall time",16
exaone,kcelectra,retrieved,gemma4,49.548423691885546,NVIDIA L40S,"Completed cell subprocess including loading, training, evaluation, and completion checks; not pure training time or total pipeline wall time",16
exaone,kcelectra,random,source,49.39171347813681,NVIDIA L40S,"Completed cell subprocess including loading, training, evaluation, and completion checks; not pure training time or total pipeline wall time",16
exaone,kcelectra,random,exaone,49.3517938638106,NVIDIA L40S,"Completed cell subprocess including loading, training, evaluation, and completion checks; not pure training time or total pipeline wall time",16
exaone,kcelectra,random,gemma4,49.01823601103388,NVIDIA L40S,"Completed cell subprocess including loading, training, evaluation, and completion checks; not pure training time or total pipeline wall time",16
exaone,kcelectra,retrieved,source,50.69151258468628,NVIDIA L40S,"Completed cell subprocess including loading, training, evaluation, and completion checks; not pure training time or total pipeline wall time",17
exaone,kcelectra,retrieved,exaone,51.07042407989502,NVIDIA L40S,"Completed cell subprocess including loading, training, evaluation, and completion checks; not pure training time or total pipeline wall time",17
exaone,kcelectra,retrieved,gemma4,49.719503154978156,NVIDIA L40S,"Completed cell subprocess including loading, training, evaluation, and completion checks; not pure training time or total pipeline wall time",17
exaone,kcelectra,random,source,49.410027913050726,NVIDIA L40S,"Completed cell subprocess including loading, training, evaluation, and completion checks; not pure training time or total pipeline wall time",17
exaone,kcelectra,random,exaone,49.59683802095242,NVIDIA L40S,"Completed cell subprocess including loading, training, evaluation, and completion checks; not pure training time or total pipeline wall time",17
exaone,kcelectra,random,gemma4,49.48772212397307,NVIDIA L40S,"Completed cell subprocess including loading, training, evaluation, and completion checks; not pure training time or total pipeline wall time",17
exaone,kcelectra,retrieved,source,51.319294929504395,NVIDIA L40S,"Completed cell subprocess including loading, training, evaluation, and completion checks; not pure training time or total pipeline wall time",18
exaone,kcelectra,retrieved,exaone,51.62735438346863,NVIDIA L40S,"Completed cell subprocess including loading, training, evaluation, and completion checks; not pure training time or total pipeline wall time",18
exaone,kcelectra,retrieved,gemma4,49.91396467993036,NVIDIA L40S,"Completed cell subprocess including loading, training, evaluation, and completion checks; not pure training time or total pipeline wall time",18
exaone,kcelectra,random,source,49.342458047904074,NVIDIA L40S,"Completed cell subprocess including loading, training, evaluation, and completion checks; not pure training time or total pipeline wall time",18
exaone,kcelectra,random,exaone,49.13189835799858,NVIDIA L40S,"Completed cell subprocess including loading, training, evaluation, and completion checks; not pure training time or total pipeline wall time",18
exaone,kcelectra,random,gemma4,49.1109178441111,NVIDIA L40S,"Completed cell subprocess including loading, training, evaluation, and completion checks; not pure training time or total pipeline wall time",18
exaone,kcelectra,retrieved,source,50.835694313049316,NVIDIA L40S,"Completed cell subprocess including loading, training, evaluation, and completion checks; not pure training time or total pipeline wall time",19
exaone,kcelectra,retrieved,exaone,50.77165603637695,NVIDIA L40S,"Completed cell subprocess including loading, training, evaluation, and completion checks; not pure training time or total pipeline wall time",19
exaone,kcelectra,retrieved,gemma4,49.7321173241362,NVIDIA L40S,"Completed cell subprocess including loading, training, evaluation, and completion checks; not pure training time or total pipeline wall time",19
exaone,kcelectra,random,source,49.05528646311723,NVIDIA L40S,"Completed cell subprocess including loading, training, evaluation, and completion checks; not pure training time or total pipeline wall time",19
exaone,kcelectra,random,exaone,49.12935424200259,NVIDIA L40S,"Completed cell subprocess including loading, training, evaluation, and completion checks; not pure training time or total pipeline wall time",19
exaone,kcelectra,random,gemma4,48.927300138864666,NVIDIA L40S,"Completed cell subprocess including loading, training, evaluation, and completion checks; not pure training time or total pipeline wall time",19
exaone,kcelectra,retrieved,source,50.77684926986694,NVIDIA L40S,"Completed cell subprocess including loading, training, evaluation, and completion checks; not pure training time or total pipeline wall time",20
exaone,kcelectra,retrieved,exaone,50.3903226852417,NVIDIA L40S,"Completed cell subprocess including loading, training, evaluation, and completion checks; not pure training time or total pipeline wall time",20
exaone,kcelectra,retrieved,gemma4,49.66680323705077,NVIDIA L40S,"Completed cell subprocess including loading, training, evaluation, and completion checks; not pure training time or total pipeline wall time",20
exaone,kcelectra,random,source,49.400954756187275,NVIDIA L40S,"Completed cell subprocess including loading, training, evaluation, and completion checks; not pure training time or total pipeline wall time",20
exaone,kcelectra,random,exaone,49.18910646182485,NVIDIA L40S,"Completed cell subprocess including loading, training, evaluation, and completion checks; not pure training time or total pipeline wall time",20
exaone,kcelectra,random,gemma4,49.3673067339696,NVIDIA L40S,"Completed cell subprocess including loading, training, evaluation, and completion checks; not pure training time or total pipeline wall time",20
exaone,kcelectra,retrieved,source,50.90518236160278,NVIDIA L40S,"Completed cell subprocess including loading, training, evaluation, and completion checks; not pure training time or total pipeline wall time",21
exaone,kcelectra,retrieved,exaone,50.909127712249756,NVIDIA L40S,"Completed cell subprocess including loading, training, evaluation, and completion checks; not pure training time or total pipeline wall time",21
exaone,kcelectra,retrieved,gemma4,49.54385421401821,NVIDIA L40S,"Completed cell subprocess including loading, training, evaluation, and completion checks; not pure training time or total pipeline wall time",21
exaone,kcelectra,random,source,48.92356434301473,NVIDIA L40S,"Completed cell subprocess including loading, training, evaluation, and completion checks; not pure training time or total pipeline wall time",21
exaone,kcelectra,random,exaone,48.83988700201735,NVIDIA L40S,"Completed cell subprocess including loading, training, evaluation, and completion checks; not pure training time or total pipeline wall time",21
exaone,kcelectra,random,gemma4,48.864048660034314,NVIDIA L40S,"Completed cell subprocess including loading, training, evaluation, and completion checks; not pure training time or total pipeline wall time",21
exaone,kcelectra,retrieved,source,51.335052251815796,NVIDIA L40S,"Completed cell subprocess including loading, training, evaluation, and completion checks; not pure training time or total pipeline wall time",22
exaone,kcelectra,retrieved,exaone,50.67132234573364,NVIDIA L40S,"Completed cell subprocess including loading, training, evaluation, and completion checks; not pure training time or total pipeline wall time",22
exaone,kcelectra,retrieved,gemma4,49.652524032164365,NVIDIA L40S,"Completed cell subprocess including loading, training, evaluation, and completion checks; not pure training time or total pipeline wall time",22
exaone,kcelectra,random,source,48.79894075007178,NVIDIA L40S,"Completed cell subprocess including loading, training, evaluation, and completion checks; not pure training time or total pipeline wall time",22
exaone,kcelectra,random,exaone,48.7910839500837,NVIDIA L40S,"Completed cell subprocess including loading, training, evaluation, and completion checks; not pure training time or total pipeline wall time",22
exaone,kcelectra,random,gemma4,48.82691227202304,NVIDIA L40S,"Completed cell subprocess including loading, training, evaluation, and completion checks; not pure training time or total pipeline wall time",22
exaone,kcelectra,retrieved,source,50.751333475112915,NVIDIA L40S,"Completed cell subprocess including loading, training, evaluation, and completion checks; not pure training time or total pipeline wall time",23
exaone,kcelectra,retrieved,exaone,50.449694871902466,NVIDIA L40S,"Completed cell subprocess including loading, training, evaluation, and completion checks; not pure training time or total pipeline wall time",23
exaone,kcelectra,retrieved,gemma4,49.74086076486856,NVIDIA L40S,"Completed cell subprocess including loading, training, evaluation, and completion checks; not pure training time or total pipeline wall time",23
exaone,kcelectra,random,source,48.94132885406725,NVIDIA L40S,"Completed cell subprocess including loading, training, evaluation, and completion checks; not pure training time or total pipeline wall time",23
exaone,kcelectra,random,exaone,49.19326325296424,NVIDIA L40S,"Completed cell subprocess including loading, training, evaluation, and completion checks; not pure training time or total pipeline wall time",23
exaone,kcelectra,random,gemma4,48.69341201498173,NVIDIA L40S,"Completed cell subprocess including loading, training, evaluation, and completion checks; not pure training time or total pipeline wall time",23
exaone,xlmr,retrieved,source,60.41876769065857,NVIDIA L40S,"Completed cell subprocess including loading, training, evaluation, and completion checks; not pure training time or total pipeline wall time",1
exaone,xlmr,retrieved,exaone,60.767096757888794,NVIDIA L40S,"Completed cell subprocess including loading, training, evaluation, and completion checks; not pure training time or total pipeline wall time",1
exaone,xlmr,retrieved,gemma4,56.780981929041445,NVIDIA L40S,"Completed cell subprocess including loading, training, evaluation, and completion checks; not pure training time or total pipeline wall time",1
exaone,xlmr,random,source,60.743735732045025,NVIDIA L40S,"Completed cell subprocess including loading, training, evaluation, and completion checks; not pure training time or total pipeline wall time",1
exaone,xlmr,random,exaone,56.868633629055694,NVIDIA L40S,"Completed cell subprocess including loading, training, evaluation, and completion checks; not pure training time or total pipeline wall time",1
exaone,xlmr,random,gemma4,57.310951413121074,NVIDIA L40S,"Completed cell subprocess including loading, training, evaluation, and completion checks; not pure training time or total pipeline wall time",1
exaone,xlmr,retrieved,source,60.47082877159119,NVIDIA L40S,"Completed cell subprocess including loading, training, evaluation, and completion checks; not pure training time or total pipeline wall time",2
exaone,xlmr,retrieved,exaone,60.03288745880127,NVIDIA L40S,"Completed cell subprocess including loading, training, evaluation, and completion checks; not pure training time or total pipeline wall time",2
exaone,xlmr,retrieved,gemma4,57.1418375489302,NVIDIA L40S,"Completed cell subprocess including loading, training, evaluation, and completion checks; not pure training time or total pipeline wall time",2
exaone,xlmr,random,source,57.34215413988568,NVIDIA L40S,"Completed cell subprocess including loading, training, evaluation, and completion checks; not pure training time or total pipeline wall time",2
exaone,xlmr,random,exaone,57.2153494679369,NVIDIA L40S,"Completed cell subprocess including loading, training, evaluation, and completion checks; not pure training time or total pipeline wall time",2
exaone,xlmr,random,gemma4,57.29734687902965,NVIDIA L40S,"Completed cell subprocess including loading, training, evaluation, and completion checks; not pure training time or total pipeline wall time",2
exaone,xlmr,retrieved,source,59.73094081878662,NVIDIA L40S,"Completed cell subprocess including loading, training, evaluation, and completion checks; not pure training time or total pipeline wall time",3
exaone,xlmr,retrieved,exaone,60.033100605010986,NVIDIA L40S,"Completed cell subprocess including loading, training, evaluation, and completion checks; not pure training time or total pipeline wall time",3
exaone,xlmr,retrieved,gemma4,56.92121546110138,NVIDIA L40S,"Completed cell subprocess including loading, training, evaluation, and completion checks; not pure training time or total pipeline wall time",3
exaone,xlmr,random,source,57.45362646598369,NVIDIA L40S,"Completed cell subprocess including loading, training, evaluation, and completion checks; not pure training time or total pipeline wall time",3
exaone,xlmr,random,exaone,57.49595626303926,NVIDIA L40S,"Completed cell subprocess including loading, training, evaluation, and completion checks; not pure training time or total pipeline wall time",3
exaone,xlmr,random,gemma4,57.57037923298776,NVIDIA L40S,"Completed cell subprocess including loading, training, evaluation, and completion checks; not pure training time or total pipeline wall time",3
exaone,xlmr,retrieved,source,61.24347424507141,NVIDIA L40S,"Completed cell subprocess including loading, training, evaluation, and completion checks; not pure training time or total pipeline wall time",4
exaone,xlmr,retrieved,exaone,60.6437566280365,NVIDIA L40S,"Completed cell subprocess including loading, training, evaluation, and completion checks; not pure training time or total pipeline wall time",4
exaone,xlmr,retrieved,gemma4,57.358261006185785,NVIDIA L40S,"Completed cell subprocess including loading, training, evaluation, and completion checks; not pure training time or total pipeline wall time",4
exaone,xlmr,random,source,57.39342015096918,NVIDIA L40S,"Completed cell subprocess including loading, training, evaluation, and completion checks; not pure training time or total pipeline wall time",4
exaone,xlmr,random,exaone,57.40436590113677,NVIDIA L40S,"Completed cell subprocess including loading, training, evaluation, and completion checks; not pure training time or total pipeline wall time",4
exaone,xlmr,random,gemma4,57.73270964389667,NVIDIA L40S,"Completed cell subprocess including loading, training, evaluation, and completion checks; not pure training time or total pipeline wall time",4
exaone,xlmr,retrieved,source,61.294021129608154,NVIDIA L40S,"Completed cell subprocess including loading, training, evaluation, and completion checks; not pure training time or total pipeline wall time",5
exaone,xlmr,retrieved,exaone,60.47959589958191,NVIDIA L40S,"Completed cell subprocess including loading, training, evaluation, and completion checks; not pure training time or total pipeline wall time",5
exaone,xlmr,retrieved,gemma4,57.467670863028616,NVIDIA L40S,"Completed cell subprocess including loading, training, evaluation, and completion checks; not pure training time or total pipeline wall time",5
exaone,xlmr,random,source,57.38149782200344,NVIDIA L40S,"Completed cell subprocess including loading, training, evaluation, and completion checks; not pure training time or total pipeline wall time",5
exaone,xlmr,random,exaone,57.43787043611519,NVIDIA L40S,"Completed cell subprocess including loading, training, evaluation, and completion checks; not pure training time or total pipeline wall time",5
exaone,xlmr,random,gemma4,57.12105690012686,NVIDIA L40S,"Completed cell subprocess including loading, training, evaluation, and completion checks; not pure training time or total pipeline wall time",5
exaone,xlmr,retrieved,source,60.008206367492676,NVIDIA L40S,"Completed cell subprocess including loading, training, evaluation, and completion checks; not pure training time or total pipeline wall time",6
exaone,xlmr,retrieved,exaone,60.756712436676025,NVIDIA L40S,"Completed cell subprocess including loading, training, evaluation, and completion checks; not pure training time or total pipeline wall time",6
exaone,xlmr,retrieved,gemma4,57.59776080888696,NVIDIA L40S,"Completed cell subprocess including loading, training, evaluation, and completion checks; not pure training time or total pipeline wall time",6
exaone,xlmr,random,source,57.36706088297069,NVIDIA L40S,"Completed cell subprocess including loading, training, evaluation, and completion checks; not pure training time or total pipeline wall time",6
exaone,xlmr,random,exaone,57.41984269907698,NVIDIA L40S,"Completed cell subprocess including loading, training, evaluation, and completion checks; not pure training time or total pipeline wall time",6
exaone,xlmr,random,gemma4,58.13551512314007,NVIDIA L40S,"Completed cell subprocess including loading, training, evaluation, and completion checks; not pure training time or total pipeline wall time",6
exaone,xlmr,retrieved,source,60.518081188201904,NVIDIA L40S,"Completed cell subprocess including loading, training, evaluation, and completion checks; not pure training time or total pipeline wall time",7
exaone,xlmr,retrieved,exaone,60.94334578514099,NVIDIA L40S,"Completed cell subprocess including loading, training, evaluation, and completion checks; not pure training time or total pipeline wall time",7
exaone,xlmr,retrieved,gemma4,57.67380367196165,NVIDIA L40S,"Completed cell subprocess including loading, training, evaluation, and completion checks; not pure training time or total pipeline wall time",7
exaone,xlmr,random,source,57.44527784199454,NVIDIA L40S,"Completed cell subprocess including loading, training, evaluation, and completion checks; not pure training time or total pipeline wall time",7
exaone,xlmr,random,exaone,57.42200883803889,NVIDIA L40S,"Completed cell subprocess including loading, training, evaluation, and completion checks; not pure training time or total pipeline wall time",7
exaone,xlmr,random,gemma4,57.35419024596922,NVIDIA L40S,"Completed cell subprocess including loading, training, evaluation, and completion checks; not pure training time or total pipeline wall time",7
exaone,xlmr,retrieved,source,60.768919229507446,NVIDIA L40S,"Completed cell subprocess including loading, training, evaluation, and completion checks; not pure training time or total pipeline wall time",8
exaone,xlmr,retrieved,exaone,61.13392972946167,NVIDIA L40S,"Completed cell subprocess including loading, training, evaluation, and completion checks; not pure training time or total pipeline wall time",8
exaone,xlmr,retrieved,gemma4,57.64534605597146,NVIDIA L40S,"Completed cell subprocess including loading, training, evaluation, and completion checks; not pure training time or total pipeline wall time",8
exaone,xlmr,random,source,57.45749727101065,NVIDIA L40S,"Completed cell subprocess including loading, training, evaluation, and completion checks; not pure training time or total pipeline wall time",8
exaone,xlmr,random,exaone,57.57644140115008,NVIDIA L40S,"Completed cell subprocess including loading, training, evaluation, and completion checks; not pure training time or total pipeline wall time",8
exaone,xlmr,random,gemma4,57.5108108560089,NVIDIA L40S,"Completed cell subprocess including loading, training, evaluation, and completion checks; not pure training time or total pipeline wall time",8
exaone,xlmr,retrieved,source,60.87087106704712,NVIDIA L40S,"Completed cell subprocess including loading, training, evaluation, and completion checks; not pure training time or total pipeline wall time",9
exaone,xlmr,retrieved,exaone,60.32632756233215,NVIDIA L40S,"Completed cell subprocess including loading, training, evaluation, and completion checks; not pure training time or total pipeline wall time",9
exaone,xlmr,retrieved,gemma4,58.39515824895352,NVIDIA L40S,"Completed cell subprocess including loading, training, evaluation, and completion checks; not pure training time or total pipeline wall time",9
exaone,xlmr,random,source,57.602594355121255,NVIDIA L40S,"Completed cell subprocess including loading, training, evaluation, and completion checks; not pure training time or total pipeline wall time",9
exaone,xlmr,random,exaone,57.43894346803427,NVIDIA L40S,"Completed cell subprocess including loading, training, evaluation, and completion checks; not pure training time or total pipeline wall time",9
exaone,xlmr,random,gemma4,57.49261950189248,NVIDIA L40S,"Completed cell subprocess including loading, training, evaluation, and completion checks; not pure training time or total pipeline wall time",9
exaone,xlmr,retrieved,source,60.620683670043945,NVIDIA L40S,"Completed cell subprocess including loading, training, evaluation, and completion checks; not pure training time or total pipeline wall time",10
exaone,xlmr,retrieved,exaone,60.590219497680664,NVIDIA L40S,"Completed cell subprocess including loading, training, evaluation, and completion checks; not pure training time or total pipeline wall time",10
exaone,xlmr,retrieved,gemma4,57.5033605680801,NVIDIA L40S,"Completed cell subprocess including loading, training, evaluation, and completion checks; not pure training time or total pipeline wall time",10
exaone,xlmr,random,source,57.277981685008854,NVIDIA L40S,"Completed cell subprocess including loading, training, evaluation, and completion checks; not pure training time or total pipeline wall time",10
exaone,xlmr,random,exaone,57.94613472605124,NVIDIA L40S,"Completed cell subprocess including loading, training, evaluation, and completion checks; not pure training time or total pipeline wall time",10
exaone,xlmr,random,gemma4,57.50760896014981,NVIDIA L40S,"Completed cell subprocess including loading, training, evaluation, and completion checks; not pure training time or total pipeline wall time",10
exaone,xlmr,retrieved,source,60.1031539440155,NVIDIA L40S,"Completed cell subprocess including loading, training, evaluation, and completion checks; not pure training time or total pipeline wall time",11
exaone,xlmr,retrieved,exaone,60.16002917289734,NVIDIA L40S,"Completed cell subprocess including loading, training, evaluation, and completion checks; not pure training time or total pipeline wall time",11
exaone,xlmr,retrieved,gemma4,58.3060472200159,NVIDIA L40S,"Completed cell subprocess including loading, training, evaluation, and completion checks; not pure training time or total pipeline wall time",11
exaone,xlmr,random,source,57.72634218400344,NVIDIA L40S,"Completed cell subprocess including loading, training, evaluation, and completion checks; not pure training time or total pipeline wall time",11
exaone,xlmr,random,exaone,57.68533265800215,NVIDIA L40S,"Completed cell subprocess including loading, training, evaluation, and completion checks; not pure training time or total pipeline wall time",11
exaone,xlmr,random,gemma4,57.57852887897752,NVIDIA L40S,"Completed cell subprocess including loading, training, evaluation, and completion checks; not pure training time or total pipeline wall time",11
exaone,xlmr,retrieved,source,60.67095375061035,NVIDIA L40S,"Completed cell subprocess including loading, training, evaluation, and completion checks; not pure training time or total pipeline wall time",12
exaone,xlmr,retrieved,exaone,61.2098925113678,NVIDIA L40S,"Completed cell subprocess including loading, training, evaluation, and completion checks; not pure training time or total pipeline wall time",12
exaone,xlmr,retrieved,gemma4,57.44184012012556,NVIDIA L40S,"Completed cell subprocess including loading, training, evaluation, and completion checks; not pure training time or total pipeline wall time",12
exaone,xlmr,random,source,57.61140204104595,NVIDIA L40S,"Completed cell subprocess including loading, training, evaluation, and completion checks; not pure training time or total pipeline wall time",12
exaone,xlmr,random,exaone,57.47560629202053,NVIDIA L40S,"Completed cell subprocess including loading, training, evaluation, and completion checks; not pure training time or total pipeline wall time",12
exaone,xlmr,random,gemma4,57.43295757193118,NVIDIA L40S,"Completed cell subprocess including loading, training, evaluation, and completion checks; not pure training time or total pipeline wall time",12
exaone,xlmr,retrieved,source,60.956496715545654,NVIDIA L40S,"Completed cell subprocess including loading, training, evaluation, and completion checks; not pure training time or total pipeline wall time",13
exaone,xlmr,retrieved,exaone,60.42385458946228,NVIDIA L40S,"Completed cell subprocess including loading, training, evaluation, and completion checks; not pure training time or total pipeline wall time",13
exaone,xlmr,retrieved,gemma4,57.69290846493095,NVIDIA L40S,"Completed cell subprocess including loading, training, evaluation, and completion checks; not pure training time or total pipeline wall time",13
exaone,xlmr,random,source,57.66833194484934,NVIDIA L40S,"Completed cell subprocess including loading, training, evaluation, and completion checks; not pure training time or total pipeline wall time",13
exaone,xlmr,random,exaone,57.520933378022164,NVIDIA L40S,"Completed cell subprocess including loading, training, evaluation, and completion checks; not pure training time or total pipeline wall time",13
exaone,xlmr,random,gemma4,57.58429960999638,NVIDIA L40S,"Completed cell subprocess including loading, training, evaluation, and completion checks; not pure training time or total pipeline wall time",13
exaone,xlmr,retrieved,source,60.67697620391846,NVIDIA L40S,"Completed cell subprocess including loading, training, evaluation, and completion checks; not pure training time or total pipeline wall time",14
exaone,xlmr,retrieved,exaone,60.392781496047974,NVIDIA L40S,"Completed cell subprocess including loading, training, evaluation, and completion checks; not pure training time or total pipeline wall time",14
exaone,xlmr,retrieved,gemma4,57.2000460899435,NVIDIA L40S,"Completed cell subprocess including loading, training, evaluation, and completion checks; not pure training time or total pipeline wall time",14
exaone,xlmr,random,source,57.831394909881055,NVIDIA L40S,"Completed cell subprocess including loading, training, evaluation, and completion checks; not pure training time or total pipeline wall time",14
exaone,xlmr,random,exaone,57.9128289129585,NVIDIA L40S,"Completed cell subprocess including loading, training, evaluation, and completion checks; not pure training time or total pipeline wall time",14
exaone,xlmr,random,gemma4,57.85364295798354,NVIDIA L40S,"Completed cell subprocess including loading, training, evaluation, and completion checks; not pure training time or total pipeline wall time",14
exaone,xlmr,retrieved,source,60.86178922653198,NVIDIA L40S,"Completed cell subprocess including loading, training, evaluation, and completion checks; not pure training time or total pipeline wall time",15
exaone,xlmr,retrieved,exaone,60.57277774810791,NVIDIA L40S,"Completed cell subprocess including loading, training, evaluation, and completion checks; not pure training time or total pipeline wall time",15
exaone,xlmr,retrieved,gemma4,57.45566569804214,NVIDIA L40S,"Completed cell subprocess including loading, training, evaluation, and completion checks; not pure training time or total pipeline wall time",15
exaone,xlmr,random,source,57.503880535950884,NVIDIA L40S,"Completed cell subprocess including loading, training, evaluation, and completion checks; not pure training time or total pipeline wall time",15
exaone,xlmr,random,exaone,57.68727554404177,NVIDIA L40S,"Completed cell subprocess including loading, training, evaluation, and completion checks; not pure training time or total pipeline wall time",15
exaone,xlmr,random,gemma4,57.51003387896344,NVIDIA L40S,"Completed cell subprocess including loading, training, evaluation, and completion checks; not pure training time or total pipeline wall time",15
exaone,xlmr,retrieved,source,60.0991051197052,NVIDIA L40S,"Completed cell subprocess including loading, training, evaluation, and completion checks; not pure training time or total pipeline wall time",16
exaone,xlmr,retrieved,exaone,60.82975745201111,NVIDIA L40S,"Completed cell subprocess including loading, training, evaluation, and completion checks; not pure training time or total pipeline wall time",16
exaone,xlmr,retrieved,gemma4,57.79845034098253,NVIDIA L40S,"Completed cell subprocess including loading, training, evaluation, and completion checks; not pure training time or total pipeline wall time",16
exaone,xlmr,random,source,57.5606151400134,NVIDIA L40S,"Completed cell subprocess including loading, training, evaluation, and completion checks; not pure training time or total pipeline wall time",16
exaone,xlmr,random,exaone,57.211581606185064,NVIDIA L40S,"Completed cell subprocess including loading, training, evaluation, and completion checks; not pure training time or total pipeline wall time",16
exaone,xlmr,random,gemma4,57.53197399713099,NVIDIA L40S,"Completed cell subprocess including loading, training, evaluation, and completion checks; not pure training time or total pipeline wall time",16
exaone,xlmr,retrieved,source,60.704304933547974,NVIDIA L40S,"Completed cell subprocess including loading, training, evaluation, and completion checks; not pure training time or total pipeline wall time",17
exaone,xlmr,retrieved,exaone,60.66080832481384,NVIDIA L40S,"Completed cell subprocess including loading, training, evaluation, and completion checks; not pure training time or total pipeline wall time",17
exaone,xlmr,retrieved,gemma4,57.500863348832354,NVIDIA L40S,"Completed cell subprocess including loading, training, evaluation, and completion checks; not pure training time or total pipeline wall time",17
exaone,xlmr,random,source,57.757726615993306,NVIDIA L40S,"Completed cell subprocess including loading, training, evaluation, and completion checks; not pure training time or total pipeline wall time",17
exaone,xlmr,random,exaone,57.76174545008689,NVIDIA L40S,"Completed cell subprocess including loading, training, evaluation, and completion checks; not pure training time or total pipeline wall time",17
exaone,xlmr,random,gemma4,57.519646381028,NVIDIA L40S,"Completed cell subprocess including loading, training, evaluation, and completion checks; not pure training time or total pipeline wall time",17
exaone,xlmr,retrieved,source,60.67721104621887,NVIDIA L40S,"Completed cell subprocess including loading, training, evaluation, and completion checks; not pure training time or total pipeline wall time",18
exaone,xlmr,retrieved,exaone,60.29716205596924,NVIDIA L40S,"Completed cell subprocess including loading, training, evaluation, and completion checks; not pure training time or total pipeline wall time",18
exaone,xlmr,retrieved,gemma4,57.556029038038105,NVIDIA L40S,"Completed cell subprocess including loading, training, evaluation, and completion checks; not pure training time or total pipeline wall time",18
exaone,xlmr,random,source,57.47113803308457,NVIDIA L40S,"Completed cell subprocess including loading, training, evaluation, and completion checks; not pure training time or total pipeline wall time",18
exaone,xlmr,random,exaone,57.32103714789264,NVIDIA L40S,"Completed cell subprocess including loading, training, evaluation, and completion checks; not pure training time or total pipeline wall time",18
exaone,xlmr,random,gemma4,57.287272311979905,NVIDIA L40S,"Completed cell subprocess including loading, training, evaluation, and completion checks; not pure training time or total pipeline wall time",18
exaone,xlmr,retrieved,source,60.982224464416504,NVIDIA L40S,"Completed cell subprocess including loading, training, evaluation, and completion checks; not pure training time or total pipeline wall time",19
exaone,xlmr,retrieved,exaone,60.0671591758728,NVIDIA L40S,"Completed cell subprocess including loading, training, evaluation, and completion checks; not pure training time or total pipeline wall time",19
exaone,xlmr,retrieved,gemma4,57.48788812290877,NVIDIA L40S,"Completed cell subprocess including loading, training, evaluation, and completion checks; not pure training time or total pipeline wall time",19
exaone,xlmr,random,source,57.721778423991054,NVIDIA L40S,"Completed cell subprocess including loading, training, evaluation, and completion checks; not pure training time or total pipeline wall time",19
exaone,xlmr,random,exaone,57.33063001791015,NVIDIA L40S,"Completed cell subprocess including loading, training, evaluation, and completion checks; not pure training time or total pipeline wall time",19
exaone,xlmr,random,gemma4,57.30663592997007,NVIDIA L40S,"Completed cell subprocess including loading, training, evaluation, and completion checks; not pure training time or total pipeline wall time",19
exaone,xlmr,retrieved,source,60.278770208358765,NVIDIA L40S,"Completed cell subprocess including loading, training, evaluation, and completion checks; not pure training time or total pipeline wall time",20
exaone,xlmr,retrieved,exaone,60.28327441215515,NVIDIA L40S,"Completed cell subprocess including loading, training, evaluation, and completion checks; not pure training time or total pipeline wall time",20
exaone,xlmr,retrieved,gemma4,57.52242144290358,NVIDIA L40S,"Completed cell subprocess including loading, training, evaluation, and completion checks; not pure training time or total pipeline wall time",20
exaone,xlmr,random,source,57.28862082702108,NVIDIA L40S,"Completed cell subprocess including loading, training, evaluation, and completion checks; not pure training time or total pipeline wall time",20
exaone,xlmr,random,exaone,57.41237543895841,NVIDIA L40S,"Completed cell subprocess including loading, training, evaluation, and completion checks; not pure training time or total pipeline wall time",20
exaone,xlmr,random,gemma4,57.387732381001115,NVIDIA L40S,"Completed cell subprocess including loading, training, evaluation, and completion checks; not pure training time or total pipeline wall time",20
exaone,xlmr,retrieved,source,60.91226673126221,NVIDIA L40S,"Completed cell subprocess including loading, training, evaluation, and completion checks; not pure training time or total pipeline wall time",21
exaone,xlmr,retrieved,exaone,60.5198917388916,NVIDIA L40S,"Completed cell subprocess including loading, training, evaluation, and completion checks; not pure training time or total pipeline wall time",21
exaone,xlmr,retrieved,gemma4,57.23208888596855,NVIDIA L40S,"Completed cell subprocess including loading, training, evaluation, and completion checks; not pure training time or total pipeline wall time",21
exaone,xlmr,random,source,57.83695034892298,NVIDIA L40S,"Completed cell subprocess including loading, training, evaluation, and completion checks; not pure training time or total pipeline wall time",21
exaone,xlmr,random,exaone,57.46669350215234,NVIDIA L40S,"Completed cell subprocess including loading, training, evaluation, and completion checks; not pure training time or total pipeline wall time",21
exaone,xlmr,random,gemma4,57.663961607031524,NVIDIA L40S,"Completed cell subprocess including loading, training, evaluation, and completion checks; not pure training time or total pipeline wall time",21
exaone,xlmr,retrieved,source,60.34746789932251,NVIDIA L40S,"Completed cell subprocess including loading, training, evaluation, and completion checks; not pure training time or total pipeline wall time",22
exaone,xlmr,retrieved,exaone,60.69242525100708,NVIDIA L40S,"Completed cell subprocess including loading, training, evaluation, and completion checks; not pure training time or total pipeline wall time",22
exaone,xlmr,retrieved,gemma4,57.47196561796591,NVIDIA L40S,"Completed cell subprocess including loading, training, evaluation, and completion checks; not pure training time or total pipeline wall time",22
exaone,xlmr,random,source,57.51157559501007,NVIDIA L40S,"Completed cell subprocess including loading, training, evaluation, and completion checks; not pure training time or total pipeline wall time",22
exaone,xlmr,random,exaone,57.34687093808316,NVIDIA L40S,"Completed cell subprocess including loading, training, evaluation, and completion checks; not pure training time or total pipeline wall time",22
exaone,xlmr,random,gemma4,57.60097159491852,NVIDIA L40S,"Completed cell subprocess including loading, training, evaluation, and completion checks; not pure training time or total pipeline wall time",22
exaone,xlmr,retrieved,source,60.65317177772522,NVIDIA L40S,"Completed cell subprocess including loading, training, evaluation, and completion checks; not pure training time or total pipeline wall time",23
exaone,xlmr,retrieved,exaone,59.94870686531067,NVIDIA L40S,"Completed cell subprocess including loading, training, evaluation, and completion checks; not pure training time or total pipeline wall time",23
exaone,xlmr,retrieved,gemma4,57.51244241883978,NVIDIA L40S,"Completed cell subprocess including loading, training, evaluation, and completion checks; not pure training time or total pipeline wall time",23
exaone,xlmr,random,source,57.656046871095896,NVIDIA L40S,"Completed cell subprocess including loading, training, evaluation, and completion checks; not pure training time or total pipeline wall time",23
exaone,xlmr,random,exaone,57.67961102700792,NVIDIA L40S,"Completed cell subprocess including loading, training, evaluation, and completion checks; not pure training time or total pipeline wall time",23
exaone,xlmr,random,gemma4,57.80123664997518,NVIDIA L40S,"Completed cell subprocess including loading, training, evaluation, and completion checks; not pure training time or total pipeline wall time",23
gemma4,kcelectra,retrieved,source,50.163487672805786,NVIDIA L40S,"Completed cell subprocess including loading, training, evaluation, and completion checks; not pure training time or total pipeline wall time",1
gemma4,kcelectra,retrieved,exaone,50.291260719299316,NVIDIA L40S,"Completed cell subprocess including loading, training, evaluation, and completion checks; not pure training time or total pipeline wall time",1
gemma4,kcelectra,retrieved,gemma4,50.99833130836487,NVIDIA L40S,"Completed cell subprocess including loading, training, evaluation, and completion checks; not pure training time or total pipeline wall time",1
gemma4,kcelectra,random,source,48.95181323005818,NVIDIA L40S,"Completed cell subprocess including loading, training, evaluation, and completion checks; not pure training time or total pipeline wall time",1
gemma4,kcelectra,random,exaone,49.61390047892928,NVIDIA L40S,"Completed cell subprocess including loading, training, evaluation, and completion checks; not pure training time or total pipeline wall time",1
gemma4,kcelectra,random,gemma4,49.505589079111814,NVIDIA L40S,"Completed cell subprocess including loading, training, evaluation, and completion checks; not pure training time or total pipeline wall time",1
gemma4,kcelectra,retrieved,source,50.14923620223999,NVIDIA L40S,"Completed cell subprocess including loading, training, evaluation, and completion checks; not pure training time or total pipeline wall time",2
gemma4,kcelectra,retrieved,exaone,49.9997284412384,NVIDIA L40S,"Completed cell subprocess including loading, training, evaluation, and completion checks; not pure training time or total pipeline wall time",2
gemma4,kcelectra,retrieved,gemma4,51.50194501876831,NVIDIA L40S,"Completed cell subprocess including loading, training, evaluation, and completion checks; not pure training time or total pipeline wall time",2
gemma4,kcelectra,random,source,49.02170306397602,NVIDIA L40S,"Completed cell subprocess including loading, training, evaluation, and completion checks; not pure training time or total pipeline wall time",2
gemma4,kcelectra,random,exaone,49.17913524690084,NVIDIA L40S,"Completed cell subprocess including loading, training, evaluation, and completion checks; not pure training time or total pipeline wall time",2
gemma4,kcelectra,random,gemma4,48.935125635005534,NVIDIA L40S,"Completed cell subprocess including loading, training, evaluation, and completion checks; not pure training time or total pipeline wall time",2
gemma4,kcelectra,retrieved,source,49.81031775474548,NVIDIA L40S,"Completed cell subprocess including loading, training, evaluation, and completion checks; not pure training time or total pipeline wall time",3
gemma4,kcelectra,retrieved,exaone,49.91111469268799,NVIDIA L40S,"Completed cell subprocess including loading, training, evaluation, and completion checks; not pure training time or total pipeline wall time",3
gemma4,kcelectra,retrieved,gemma4,50.90475821495056,NVIDIA L40S,"Completed cell subprocess including loading, training, evaluation, and completion checks; not pure training time or total pipeline wall time",3
gemma4,kcelectra,random,source,48.7891079550609,NVIDIA L40S,"Completed cell subprocess including loading, training, evaluation, and completion checks; not pure training time or total pipeline wall time",3
gemma4,kcelectra,random,exaone,49.09210585197434,NVIDIA L40S,"Completed cell subprocess including loading, training, evaluation, and completion checks; not pure training time or total pipeline wall time",3
gemma4,kcelectra,random,gemma4,48.80182708799839,NVIDIA L40S,"Completed cell subprocess including loading, training, evaluation, and completion checks; not pure training time or total pipeline wall time",3
gemma4,kcelectra,retrieved,source,50.3654248714447,NVIDIA L40S,"Completed cell subprocess including loading, training, evaluation, and completion checks; not pure training time or total pipeline wall time",4
gemma4,kcelectra,retrieved,exaone,50.31441259384155,NVIDIA L40S,"Completed cell subprocess including loading, training, evaluation, and completion checks; not pure training time or total pipeline wall time",4
gemma4,kcelectra,retrieved,gemma4,51.27316331863403,NVIDIA L40S,"Completed cell subprocess including loading, training, evaluation, and completion checks; not pure training time or total pipeline wall time",4
gemma4,kcelectra,random,source,49.2755053169094,NVIDIA L40S,"Completed cell subprocess including loading, training, evaluation, and completion checks; not pure training time or total pipeline wall time",4
gemma4,kcelectra,random,exaone,49.11669615190476,NVIDIA L40S,"Completed cell subprocess including loading, training, evaluation, and completion checks; not pure training time or total pipeline wall time",4
gemma4,kcelectra,random,gemma4,49.41838712897152,NVIDIA L40S,"Completed cell subprocess including loading, training, evaluation, and completion checks; not pure training time or total pipeline wall time",4
gemma4,kcelectra,retrieved,source,50.39774179458618,NVIDIA L40S,"Completed cell subprocess including loading, training, evaluation, and completion checks; not pure training time or total pipeline wall time",5
gemma4,kcelectra,retrieved,exaone,50.27859306335449,NVIDIA L40S,"Completed cell subprocess including loading, training, evaluation, and completion checks; not pure training time or total pipeline wall time",5
gemma4,kcelectra,retrieved,gemma4,52.378703594207764,NVIDIA L40S,"Completed cell subprocess including loading, training, evaluation, and completion checks; not pure training time or total pipeline wall time",5
gemma4,kcelectra,random,source,48.819585342891514,NVIDIA L40S,"Completed cell subprocess including loading, training, evaluation, and completion checks; not pure training time or total pipeline wall time",5
gemma4,kcelectra,random,exaone,49.2627152109053,NVIDIA L40S,"Completed cell subprocess including loading, training, evaluation, and completion checks; not pure training time or total pipeline wall time",5
gemma4,kcelectra,random,gemma4,49.14656199305318,NVIDIA L40S,"Completed cell subprocess including loading, training, evaluation, and completion checks; not pure training time or total pipeline wall time",5
gemma4,kcelectra,retrieved,source,50.15646052360535,NVIDIA L40S,"Completed cell subprocess including loading, training, evaluation, and completion checks; not pure training time or total pipeline wall time",6
gemma4,kcelectra,retrieved,exaone,49.758532762527466,NVIDIA L40S,"Completed cell subprocess including loading, training, evaluation, and completion checks; not pure training time or total pipeline wall time",6
gemma4,kcelectra,retrieved,gemma4,50.75673484802246,NVIDIA L40S,"Completed cell subprocess including loading, training, evaluation, and completion checks; not pure training time or total pipeline wall time",6
gemma4,kcelectra,random,source,49.15767371188849,NVIDIA L40S,"Completed cell subprocess including loading, training, evaluation, and completion checks; not pure training time or total pipeline wall time",6
gemma4,kcelectra,random,exaone,49.003535975003615,NVIDIA L40S,"Completed cell subprocess including loading, training, evaluation, and completion checks; not pure training time or total pipeline wall time",6
gemma4,kcelectra,random,gemma4,49.178523554001,NVIDIA L40S,"Completed cell subprocess including loading, training, evaluation, and completion checks; not pure training time or total pipeline wall time",6
gemma4,kcelectra,retrieved,source,50.259843826293945,NVIDIA L40S,"Completed cell subprocess including loading, training, evaluation, and completion checks; not pure training time or total pipeline wall time",7
gemma4,kcelectra,retrieved,exaone,49.84423899650574,NVIDIA L40S,"Completed cell subprocess including loading, training, evaluation, and completion checks; not pure training time or total pipeline wall time",7
gemma4,kcelectra,retrieved,gemma4,50.98414874076843,NVIDIA L40S,"Completed cell subprocess including loading, training, evaluation, and completion checks; not pure training time or total pipeline wall time",7
gemma4,kcelectra,random,source,49.344067479949445,NVIDIA L40S,"Completed cell subprocess including loading, training, evaluation, and completion checks; not pure training time or total pipeline wall time",7
gemma4,kcelectra,random,exaone,49.30625003692694,NVIDIA L40S,"Completed cell subprocess including loading, training, evaluation, and completion checks; not pure training time or total pipeline wall time",7
gemma4,kcelectra,random,gemma4,49.138698803959414,NVIDIA L40S,"Completed cell subprocess including loading, training, evaluation, and completion checks; not pure training time or total pipeline wall time",7
gemma4,kcelectra,retrieved,source,50.111486196517944,NVIDIA L40S,"Completed cell subprocess including loading, training, evaluation, and completion checks; not pure training time or total pipeline wall time",8
gemma4,kcelectra,retrieved,exaone,50.08056664466858,NVIDIA L40S,"Completed cell subprocess including loading, training, evaluation, and completion checks; not pure training time or total pipeline wall time",8
gemma4,kcelectra,retrieved,gemma4,50.888503551483154,NVIDIA L40S,"Completed cell subprocess including loading, training, evaluation, and completion checks; not pure training time or total pipeline wall time",8
gemma4,kcelectra,random,source,49.23676768899895,NVIDIA L40S,"Completed cell subprocess including loading, training, evaluation, and completion checks; not pure training time or total pipeline wall time",8
gemma4,kcelectra,random,exaone,48.964372145943344,NVIDIA L40S,"Completed cell subprocess including loading, training, evaluation, and completion checks; not pure training time or total pipeline wall time",8
gemma4,kcelectra,random,gemma4,49.16718583088368,NVIDIA L40S,"Completed cell subprocess including loading, training, evaluation, and completion checks; not pure training time or total pipeline wall time",8
gemma4,kcelectra,retrieved,source,50.11424779891968,NVIDIA L40S,"Completed cell subprocess including loading, training, evaluation, and completion checks; not pure training time or total pipeline wall time",9
gemma4,kcelectra,retrieved,exaone,50.12464165687561,NVIDIA L40S,"Completed cell subprocess including loading, training, evaluation, and completion checks; not pure training time or total pipeline wall time",9
gemma4,kcelectra,retrieved,gemma4,50.27148365974426,NVIDIA L40S,"Completed cell subprocess including loading, training, evaluation, and completion checks; not pure training time or total pipeline wall time",9
gemma4,kcelectra,random,source,49.25334575003944,NVIDIA L40S,"Completed cell subprocess including loading, training, evaluation, and completion checks; not pure training time or total pipeline wall time",9
gemma4,kcelectra,random,exaone,49.46846956014633,NVIDIA L40S,"Completed cell subprocess including loading, training, evaluation, and completion checks; not pure training time or total pipeline wall time",9
gemma4,kcelectra,random,gemma4,49.68335728603415,NVIDIA L40S,"Completed cell subprocess including loading, training, evaluation, and completion checks; not pure training time or total pipeline wall time",9
gemma4,kcelectra,retrieved,source,50.16913628578186,NVIDIA L40S,"Completed cell subprocess including loading, training, evaluation, and completion checks; not pure training time or total pipeline wall time",10
gemma4,kcelectra,retrieved,exaone,50.075639486312866,NVIDIA L40S,"Completed cell subprocess including loading, training, evaluation, and completion checks; not pure training time or total pipeline wall time",10
gemma4,kcelectra,retrieved,gemma4,50.964083433151245,NVIDIA L40S,"Completed cell subprocess including loading, training, evaluation, and completion checks; not pure training time or total pipeline wall time",10
gemma4,kcelectra,random,source,49.22585967509076,NVIDIA L40S,"Completed cell subprocess including loading, training, evaluation, and completion checks; not pure training time or total pipeline wall time",10
gemma4,kcelectra,random,exaone,49.06666918005794,NVIDIA L40S,"Completed cell subprocess including loading, training, evaluation, and completion checks; not pure training time or total pipeline wall time",10
gemma4,kcelectra,random,gemma4,49.16483263997361,NVIDIA L40S,"Completed cell subprocess including loading, training, evaluation, and completion checks; not pure training time or total pipeline wall time",10
gemma4,kcelectra,retrieved,source,50.05033469200134,NVIDIA L40S,"Completed cell subprocess including loading, training, evaluation, and completion checks; not pure training time or total pipeline wall time",11
gemma4,kcelectra,retrieved,exaone,49.88252592086792,NVIDIA L40S,"Completed cell subprocess including loading, training, evaluation, and completion checks; not pure training time or total pipeline wall time",11
gemma4,kcelectra,retrieved,gemma4,50.82071399688721,NVIDIA L40S,"Completed cell subprocess including loading, training, evaluation, and completion checks; not pure training time or total pipeline wall time",11
gemma4,kcelectra,random,source,49.50826121820137,NVIDIA L40S,"Completed cell subprocess including loading, training, evaluation, and completion checks; not pure training time or total pipeline wall time",11
gemma4,kcelectra,random,exaone,49.06211770302616,NVIDIA L40S,"Completed cell subprocess including loading, training, evaluation, and completion checks; not pure training time or total pipeline wall time",11
gemma4,kcelectra,random,gemma4,49.3120563540142,NVIDIA L40S,"Completed cell subprocess including loading, training, evaluation, and completion checks; not pure training time or total pipeline wall time",11
gemma4,kcelectra,retrieved,source,50.04945087432861,NVIDIA L40S,"Completed cell subprocess including loading, training, evaluation, and completion checks; not pure training time or total pipeline wall time",12
gemma4,kcelectra,retrieved,exaone,50.47568321228027,NVIDIA L40S,"Completed cell subprocess including loading, training, evaluation, and completion checks; not pure training time or total pipeline wall time",12
gemma4,kcelectra,retrieved,gemma4,50.52787375450134,NVIDIA L40S,"Completed cell subprocess including loading, training, evaluation, and completion checks; not pure training time or total pipeline wall time",12
gemma4,kcelectra,random,source,49.48105025710538,NVIDIA L40S,"Completed cell subprocess including loading, training, evaluation, and completion checks; not pure training time or total pipeline wall time",12
gemma4,kcelectra,random,exaone,49.32485812809318,NVIDIA L40S,"Completed cell subprocess including loading, training, evaluation, and completion checks; not pure training time or total pipeline wall time",12
gemma4,kcelectra,random,gemma4,49.43530148011632,NVIDIA L40S,"Completed cell subprocess including loading, training, evaluation, and completion checks; not pure training time or total pipeline wall time",12
gemma4,kcelectra,retrieved,source,50.20900225639343,NVIDIA L40S,"Completed cell subprocess including loading, training, evaluation, and completion checks; not pure training time or total pipeline wall time",13
gemma4,kcelectra,retrieved,exaone,50.130778312683105,NVIDIA L40S,"Completed cell subprocess including loading, training, evaluation, and completion checks; not pure training time or total pipeline wall time",13
gemma4,kcelectra,retrieved,gemma4,50.99114227294922,NVIDIA L40S,"Completed cell subprocess including loading, training, evaluation, and completion checks; not pure training time or total pipeline wall time",13
gemma4,kcelectra,random,source,49.52176877902821,NVIDIA L40S,"Completed cell subprocess including loading, training, evaluation, and completion checks; not pure training time or total pipeline wall time",13
gemma4,kcelectra,random,exaone,49.09248474496417,NVIDIA L40S,"Completed cell subprocess including loading, training, evaluation, and completion checks; not pure training time or total pipeline wall time",13
gemma4,kcelectra,random,gemma4,49.13913389109075,NVIDIA L40S,"Completed cell subprocess including loading, training, evaluation, and completion checks; not pure training time or total pipeline wall time",13
gemma4,kcelectra,retrieved,source,50.282474756240845,NVIDIA L40S,"Completed cell subprocess including loading, training, evaluation, and completion checks; not pure training time or total pipeline wall time",14
gemma4,kcelectra,retrieved,exaone,50.24502491950989,NVIDIA L40S,"Completed cell subprocess including loading, training, evaluation, and completion checks; not pure training time or total pipeline wall time",14
gemma4,kcelectra,retrieved,gemma4,51.78113079071045,NVIDIA L40S,"Completed cell subprocess including loading, training, evaluation, and completion checks; not pure training time or total pipeline wall time",14
gemma4,kcelectra,random,source,49.418400638969615,NVIDIA L40S,"Completed cell subprocess including loading, training, evaluation, and completion checks; not pure training time or total pipeline wall time",14
gemma4,kcelectra,random,exaone,49.226897123036906,NVIDIA L40S,"Completed cell subprocess including loading, training, evaluation, and completion checks; not pure training time or total pipeline wall time",14
gemma4,kcelectra,random,gemma4,49.64600466401316,NVIDIA L40S,"Completed cell subprocess including loading, training, evaluation, and completion checks; not pure training time or total pipeline wall time",14
gemma4,kcelectra,retrieved,source,50.19979691505432,NVIDIA L40S,"Completed cell subprocess including loading, training, evaluation, and completion checks; not pure training time or total pipeline wall time",15
gemma4,kcelectra,retrieved,exaone,49.97840642929077,NVIDIA L40S,"Completed cell subprocess including loading, training, evaluation, and completion checks; not pure training time or total pipeline wall time",15
gemma4,kcelectra,retrieved,gemma4,51.41904401779175,NVIDIA L40S,"Completed cell subprocess including loading, training, evaluation, and completion checks; not pure training time or total pipeline wall time",15
gemma4,kcelectra,random,source,49.22169873304665,NVIDIA L40S,"Completed cell subprocess including loading, training, evaluation, and completion checks; not pure training time or total pipeline wall time",15
gemma4,kcelectra,random,exaone,49.29211771511473,NVIDIA L40S,"Completed cell subprocess including loading, training, evaluation, and completion checks; not pure training time or total pipeline wall time",15
gemma4,kcelectra,random,gemma4,49.301876386161894,NVIDIA L40S,"Completed cell subprocess including loading, training, evaluation, and completion checks; not pure training time or total pipeline wall time",15
gemma4,kcelectra,retrieved,source,49.88586783409119,NVIDIA L40S,"Completed cell subprocess including loading, training, evaluation, and completion checks; not pure training time or total pipeline wall time",16
gemma4,kcelectra,retrieved,exaone,49.55431246757507,NVIDIA L40S,"Completed cell subprocess including loading, training, evaluation, and completion checks; not pure training time or total pipeline wall time",16
gemma4,kcelectra,retrieved,gemma4,51.4150013923645,NVIDIA L40S,"Completed cell subprocess including loading, training, evaluation, and completion checks; not pure training time or total pipeline wall time",16
gemma4,kcelectra,random,source,49.14288403792307,NVIDIA L40S,"Completed cell subprocess including loading, training, evaluation, and completion checks; not pure training time or total pipeline wall time",16
gemma4,kcelectra,random,exaone,49.64892936986871,NVIDIA L40S,"Completed cell subprocess including loading, training, evaluation, and completion checks; not pure training time or total pipeline wall time",16
gemma4,kcelectra,random,gemma4,49.40782819595188,NVIDIA L40S,"Completed cell subprocess including loading, training, evaluation, and completion checks; not pure training time or total pipeline wall time",16
gemma4,kcelectra,retrieved,source,49.64874315261841,NVIDIA L40S,"Completed cell subprocess including loading, training, evaluation, and completion checks; not pure training time or total pipeline wall time",17
gemma4,kcelectra,retrieved,exaone,49.684542417526245,NVIDIA L40S,"Completed cell subprocess including loading, training, evaluation, and completion checks; not pure training time or total pipeline wall time",17
gemma4,kcelectra,retrieved,gemma4,50.223483085632324,NVIDIA L40S,"Completed cell subprocess including loading, training, evaluation, and completion checks; not pure training time or total pipeline wall time",17
gemma4,kcelectra,random,source,49.26327893300913,NVIDIA L40S,"Completed cell subprocess including loading, training, evaluation, and completion checks; not pure training time or total pipeline wall time",17
gemma4,kcelectra,random,exaone,49.36790665099397,NVIDIA L40S,"Completed cell subprocess including loading, training, evaluation, and completion checks; not pure training time or total pipeline wall time",17
gemma4,kcelectra,random,gemma4,49.70473975897767,NVIDIA L40S,"Completed cell subprocess including loading, training, evaluation, and completion checks; not pure training time or total pipeline wall time",17
gemma4,kcelectra,retrieved,source,49.68550252914429,NVIDIA L40S,"Completed cell subprocess including loading, training, evaluation, and completion checks; not pure training time or total pipeline wall time",18
gemma4,kcelectra,retrieved,exaone,49.64793086051941,NVIDIA L40S,"Completed cell subprocess including loading, training, evaluation, and completion checks; not pure training time or total pipeline wall time",18
gemma4,kcelectra,retrieved,gemma4,51.10645532608032,NVIDIA L40S,"Completed cell subprocess including loading, training, evaluation, and completion checks; not pure training time or total pipeline wall time",18
gemma4,kcelectra,random,source,49.23253632290289,NVIDIA L40S,"Completed cell subprocess including loading, training, evaluation, and completion checks; not pure training time or total pipeline wall time",18
gemma4,kcelectra,random,exaone,49.12730608601123,NVIDIA L40S,"Completed cell subprocess including loading, training, evaluation, and completion checks; not pure training time or total pipeline wall time",18
gemma4,kcelectra,random,gemma4,49.20020096399821,NVIDIA L40S,"Completed cell subprocess including loading, training, evaluation, and completion checks; not pure training time or total pipeline wall time",18
gemma4,kcelectra,retrieved,source,49.5872323513031,NVIDIA L40S,"Completed cell subprocess including loading, training, evaluation, and completion checks; not pure training time or total pipeline wall time",19
gemma4,kcelectra,retrieved,exaone,49.75364136695862,NVIDIA L40S,"Completed cell subprocess including loading, training, evaluation, and completion checks; not pure training time or total pipeline wall time",19
gemma4,kcelectra,retrieved,gemma4,51.323607206344604,NVIDIA L40S,"Completed cell subprocess including loading, training, evaluation, and completion checks; not pure training time or total pipeline wall time",19
gemma4,kcelectra,random,source,49.589263550937176,NVIDIA L40S,"Completed cell subprocess including loading, training, evaluation, and completion checks; not pure training time or total pipeline wall time",19
gemma4,kcelectra,random,exaone,49.7632305319421,NVIDIA L40S,"Completed cell subprocess including loading, training, evaluation, and completion checks; not pure training time or total pipeline wall time",19
gemma4,kcelectra,random,gemma4,49.385389948030934,NVIDIA L40S,"Completed cell subprocess including loading, training, evaluation, and completion checks; not pure training time or total pipeline wall time",19
gemma4,kcelectra,retrieved,source,49.60513925552368,NVIDIA L40S,"Completed cell subprocess including loading, training, evaluation, and completion checks; not pure training time or total pipeline wall time",20
gemma4,kcelectra,retrieved,exaone,49.469749212265015,NVIDIA L40S,"Completed cell subprocess including loading, training, evaluation, and completion checks; not pure training time or total pipeline wall time",20
gemma4,kcelectra,retrieved,gemma4,50.61890244483948,NVIDIA L40S,"Completed cell subprocess including loading, training, evaluation, and completion checks; not pure training time or total pipeline wall time",20
gemma4,kcelectra,random,source,49.385607884963974,NVIDIA L40S,"Completed cell subprocess including loading, training, evaluation, and completion checks; not pure training time or total pipeline wall time",20
gemma4,kcelectra,random,exaone,49.29741330095567,NVIDIA L40S,"Completed cell subprocess including loading, training, evaluation, and completion checks; not pure training time or total pipeline wall time",20
gemma4,kcelectra,random,gemma4,49.41723482706584,NVIDIA L40S,"Completed cell subprocess including loading, training, evaluation, and completion checks; not pure training time or total pipeline wall time",20
gemma4,kcelectra,retrieved,source,49.54921221733093,NVIDIA L40S,"Completed cell subprocess including loading, training, evaluation, and completion checks; not pure training time or total pipeline wall time",21
gemma4,kcelectra,retrieved,exaone,49.61115264892578,NVIDIA L40S,"Completed cell subprocess including loading, training, evaluation, and completion checks; not pure training time or total pipeline wall time",21
gemma4,kcelectra,retrieved,gemma4,51.161163091659546,NVIDIA L40S,"Completed cell subprocess including loading, training, evaluation, and completion checks; not pure training time or total pipeline wall time",21
gemma4,kcelectra,random,source,49.19413494411856,NVIDIA L40S,"Completed cell subprocess including loading, training, evaluation, and completion checks; not pure training time or total pipeline wall time",21
gemma4,kcelectra,random,exaone,49.579069714061916,NVIDIA L40S,"Completed cell subprocess including loading, training, evaluation, and completion checks; not pure training time or total pipeline wall time",21
gemma4,kcelectra,random,gemma4,48.994724253891036,NVIDIA L40S,"Completed cell subprocess including loading, training, evaluation, and completion checks; not pure training time or total pipeline wall time",21
gemma4,kcelectra,retrieved,source,49.422858238220215,NVIDIA L40S,"Completed cell subprocess including loading, training, evaluation, and completion checks; not pure training time or total pipeline wall time",22
gemma4,kcelectra,retrieved,exaone,49.48761796951294,NVIDIA L40S,"Completed cell subprocess including loading, training, evaluation, and completion checks; not pure training time or total pipeline wall time",22
gemma4,kcelectra,retrieved,gemma4,50.638585329055786,NVIDIA L40S,"Completed cell subprocess including loading, training, evaluation, and completion checks; not pure training time or total pipeline wall time",22
gemma4,kcelectra,random,source,49.509415953885764,NVIDIA L40S,"Completed cell subprocess including loading, training, evaluation, and completion checks; not pure training time or total pipeline wall time",22
gemma4,kcelectra,random,exaone,49.150291262194514,NVIDIA L40S,"Completed cell subprocess including loading, training, evaluation, and completion checks; not pure training time or total pipeline wall time",22
gemma4,kcelectra,random,gemma4,49.04282123991288,NVIDIA L40S,"Completed cell subprocess including loading, training, evaluation, and completion checks; not pure training time or total pipeline wall time",22
gemma4,kcelectra,retrieved,source,49.66034984588623,NVIDIA L40S,"Completed cell subprocess including loading, training, evaluation, and completion checks; not pure training time or total pipeline wall time",23
gemma4,kcelectra,retrieved,exaone,49.544373512268066,NVIDIA L40S,"Completed cell subprocess including loading, training, evaluation, and completion checks; not pure training time or total pipeline wall time",23
gemma4,kcelectra,retrieved,gemma4,50.30712413787842,NVIDIA L40S,"Completed cell subprocess including loading, training, evaluation, and completion checks; not pure training time or total pipeline wall time",23
gemma4,kcelectra,random,source,49.42548822006211,NVIDIA L40S,"Completed cell subprocess including loading, training, evaluation, and completion checks; not pure training time or total pipeline wall time",23
gemma4,kcelectra,random,exaone,49.14827887015417,NVIDIA L40S,"Completed cell subprocess including loading, training, evaluation, and completion checks; not pure training time or total pipeline wall time",23
gemma4,kcelectra,random,gemma4,49.35701304813847,NVIDIA L40S,"Completed cell subprocess including loading, training, evaluation, and completion checks; not pure training time or total pipeline wall time",23
gemma4,xlmr,retrieved,source,59.2873420715332,NVIDIA L40S,"Completed cell subprocess including loading, training, evaluation, and completion checks; not pure training time or total pipeline wall time",1
gemma4,xlmr,retrieved,exaone,59.15472173690796,NVIDIA L40S,"Completed cell subprocess including loading, training, evaluation, and completion checks; not pure training time or total pipeline wall time",1
gemma4,xlmr,retrieved,gemma4,60.88871455192566,NVIDIA L40S,"Completed cell subprocess including loading, training, evaluation, and completion checks; not pure training time or total pipeline wall time",1
gemma4,xlmr,random,source,57.68223872897215,NVIDIA L40S,"Completed cell subprocess including loading, training, evaluation, and completion checks; not pure training time or total pipeline wall time",1
gemma4,xlmr,random,exaone,57.90880476287566,NVIDIA L40S,"Completed cell subprocess including loading, training, evaluation, and completion checks; not pure training time or total pipeline wall time",1
gemma4,xlmr,random,gemma4,57.54376574396156,NVIDIA L40S,"Completed cell subprocess including loading, training, evaluation, and completion checks; not pure training time or total pipeline wall time",1
gemma4,xlmr,retrieved,source,59.545166015625,NVIDIA L40S,"Completed cell subprocess including loading, training, evaluation, and completion checks; not pure training time or total pipeline wall time",2
gemma4,xlmr,retrieved,exaone,59.29217529296875,NVIDIA L40S,"Completed cell subprocess including loading, training, evaluation, and completion checks; not pure training time or total pipeline wall time",2
gemma4,xlmr,retrieved,gemma4,60.785587549209595,NVIDIA L40S,"Completed cell subprocess including loading, training, evaluation, and completion checks; not pure training time or total pipeline wall time",2
gemma4,xlmr,random,source,57.573201638879254,NVIDIA L40S,"Completed cell subprocess including loading, training, evaluation, and completion checks; not pure training time or total pipeline wall time",2
gemma4,xlmr,random,exaone,57.5776718237903,NVIDIA L40S,"Completed cell subprocess including loading, training, evaluation, and completion checks; not pure training time or total pipeline wall time",2
gemma4,xlmr,random,gemma4,57.674829608993605,NVIDIA L40S,"Completed cell subprocess including loading, training, evaluation, and completion checks; not pure training time or total pipeline wall time",2
gemma4,xlmr,retrieved,source,59.605302810668945,NVIDIA L40S,"Completed cell subprocess including loading, training, evaluation, and completion checks; not pure training time or total pipeline wall time",3
gemma4,xlmr,retrieved,exaone,59.33906388282776,NVIDIA L40S,"Completed cell subprocess including loading, training, evaluation, and completion checks; not pure training time or total pipeline wall time",3
gemma4,xlmr,retrieved,gemma4,61.04913091659546,NVIDIA L40S,"Completed cell subprocess including loading, training, evaluation, and completion checks; not pure training time or total pipeline wall time",3
gemma4,xlmr,random,source,57.580610238946974,NVIDIA L40S,"Completed cell subprocess including loading, training, evaluation, and completion checks; not pure training time or total pipeline wall time",3
gemma4,xlmr,random,exaone,57.595385216875,NVIDIA L40S,"Completed cell subprocess including loading, training, evaluation, and completion checks; not pure training time or total pipeline wall time",3
gemma4,xlmr,random,gemma4,57.7124352180399,NVIDIA L40S,"Completed cell subprocess including loading, training, evaluation, and completion checks; not pure training time or total pipeline wall time",3
gemma4,xlmr,retrieved,source,59.716511964797974,NVIDIA L40S,"Completed cell subprocess including loading, training, evaluation, and completion checks; not pure training time or total pipeline wall time",4
gemma4,xlmr,retrieved,exaone,59.47321915626526,NVIDIA L40S,"Completed cell subprocess including loading, training, evaluation, and completion checks; not pure training time or total pipeline wall time",4
gemma4,xlmr,retrieved,gemma4,60.48541331291199,NVIDIA L40S,"Completed cell subprocess including loading, training, evaluation, and completion checks; not pure training time or total pipeline wall time",4
gemma4,xlmr,random,source,57.44213725510053,NVIDIA L40S,"Completed cell subprocess including loading, training, evaluation, and completion checks; not pure training time or total pipeline wall time",4
gemma4,xlmr,random,exaone,57.618207529885694,NVIDIA L40S,"Completed cell subprocess including loading, training, evaluation, and completion checks; not pure training time or total pipeline wall time",4
gemma4,xlmr,random,gemma4,57.82797194784507,NVIDIA L40S,"Completed cell subprocess including loading, training, evaluation, and completion checks; not pure training time or total pipeline wall time",4
gemma4,xlmr,retrieved,source,59.17644190788269,NVIDIA L40S,"Completed cell subprocess including loading, training, evaluation, and completion checks; not pure training time or total pipeline wall time",5
gemma4,xlmr,retrieved,exaone,59.57333421707153,NVIDIA L40S,"Completed cell subprocess including loading, training, evaluation, and completion checks; not pure training time or total pipeline wall time",5
gemma4,xlmr,retrieved,gemma4,61.51227307319641,NVIDIA L40S,"Completed cell subprocess including loading, training, evaluation, and completion checks; not pure training time or total pipeline wall time",5
gemma4,xlmr,random,source,57.64562611095607,NVIDIA L40S,"Completed cell subprocess including loading, training, evaluation, and completion checks; not pure training time or total pipeline wall time",5
gemma4,xlmr,random,exaone,57.648536297958344,NVIDIA L40S,"Completed cell subprocess including loading, training, evaluation, and completion checks; not pure training time or total pipeline wall time",5
gemma4,xlmr,random,gemma4,57.81103257299401,NVIDIA L40S,"Completed cell subprocess including loading, training, evaluation, and completion checks; not pure training time or total pipeline wall time",5
gemma4,xlmr,retrieved,source,59.639652490615845,NVIDIA L40S,"Completed cell subprocess including loading, training, evaluation, and completion checks; not pure training time or total pipeline wall time",6
gemma4,xlmr,retrieved,exaone,59.50875449180603,NVIDIA L40S,"Completed cell subprocess including loading, training, evaluation, and completion checks; not pure training time or total pipeline wall time",6
gemma4,xlmr,retrieved,gemma4,60.984161376953125,NVIDIA L40S,"Completed cell subprocess including loading, training, evaluation, and completion checks; not pure training time or total pipeline wall time",6
gemma4,xlmr,random,source,58.05999785801396,NVIDIA L40S,"Completed cell subprocess including loading, training, evaluation, and completion checks; not pure training time or total pipeline wall time",6
gemma4,xlmr,random,exaone,57.69017496705055,NVIDIA L40S,"Completed cell subprocess including loading, training, evaluation, and completion checks; not pure training time or total pipeline wall time",6
gemma4,xlmr,random,gemma4,57.78488899185322,NVIDIA L40S,"Completed cell subprocess including loading, training, evaluation, and completion checks; not pure training time or total pipeline wall time",6
gemma4,xlmr,retrieved,source,59.03479218482971,NVIDIA L40S,"Completed cell subprocess including loading, training, evaluation, and completion checks; not pure training time or total pipeline wall time",7
gemma4,xlmr,retrieved,exaone,59.48769474029541,NVIDIA L40S,"Completed cell subprocess including loading, training, evaluation, and completion checks; not pure training time or total pipeline wall time",7
gemma4,xlmr,retrieved,gemma4,60.71767044067383,NVIDIA L40S,"Completed cell subprocess including loading, training, evaluation, and completion checks; not pure training time or total pipeline wall time",7
gemma4,xlmr,random,source,57.469734989106655,NVIDIA L40S,"Completed cell subprocess including loading, training, evaluation, and completion checks; not pure training time or total pipeline wall time",7
gemma4,xlmr,random,exaone,57.5083970061969,NVIDIA L40S,"Completed cell subprocess including loading, training, evaluation, and completion checks; not pure training time or total pipeline wall time",7
gemma4,xlmr,random,gemma4,57.55626181792468,NVIDIA L40S,"Completed cell subprocess including loading, training, evaluation, and completion checks; not pure training time or total pipeline wall time",7
gemma4,xlmr,retrieved,source,59.69204521179199,NVIDIA L40S,"Completed cell subprocess including loading, training, evaluation, and completion checks; not pure training time or total pipeline wall time",8
gemma4,xlmr,retrieved,exaone,59.832308769226074,NVIDIA L40S,"Completed cell subprocess including loading, training, evaluation, and completion checks; not pure training time or total pipeline wall time",8
gemma4,xlmr,retrieved,gemma4,61.21109914779663,NVIDIA L40S,"Completed cell subprocess including loading, training, evaluation, and completion checks; not pure training time or total pipeline wall time",8
gemma4,xlmr,random,source,57.496242156019434,NVIDIA L40S,"Completed cell subprocess including loading, training, evaluation, and completion checks; not pure training time or total pipeline wall time",8
gemma4,xlmr,random,exaone,57.637392743024975,NVIDIA L40S,"Completed cell subprocess including loading, training, evaluation, and completion checks; not pure training time or total pipeline wall time",8
gemma4,xlmr,random,gemma4,57.65691119711846,NVIDIA L40S,"Completed cell subprocess including loading, training, evaluation, and completion checks; not pure training time or total pipeline wall time",8
gemma4,xlmr,retrieved,source,60.0684711933136,NVIDIA L40S,"Completed cell subprocess including loading, training, evaluation, and completion checks; not pure training time or total pipeline wall time",9
gemma4,xlmr,retrieved,exaone,59.52411985397339,NVIDIA L40S,"Completed cell subprocess including loading, training, evaluation, and completion checks; not pure training time or total pipeline wall time",9
gemma4,xlmr,retrieved,gemma4,60.90375995635986,NVIDIA L40S,"Completed cell subprocess including loading, training, evaluation, and completion checks; not pure training time or total pipeline wall time",9
gemma4,xlmr,random,source,57.61943653807975,NVIDIA L40S,"Completed cell subprocess including loading, training, evaluation, and completion checks; not pure training time or total pipeline wall time",9
gemma4,xlmr,random,exaone,57.90481638000347,NVIDIA L40S,"Completed cell subprocess including loading, training, evaluation, and completion checks; not pure training time or total pipeline wall time",9
gemma4,xlmr,random,gemma4,57.614889638032764,NVIDIA L40S,"Completed cell subprocess including loading, training, evaluation, and completion checks; not pure training time or total pipeline wall time",9
gemma4,xlmr,retrieved,source,59.41593623161316,NVIDIA L40S,"Completed cell subprocess including loading, training, evaluation, and completion checks; not pure training time or total pipeline wall time",10
gemma4,xlmr,retrieved,exaone,59.90167784690857,NVIDIA L40S,"Completed cell subprocess including loading, training, evaluation, and completion checks; not pure training time or total pipeline wall time",10
gemma4,xlmr,retrieved,gemma4,60.31690073013306,NVIDIA L40S,"Completed cell subprocess including loading, training, evaluation, and completion checks; not pure training time or total pipeline wall time",10
gemma4,xlmr,random,source,57.854411493986845,NVIDIA L40S,"Completed cell subprocess including loading, training, evaluation, and completion checks; not pure training time or total pipeline wall time",10
gemma4,xlmr,random,exaone,58.11159247602336,NVIDIA L40S,"Completed cell subprocess including loading, training, evaluation, and completion checks; not pure training time or total pipeline wall time",10
gemma4,xlmr,random,gemma4,57.697639426914975,NVIDIA L40S,"Completed cell subprocess including loading, training, evaluation, and completion checks; not pure training time or total pipeline wall time",10
gemma4,xlmr,retrieved,source,59.770283460617065,NVIDIA L40S,"Completed cell subprocess including loading, training, evaluation, and completion checks; not pure training time or total pipeline wall time",11
gemma4,xlmr,retrieved,exaone,59.668940782547,NVIDIA L40S,"Completed cell subprocess including loading, training, evaluation, and completion checks; not pure training time or total pipeline wall time",11
gemma4,xlmr,retrieved,gemma4,61.26846122741699,NVIDIA L40S,"Completed cell subprocess including loading, training, evaluation, and completion checks; not pure training time or total pipeline wall time",11
gemma4,xlmr,random,source,57.508475909009576,NVIDIA L40S,"Completed cell subprocess including loading, training, evaluation, and completion checks; not pure training time or total pipeline wall time",11
gemma4,xlmr,random,exaone,57.89550950285047,NVIDIA L40S,"Completed cell subprocess including loading, training, evaluation, and completion checks; not pure training time or total pipeline wall time",11
gemma4,xlmr,random,gemma4,57.75594867998734,NVIDIA L40S,"Completed cell subprocess including loading, training, evaluation, and completion checks; not pure training time or total pipeline wall time",11
gemma4,xlmr,retrieved,source,59.702895164489746,NVIDIA L40S,"Completed cell subprocess including loading, training, evaluation, and completion checks; not pure training time or total pipeline wall time",12
gemma4,xlmr,retrieved,exaone,59.48416066169739,NVIDIA L40S,"Completed cell subprocess including loading, training, evaluation, and completion checks; not pure training time or total pipeline wall time",12
gemma4,xlmr,retrieved,gemma4,61.19419264793396,NVIDIA L40S,"Completed cell subprocess including loading, training, evaluation, and completion checks; not pure training time or total pipeline wall time",12
gemma4,xlmr,random,source,57.84880675096065,NVIDIA L40S,"Completed cell subprocess including loading, training, evaluation, and completion checks; not pure training time or total pipeline wall time",12
gemma4,xlmr,random,exaone,58.107897866051644,NVIDIA L40S,"Completed cell subprocess including loading, training, evaluation, and completion checks; not pure training time or total pipeline wall time",12
gemma4,xlmr,random,gemma4,57.87225923710503,NVIDIA L40S,"Completed cell subprocess including loading, training, evaluation, and completion checks; not pure training time or total pipeline wall time",12
gemma4,xlmr,retrieved,source,59.664047718048096,NVIDIA L40S,"Completed cell subprocess including loading, training, evaluation, and completion checks; not pure training time or total pipeline wall time",13
gemma4,xlmr,retrieved,exaone,59.61265778541565,NVIDIA L40S,"Completed cell subprocess including loading, training, evaluation, and completion checks; not pure training time or total pipeline wall time",13
gemma4,xlmr,retrieved,gemma4,60.82432556152344,NVIDIA L40S,"Completed cell subprocess including loading, training, evaluation, and completion checks; not pure training time or total pipeline wall time",13
gemma4,xlmr,random,source,57.705660921987146,NVIDIA L40S,"Completed cell subprocess including loading, training, evaluation, and completion checks; not pure training time or total pipeline wall time",13
gemma4,xlmr,random,exaone,57.737262333976105,NVIDIA L40S,"Completed cell subprocess including loading, training, evaluation, and completion checks; not pure training time or total pipeline wall time",13
gemma4,xlmr,random,gemma4,57.596558813005686,NVIDIA L40S,"Completed cell subprocess including loading, training, evaluation, and completion checks; not pure training time or total pipeline wall time",13
gemma4,xlmr,retrieved,source,59.40914463996887,NVIDIA L40S,"Completed cell subprocess including loading, training, evaluation, and completion checks; not pure training time or total pipeline wall time",14
gemma4,xlmr,retrieved,exaone,59.574791431427,NVIDIA L40S,"Completed cell subprocess including loading, training, evaluation, and completion checks; not pure training time or total pipeline wall time",14
gemma4,xlmr,retrieved,gemma4,60.6755211353302,NVIDIA L40S,"Completed cell subprocess including loading, training, evaluation, and completion checks; not pure training time or total pipeline wall time",14
gemma4,xlmr,random,source,57.721201912965626,NVIDIA L40S,"Completed cell subprocess including loading, training, evaluation, and completion checks; not pure training time or total pipeline wall time",14
gemma4,xlmr,random,exaone,58.00267763994634,NVIDIA L40S,"Completed cell subprocess including loading, training, evaluation, and completion checks; not pure training time or total pipeline wall time",14
gemma4,xlmr,random,gemma4,57.86616976186633,NVIDIA L40S,"Completed cell subprocess including loading, training, evaluation, and completion checks; not pure training time or total pipeline wall time",14
gemma4,xlmr,retrieved,source,59.48645734786987,NVIDIA L40S,"Completed cell subprocess including loading, training, evaluation, and completion checks; not pure training time or total pipeline wall time",15
gemma4,xlmr,retrieved,exaone,59.652695417404175,NVIDIA L40S,"Completed cell subprocess including loading, training, evaluation, and completion checks; not pure training time or total pipeline wall time",15
gemma4,xlmr,retrieved,gemma4,60.829386472702026,NVIDIA L40S,"Completed cell subprocess including loading, training, evaluation, and completion checks; not pure training time or total pipeline wall time",15
gemma4,xlmr,random,source,57.75870506791398,NVIDIA L40S,"Completed cell subprocess including loading, training, evaluation, and completion checks; not pure training time or total pipeline wall time",15
gemma4,xlmr,random,exaone,57.691262174164876,NVIDIA L40S,"Completed cell subprocess including loading, training, evaluation, and completion checks; not pure training time or total pipeline wall time",15
gemma4,xlmr,random,gemma4,57.54811153002083,NVIDIA L40S,"Completed cell subprocess including loading, training, evaluation, and completion checks; not pure training time or total pipeline wall time",15
gemma4,xlmr,retrieved,source,59.597493410110474,NVIDIA L40S,"Completed cell subprocess including loading, training, evaluation, and completion checks; not pure training time or total pipeline wall time",16
gemma4,xlmr,retrieved,exaone,59.767313718795776,NVIDIA L40S,"Completed cell subprocess including loading, training, evaluation, and completion checks; not pure training time or total pipeline wall time",16
gemma4,xlmr,retrieved,gemma4,61.05701732635498,NVIDIA L40S,"Completed cell subprocess including loading, training, evaluation, and completion checks; not pure training time or total pipeline wall time",16
gemma4,xlmr,random,source,57.61458808998577,NVIDIA L40S,"Completed cell subprocess including loading, training, evaluation, and completion checks; not pure training time or total pipeline wall time",16
gemma4,xlmr,random,exaone,57.799551012925804,NVIDIA L40S,"Completed cell subprocess including loading, training, evaluation, and completion checks; not pure training time or total pipeline wall time",16
gemma4,xlmr,random,gemma4,57.814354222035035,NVIDIA L40S,"Completed cell subprocess including loading, training, evaluation, and completion checks; not pure training time or total pipeline wall time",16
gemma4,xlmr,retrieved,source,59.68847131729126,NVIDIA L40S,"Completed cell subprocess including loading, training, evaluation, and completion checks; not pure training time or total pipeline wall time",17
gemma4,xlmr,retrieved,exaone,59.5754599571228,NVIDIA L40S,"Completed cell subprocess including loading, training, evaluation, and completion checks; not pure training time or total pipeline wall time",17
gemma4,xlmr,retrieved,gemma4,61.25166463851929,NVIDIA L40S,"Completed cell subprocess including loading, training, evaluation, and completion checks; not pure training time or total pipeline wall time",17
gemma4,xlmr,random,source,57.71317052701488,NVIDIA L40S,"Completed cell subprocess including loading, training, evaluation, and completion checks; not pure training time or total pipeline wall time",17
gemma4,xlmr,random,exaone,57.668532964074984,NVIDIA L40S,"Completed cell subprocess including loading, training, evaluation, and completion checks; not pure training time or total pipeline wall time",17
gemma4,xlmr,random,gemma4,57.887352861929685,NVIDIA L40S,"Completed cell subprocess including loading, training, evaluation, and completion checks; not pure training time or total pipeline wall time",17
gemma4,xlmr,retrieved,source,60.09668302536011,NVIDIA L40S,"Completed cell subprocess including loading, training, evaluation, and completion checks; not pure training time or total pipeline wall time",18
gemma4,xlmr,retrieved,exaone,59.64908266067505,NVIDIA L40S,"Completed cell subprocess including loading, training, evaluation, and completion checks; not pure training time or total pipeline wall time",18
gemma4,xlmr,retrieved,gemma4,61.12341928482056,NVIDIA L40S,"Completed cell subprocess including loading, training, evaluation, and completion checks; not pure training time or total pipeline wall time",18
gemma4,xlmr,random,source,57.85350626707077,NVIDIA L40S,"Completed cell subprocess including loading, training, evaluation, and completion checks; not pure training time or total pipeline wall time",18
gemma4,xlmr,random,exaone,57.7390589681454,NVIDIA L40S,"Completed cell subprocess including loading, training, evaluation, and completion checks; not pure training time or total pipeline wall time",18
gemma4,xlmr,random,gemma4,57.578046899987385,NVIDIA L40S,"Completed cell subprocess including loading, training, evaluation, and completion checks; not pure training time or total pipeline wall time",18
gemma4,xlmr,retrieved,source,59.79854130744934,NVIDIA L40S,"Completed cell subprocess including loading, training, evaluation, and completion checks; not pure training time or total pipeline wall time",19
gemma4,xlmr,retrieved,exaone,59.6431725025177,NVIDIA L40S,"Completed cell subprocess including loading, training, evaluation, and completion checks; not pure training time or total pipeline wall time",19
gemma4,xlmr,retrieved,gemma4,61.251808166503906,NVIDIA L40S,"Completed cell subprocess including loading, training, evaluation, and completion checks; not pure training time or total pipeline wall time",19
gemma4,xlmr,random,source,57.79773944988847,NVIDIA L40S,"Completed cell subprocess including loading, training, evaluation, and completion checks; not pure training time or total pipeline wall time",19
gemma4,xlmr,random,exaone,57.55133537296206,NVIDIA L40S,"Completed cell subprocess including loading, training, evaluation, and completion checks; not pure training time or total pipeline wall time",19
gemma4,xlmr,random,gemma4,57.83178303693421,NVIDIA L40S,"Completed cell subprocess including loading, training, evaluation, and completion checks; not pure training time or total pipeline wall time",19
gemma4,xlmr,retrieved,source,59.508793115615845,NVIDIA L40S,"Completed cell subprocess including loading, training, evaluation, and completion checks; not pure training time or total pipeline wall time",20
gemma4,xlmr,retrieved,exaone,59.701327323913574,NVIDIA L40S,"Completed cell subprocess including loading, training, evaluation, and completion checks; not pure training time or total pipeline wall time",20
gemma4,xlmr,retrieved,gemma4,60.56883192062378,NVIDIA L40S,"Completed cell subprocess including loading, training, evaluation, and completion checks; not pure training time or total pipeline wall time",20
gemma4,xlmr,random,source,57.59209422720596,NVIDIA L40S,"Completed cell subprocess including loading, training, evaluation, and completion checks; not pure training time or total pipeline wall time",20
gemma4,xlmr,random,exaone,57.492184774018824,NVIDIA L40S,"Completed cell subprocess including loading, training, evaluation, and completion checks; not pure training time or total pipeline wall time",20
gemma4,xlmr,random,gemma4,57.570704066893086,NVIDIA L40S,"Completed cell subprocess including loading, training, evaluation, and completion checks; not pure training time or total pipeline wall time",20
gemma4,xlmr,retrieved,source,59.5483980178833,NVIDIA L40S,"Completed cell subprocess including loading, training, evaluation, and completion checks; not pure training time or total pipeline wall time",21
gemma4,xlmr,retrieved,exaone,59.640347957611084,NVIDIA L40S,"Completed cell subprocess including loading, training, evaluation, and completion checks; not pure training time or total pipeline wall time",21
gemma4,xlmr,retrieved,gemma4,60.590070962905884,NVIDIA L40S,"Completed cell subprocess including loading, training, evaluation, and completion checks; not pure training time or total pipeline wall time",21
gemma4,xlmr,random,source,57.59254755615257,NVIDIA L40S,"Completed cell subprocess including loading, training, evaluation, and completion checks; not pure training time or total pipeline wall time",21
gemma4,xlmr,random,exaone,57.76946115796454,NVIDIA L40S,"Completed cell subprocess including loading, training, evaluation, and completion checks; not pure training time or total pipeline wall time",21
gemma4,xlmr,random,gemma4,57.775575066916645,NVIDIA L40S,"Completed cell subprocess including loading, training, evaluation, and completion checks; not pure training time or total pipeline wall time",21
gemma4,xlmr,retrieved,source,59.613072633743286,NVIDIA L40S,"Completed cell subprocess including loading, training, evaluation, and completion checks; not pure training time or total pipeline wall time",22
gemma4,xlmr,retrieved,exaone,59.58979249000549,NVIDIA L40S,"Completed cell subprocess including loading, training, evaluation, and completion checks; not pure training time or total pipeline wall time",22
gemma4,xlmr,retrieved,gemma4,61.44895315170288,NVIDIA L40S,"Completed cell subprocess including loading, training, evaluation, and completion checks; not pure training time or total pipeline wall time",22
gemma4,xlmr,random,source,57.66624431707896,NVIDIA L40S,"Completed cell subprocess including loading, training, evaluation, and completion checks; not pure training time or total pipeline wall time",22
gemma4,xlmr,random,exaone,57.49330938491039,NVIDIA L40S,"Completed cell subprocess including loading, training, evaluation, and completion checks; not pure training time or total pipeline wall time",22
gemma4,xlmr,random,gemma4,57.69207861321047,NVIDIA L40S,"Completed cell subprocess including loading, training, evaluation, and completion checks; not pure training time or total pipeline wall time",22
gemma4,xlmr,retrieved,source,59.76276922225952,NVIDIA L40S,"Completed cell subprocess including loading, training, evaluation, and completion checks; not pure training time or total pipeline wall time",23
gemma4,xlmr,retrieved,exaone,59.54981327056885,NVIDIA L40S,"Completed cell subprocess including loading, training, evaluation, and completion checks; not pure training time or total pipeline wall time",23
gemma4,xlmr,retrieved,gemma4,61.25308322906494,NVIDIA L40S,"Completed cell subprocess including loading, training, evaluation, and completion checks; not pure training time or total pipeline wall time",23
gemma4,xlmr,random,source,57.549922639038414,NVIDIA L40S,"Completed cell subprocess including loading, training, evaluation, and completion checks; not pure training time or total pipeline wall time",23
gemma4,xlmr,random,exaone,57.66387793701142,NVIDIA L40S,"Completed cell subprocess including loading, training, evaluation, and completion checks; not pure training time or total pipeline wall time",23
gemma4,xlmr,random,gemma4,57.70448162010871,NVIDIA L40S,"Completed cell subprocess including loading, training, evaluation, and completion checks; not pure training time or total pipeline wall time",23
