nominal_alpha,exaone_gain_pp,gemma_gain_pp
0.289421471987,9.83333333333,14.1666666667
0.335149479452,16.25,19.5833333333
0.333742627883,13.25,18.3333333333
0.349985305405,11.8333333333,16.5833333333
0.296143189637,11,14.0833333333
0.341561278444,11.6666666667,16.75
0.375974731024,11.9166666667,16.1666666667
0.254166621328,10.4166666667,17.4166666667
0.36540663707,14.5,17.0833333333
0.381954381626,14,19.4166666667
0.332766833114,7.08333333333,12.5
0.347999838732,11.9166666667,17.3333333333
0.333022924177,11.0833333333,14.75
0.326189574218,14.0833333333,19.1666666667
0.374911313115,13.25,16.1666666667
0.307822958729,10.0833333333,15.75
0.359373555632,15.5,18.25
0.32686718977,16,19.5
0.3714363039,9.5,15.5
0.389616295629,14.0833333333,18.75
0.340991912975,9.66666666667,12.1666666667
0.380112925958,8.83333333333,15.75
0.350922430373,10.1666666667,15.8333333333
0.339839656281,9.08333333333,13.5833333333
0.300701892495,11.4166666667,13.8333333333
0.287750444587,13.3333333333,16.0833333333
0.328701221373,11.5833333333,15.75
0.390252178932,7.58333333333,11.75
0.36346164683,12.9166666667,15.5833333333
0.305350262897,10.5,15.0833333333
0.338428007835,11.9166666667,17.75
0.324654689746,5.75,12.0833333333
0.294403020414,9,12.0833333333
0.332583396757,11.5,16.4166666667
0.355048722756,13.6666666667,18.5833333333
0.282022879259,10.5833333333,15.0833333333
0.297625954047,10.1666666667,15.8333333333
0.368856664468,9.08333333333,16.5
0.364294258138,10.5833333333,17.0833333333
0.328811085162,12,17.75
0.288577657159,12.25,18.1666666667
0.330040102971,11.6666666667,16.1666666667
0.293661213223,9.83333333333,14.9166666667
0.354074074074,10.3333333333,16.5833333333
0.310190534351,10,14.8333333333
0.340312165175,13.75,18.8333333333
0.404648487845,16,20
0.332780765556,15.5,19
0.306541410591,9.66666666667,14.25
0.257180383119,11.4166666667,16
0.39396634202,16.5,21.5
0.323440439404,12.5833333333,17.0833333333
0.344130986255,11.5,14.8333333333
0.36259477102,14.0833333333,17.1666666667
0.353373960323,11.3333333333,15.4166666667
0.321608160854,15.25,19.0833333333
0.321089171601,10.25,18.0833333333
0.347950758887,13.3333333333,17.5
0.303819999695,13.5833333333,15.6666666667
0.360959360426,11.6666666667,17.1666666667
0.342207446914,10.25,14.25
0.339640531197,11.9166666667,16.5833333333
0.282884476152,10.25,16.1666666667
0.332180232908,11.8333333333,16.1666666667
0.332762724526,13.3333333333,16.75
0.307561811947,13.0833333333,17.9166666667
0.349299268912,10.8333333333,15.5
0.32572046308,13,17.25
0.296862708078,15.75,19.25
0.34180318672,10,14.5
0.372517407778,10.3333333333,16.1666666667
0.38376161713,11.3333333333,16.1666666667
0.332864128791,13.1666666667,18.3333333333
0.360107048283,10.9166666667,15.9166666667
0.365458218936,16.3333333333,22.5
0.344563520748,14.5833333333,19.4166666667
0.320558359625,15.25,18.5833333333
0.369346036973,10.5,14.9166666667
0.331651507285,10.4166666667,16.6666666667
0.367608608009,12.8333333333,16
0.345428430125,12.5,15.3333333333
0.335180626357,14.0833333333,18.8333333333
0.277974692112,9.75,14.6666666667
0.363077422667,8.75,13.9166666667
0.285056966132,12.3333333333,17.3333333333
0.345053020384,9.66666666667,13.5
0.344172561936,11.5,16.5
0.37361995914,14.6666666667,20.6666666667
0.317139637709,14.1666666667,16.3333333333
0.346475091476,15,18.0833333333
0.317078513845,10.6666666667,14.1666666667
0.332751957867,14.75,18.5833333333
0.302413913544,13.9166666667,17.3333333333
0.325492162396,13.25,14.75
0.374787254252,9.83333333333,14.6666666667
0.341326113269,15.3333333333,20.75
0.338624171994,9.75,14.5833333333
0.339140814973,9.66666666667,14.5833333333
0.333758375138,11,15.9166666667
0.317390517929,8.33333333333,14.0833333333
0.316347236347,13.8333333333,21.0833333333
0.307322508098,11.25,18.3333333333
0.345191304929,10.3333333333,16.0833333333
0.304819266682,14.25,16.5
0.309785885468,11.6666666667,16.0833333333
0.363364774596,8.83333333333,15.25
0.361312964139,9.5,15.1666666667
0.328308420972,12.1666666667,14.8333333333
0.314463481137,10.1666666667,15
0.28636744853,11.6666666667,16
0.370386501986,10.25,16.5
0.362609931701,11.4166666667,15.8333333333
0.339101719135,12.1666666667,17.5
0.254907118103,12.3333333333,14.5
0.278571342615,15.0833333333,17.4166666667
0.310245709208,11.3333333333,15.8333333333
0.391963086671,8.25,14
0.26398480413,11.75,15.75
0.313638623887,10.4166666667,17.9166666667
0.298360762701,9.41666666667,14.8333333333
0.324501033367,15.0833333333,20.1666666667
0.332082196448,9.91666666667,14.75
0.375446464447,11.5833333333,14.25
0.332273169266,10,11.1666666667
0.290580578312,15.5833333333,19.75
0.324316708932,8.75,14.5
0.281837281354,9.83333333333,14.1666666667
0.320058162121,12.5,15
0.356872032992,11.4166666667,13.5833333333
0.292577629304,12.5,18.9166666667
0.305957974692,10.0833333333,12.75
0.363239981547,9.08333333333,14.4166666667
0.343566079424,13,17.75
0.264604664435,13.6666666667,18.0833333333
0.339076780824,13.75,17.9166666667
0.339654591338,10.6666666667,15.4166666667
0.316795446078,13.0833333333,16.25
0.355614778845,14.4166666667,18.25
0.31919949115,14.4166666667,19
0.370143276349,13.8333333333,18.5
0.360585134031,11.3333333333,17.1666666667
0.322684274362,9.33333333333,16.1666666667
0.357891515569,15.4166666667,18.4166666667
0.312126372635,14.25,17
0.34763357461,7.58333333333,16.9166666667
0.37483081229,10.8333333333,15.75
0.383955752893,8.91666666667,15.25
0.326792251654,13.75,16.0833333333
0.3063100253,14.1666666667,17.6666666667
0.26548235128,11,15.3333333333
0.301185546965,16.3333333333,19.25
0.295707867966,13.8333333333,19.25
0.290672207501,12.0833333333,16.8333333333
0.312152111748,11.6666666667,16.1666666667
0.321697048705,13.5,18.4166666667
0.313170511028,9.91666666667,14.75
0.354070951219,9.08333333333,15.0833333333
0.317636776995,12.3333333333,16.0833333333
0.339227237262,9.91666666667,14.5833333333
0.343526518098,13.5,18
0.314807972931,16,20
0.396902998833,13.4166666667,17.5833333333
0.343715939549,11,14.3333333333
0.315128473921,11.3333333333,16.1666666667
0.323509862116,12.5833333333,16.75
0.309739254843,11.4166666667,13.75
0.307911126986,14.4166666667,17.3333333333
0.285219449204,8,14.0833333333
0.336352429114,14.5833333333,18.0833333333
0.356603754012,12.0833333333,17.0833333333
0.293352668432,10.25,14.5833333333
0.33808228803,11.0833333333,14.6666666667
0.335957316279,14.5,17.6666666667
0.358466068749,11.5,16.3333333333
0.326614229136,12.9166666667,17
0.343559899424,8.75,15.1666666667
0.318425396229,15.0833333333,18.0833333333
0.305146714165,11.1666666667,14.0833333333
0.275777486839,11.75,15.8333333333
0.359642868128,11.75,15.0833333333
0.355374397047,11.1666666667,16.1666666667
0.305132633451,10.4166666667,16
0.307596735617,9.66666666667,15.9166666667
0.340973424575,13.5,16.0833333333
0.38610737775,14.9166666667,18.4166666667
0.362346058781,12.4166666667,18.3333333333
0.267365866906,11.6666666667,18.1666666667
0.341006792478,10.5833333333,16.0833333333
0.345626162662,12.9166666667,16.4166666667
0.343201167344,14,15.6666666667
0.2887949629,13.5,16.3333333333
0.296899699148,10.6666666667,15.3333333333
0.311555348609,11.75,16.3333333333
0.293879369103,12.75,15.25
0.317992999976,11.75,15.0833333333
0.37661123817,12,16.6666666667
0.318641319072,12.5833333333,16.25
0.307705973795,13.5,15.6666666667
0.31762798679,11.75,16.9166666667
0.32097318635,9.83333333333,17.4166666667
0.295442597402,12.5,15.0833333333
0.360012101312,13.0833333333,16.75
0.406330560376,14.25,19.25
0.325492498591,13.0833333333,14.5833333333
0.326727400655,10.8333333333,16.0833333333
0.373418409281,12,15.5
0.358787089393,11.5833333333,14.5
0.327100566102,13.3333333333,16.5
0.28131891292,12.25,16.75
0.363608601181,10.75,17
0.378100403824,12.75,14.1666666667
0.38048471393,10.5,14.5833333333
0.340164371865,10.6666666667,17.8333333333
0.369841869934,10.1666666667,16.0833333333
0.322336275897,15.4166666667,18.0833333333
0.34905353071,8.83333333333,13.25
0.311503087404,13.4166666667,17.1666666667
0.361478440899,8.91666666667,15.6666666667
0.317512015901,8.58333333333,14.4166666667
0.276634129055,13.5833333333,16.5833333333
0.395105100847,11.1666666667,16.3333333333
0.336210461807,15.1666666667,17.0833333333
0.359342210919,14.5,19.6666666667
0.333594559819,9.83333333333,12.5
0.364725270308,11.4166666667,15.75
0.341291680233,7.75,13
0.333216979585,12.3333333333,16.25
0.366583058615,14.9166666667,19.75
0.335923728362,14.5833333333,16.0833333333
0.352816003609,9.5,16.25
0.308442998267,11.5,16.25
0.348580267374,13.5,18
0.316347484487,14.5833333333,19.75
0.300207785864,7.91666666667,12.0833333333
0.323290722536,11,15
0.317664098131,9.83333333333,15.5
0.322360528933,13.1666666667,19.5
0.341589462768,13.0833333333,18.6666666667
0.38391008753,11.0833333333,17.6666666667
0.282959099654,12.9166666667,16.9166666667
0.287380104041,12.0833333333,17
0.322188125526,10.3333333333,16.8333333333
0.278650812294,11.4166666667,18
0.375317991984,9.75,12.9166666667
0.336653860538,17,18.4166666667
0.340538932523,18.6666666667,19.3333333333
0.339687495252,11.1666666667,16.5
0.303367343984,11,16.75
0.400873877744,11.8333333333,15.8333333333
0.320082398824,11.25,14
0.34493922985,12.25,16.3333333333
0.296806700353,11.0833333333,17
0.311703298256,14.1666666667,18.3333333333
0.299324804451,9.41666666667,12.6666666667
0.310705332839,12.9166666667,15.4166666667
0.308912222997,10.5,14.5
0.314205895343,10.3333333333,13.5833333333
0.306730858531,14.3333333333,17.8333333333
0.281841718835,12.1666666667,16.6666666667
0.312508912429,11.75,18.25
0.345761500329,10.5,14
0.312563711667,13.0833333333,15.8333333333
0.370690193824,11.75,16.5833333333
0.309717595091,9.83333333333,13.3333333333
0.391877456709,15,18.6666666667
0.335341597201,8.66666666667,12.5
0.348541647063,12.8333333333,13.3333333333
0.329753189939,10.3333333333,15.9166666667
0.319943321428,10.4166666667,13.8333333333
0.286364400095,11.25,16.75
0.367093857575,12.1666666667,16.1666666667
0.320842805045,14.5,16.5
0.33394647849,11.5833333333,13.8333333333
0.384731764909,11.0833333333,15.5833333333
0.265320908723,12.5833333333,15.6666666667
0.344069477211,14.4166666667,17.9166666667
0.312610577772,9.91666666667,14
0.352113327551,13.75,19.4166666667
0.309373304006,8.83333333333,13.3333333333
0.357044523895,9.5,14.8333333333
0.33514981166,11.75,16.8333333333
0.361888325274,14.6666666667,16.5
0.319916221259,10.4166666667,15.3333333333
0.315004251689,11.6666666667,15.5
0.355913866795,10.6666666667,15.1666666667
0.352085801165,16.5833333333,19.1666666667
0.364189299578,10,13.8333333333
0.362582495116,12.0833333333,13.1666666667
0.338187065834,15.5833333333,20.6666666667
0.278518514163,16.25,18.8333333333
0.362102537767,16.1666666667,18.75
0.340814934763,10.0833333333,16.8333333333
0.31009635746,14.1666666667,17.3333333333
0.351335222202,9.75,14.75
0.329232076739,11.75,17
0.304718696011,8.75,15.3333333333
0.37430447618,8.25,14.3333333333
0.303669793606,12.3333333333,17.75
0.341796714458,11.4166666667,16.6666666667
0.32657490679,11,14.1666666667
0.319652192458,13.6666666667,15
0.36121155899,9.66666666667,13
0.377448523577,9.58333333333,16.3333333333
0.351802260526,10.3333333333,17.3333333333
0.36544730937,10.4166666667,14.0833333333
0.315711623026,11.9166666667,18.25
0.340387075608,12.1666666667,17.9166666667
0.339715708029,11.9166666667,16.4166666667
0.306848335956,12,14.3333333333
0.304143083455,12.75,17.6666666667
0.329360400564,8.58333333333,14.5833333333
0.371143851619,13.6666666667,18.3333333333
0.36518715972,12.5,17.75
0.330286642801,13.5833333333,16.4166666667
0.350869341427,11.1666666667,17.1666666667
0.373888552807,11.9166666667,15.9166666667
0.355995998833,18.6666666667,21.1666666667
0.347258052819,15.25,18.5833333333
0.3491322267,13.0833333333,20.0833333333
0.300939032002,15.3333333333,17.75
0.356776646857,12.0833333333,16.5833333333
0.33892853861,12.5,16.75
0.299237457038,14.5833333333,19.5
0.362817421962,13.1666666667,17.4166666667
0.321847406279,12.8333333333,15.0833333333
0.34339771473,14.4166666667,19.25
0.333334249343,7.66666666667,13
0.308775163593,14.8333333333,17.3333333333
0.330361649449,13.3333333333,16.3333333333
0.321590096464,12.0833333333,15.9166666667
0.359736364898,9.66666666667,14.1666666667
0.311370958334,11.3333333333,16.3333333333
0.398148383149,10.5833333333,16.4166666667
0.334496573755,12.0833333333,17.1666666667
0.31653376846,9.25,14.25
0.344774611619,14.3333333333,16.75
0.306833730852,15.6666666667,19.25
0.316565901828,14.25,18.3333333333
0.360500850837,11,15.9166666667
0.335839741386,11.1666666667,16.5833333333
0.329767814251,10.3333333333,15.75
0.341991621253,12.1666666667,16.3333333333
0.330325221923,12.25,16.9166666667
0.356407150626,9.83333333333,12.0833333333
0.353276984574,10.0833333333,14
0.31394239939,15.3333333333,18
0.339446019621,14.6666666667,18.5833333333
0.319356728888,14.75,20.25
0.339187779382,14.25,18.75
0.292331494879,11.8333333333,15.5833333333
0.287342577636,10.6666666667,15.75
0.347602312056,9.08333333333,16.25
0.349139334089,10.9166666667,14.25
0.28350049187,10.6666666667,14.75
0.351293791829,7,11.3333333333
0.298946398121,13.1666666667,14
0.33453571272,12,15.8333333333
0.35425666302,11.25,15.8333333333
0.372471398679,13.4166666667,16
0.376892731439,14.9166666667,17.6666666667
0.330853521281,11.3333333333,18.0833333333
0.403587616527,14.1666666667,18.3333333333
0.313154823247,15.25,18
0.347059554609,13.6666666667,18.3333333333
0.325537627845,11,18.3333333333
0.301378924752,11.1666666667,14.4166666667
0.370932089439,12.1666666667,16.75
0.373378362132,14.5833333333,20.1666666667
0.309628928687,11.8333333333,17.9166666667
0.414638100452,8.5,13.8333333333
0.346936646956,11.9166666667,15.5833333333
0.364357677241,14.6666666667,17.0833333333
0.327334864981,13.9166666667,19.0833333333
0.297827621753,9.75,14.8333333333
0.3784957081,10.25,15.8333333333
0.358004300539,12.1666666667,16.25
0.30017215598,13.5833333333,20.1666666667
0.341976068969,13,18.1666666667
0.31648413049,8,12.8333333333
0.343104155492,10.75,16.4166666667
0.334887128619,9.5,12.9166666667
0.324277660703,10.4166666667,14.6666666667
0.360458699723,9.41666666667,15.5833333333
0.353946154303,9.66666666667,15.75
0.362873650965,8.5,12.5
0.296777033118,12.3333333333,16.5833333333
0.33059177494,15.3333333333,19.25
0.347573396462,12.75,18.8333333333
0.284915715458,12.75,14.9166666667
0.338537007217,11.5,16.6666666667
0.387265387081,11.1666666667,15
0.350467708558,10.8333333333,15.4166666667
0.353032901205,10.25,13.5
0.329192100471,12.5,18.3333333333
0.321828066463,9.58333333333,14.1666666667
0.298055906582,13.5,17.3333333333
0.297846158037,14.4166666667,20.25
0.309202872448,14.3333333333,17.1666666667
0.32611174831,12.5,15.1666666667
0.361947155033,15.0833333333,17.75
0.346417903794,12.9166666667,15.3333333333
0.366979147149,14.5833333333,16.6666666667
0.335226009236,12.4166666667,19.0833333333
0.371079521645,9.91666666667,14.5833333333
0.33676904079,10.1666666667,14.0833333333
0.335541516399,12.5,16.6666666667
0.348632004284,9.33333333333,14.6666666667
0.337612845244,11.25,18.1666666667
0.304164710589,11.75,14.75
0.282507714428,14.8333333333,18
0.289770205918,13.4166666667,16
0.372215826097,9.91666666667,16.5833333333
0.296179042723,15.8333333333,19.9166666667
0.338411949875,8.66666666667,12.6666666667
0.28993497273,8.25,14.5
0.306628770133,13.1666666667,16.0833333333
0.257841853394,16.4166666667,18.8333333333
0.341099103313,10.8333333333,16.8333333333
0.321312641693,13.1666666667,18.6666666667
0.340082234761,10.5,15.0833333333
0.312896055207,12.1666666667,17.0833333333
0.315490663233,11.4166666667,14.4166666667
0.316061512672,10.8333333333,15.5
0.311153698188,12.3333333333,15.3333333333
0.377971586963,12,19.1666666667
0.399314819109,10,17.1666666667
0.316618394575,6.08333333333,11.75
0.276781261851,8.91666666667,15.5833333333
0.35804651136,10.8333333333,15.5833333333
0.405886157827,12.6666666667,17.5
0.376263107433,15.5833333333,16.1666666667
0.337186468647,11.4166666667,16.8333333333
0.278971135812,12.6666666667,18
0.335400971212,7.91666666667,14.3333333333
0.320757273004,11.0833333333,17.5833333333
0.347651010617,7.83333333333,14.25
0.363766474965,12.6666666667,17.1666666667
0.318545446746,14.4166666667,17.25
0.349696131486,13.8333333333,15.9166666667
0.376042035245,9.91666666667,14.5
0.28021712073,13.25,14.9166666667
0.329757070023,9.5,13.1666666667
0.334513398222,12.6666666667,18.8333333333
0.312103487947,12.0833333333,16.9166666667
0.39564716294,12.5,18.6666666667
0.314783645517,12.0833333333,17.5833333333
0.338628716421,15.0833333333,19.6666666667
0.341634484411,10.5,15.1666666667
0.369829305876,13.6666666667,17.9166666667
0.310594230793,12.9166666667,18.4166666667
0.28408030509,14.1666666667,16.8333333333
0.345565612044,6,14.9166666667
0.343851728453,15.1666666667,18.3333333333
0.387238331259,10.8333333333,16.4166666667
0.36865307355,11.3333333333,15.0833333333
0.305310219189,13.1666666667,20.5
0.282634219234,8.25,16.4166666667
0.342381228522,13.0833333333,17.5833333333
0.298312906304,14,16.75
0.351683401436,8,14.5833333333
0.302875333328,14.4166666667,18.3333333333
0.319276256378,11.6666666667,16.5833333333
0.313417901586,11.75,14.5
0.383678737146,10,14.3333333333
0.338860026301,17.5833333333,21.4166666667
0.346973602992,11.0833333333,14.1666666667
0.334307738885,11.8333333333,14.75
0.339919323925,9,14.9166666667
0.337675057609,17,18.1666666667
0.370661425698,12.3333333333,15.9166666667
0.323668645183,11.4166666667,15.0833333333
0.368756762115,9.83333333333,16.3333333333
0.349124912246,13.3333333333,17.8333333333
0.317639911531,16,19
0.335043481729,9.75,15.5
0.349998388293,7.66666666667,12.3333333333
0.298020935415,8.91666666667,15.1666666667
0.326189014637,11.6666666667,16.0833333333
0.323074048316,14.5,19.5
0.376327723164,9.83333333333,14.3333333333
0.38384462494,10.75,13.4166666667
0.347915439379,9.41666666667,14.4166666667
0.365659873678,12.75,17.4166666667
0.378087793938,9.5,14.75
0.35468110544,10.75,15.5
0.351752904896,11.8333333333,15
0.302879487765,9.91666666667,13.0833333333
0.316547528911,12.0833333333,16.3333333333
0.343233691024,12.5833333333,18.25
0.311225749358,10.9166666667,15.1666666667
0.280923088695,10.1666666667,16.4166666667
0.321523582756,10.9166666667,17.0833333333
0.319298022778,14.8333333333,20.25
0.349124912246,8.66666666667,13.75
0.351560622969,11.25,14.5833333333
0.344926562133,11.75,16.75
0.344603755129,7.91666666667,14.6666666667
0.325893337184,14.6666666667,20
0.336786615666,11,15.1666666667
0.314822833544,13.0833333333,17.5833333333
0.358153067819,11.5833333333,16.25
0.330229491121,17.5,20.9166666667
0.368155900549,14.1666666667,17
0.329138411028,12.1666666667,16
0.326891860483,12.5,17
0.277168464608,15.9166666667,18.4166666667
0.325189886815,11.25,15.5
0.320684429973,13.25,14.0833333333
0.276740716969,13.5,16.9166666667
0.333906417667,10.8333333333,16.25
0.331989869844,11.75,16.75
0.346913424226,13.5,19.8333333333
0.325746787492,10,12.6666666667
0.33061920553,15.0833333333,18.0833333333
0.303817337793,7.66666666667,15
0.307345208936,10.5,16
0.332384589077,5.66666666667,12
0.342805342602,11.6666666667,13.1666666667
0.340456794103,10.3333333333,15.8333333333
0.287231000181,7.58333333333,13.1666666667
0.315477596661,11.4166666667,15.9166666667
0.320357581427,11,16.1666666667
0.290057400397,13.1666666667,15.0833333333
0.328564543046,10.5,17.5
0.325535259905,9,12.5
0.348604960079,14.0833333333,19
0.328816601171,13.3333333333,17.9166666667
0.326479375657,12.9166666667,14.5833333333
0.326838971285,12.9166666667,17.6666666667
0.327244320043,6.91666666667,14.25
0.308172278644,13.1666666667,17.4166666667
0.351356242548,8.75,13.1666666667
0.320029607293,10.25,14.5
0.234679901594,12.5833333333,15.8333333333
0.359862478179,9.08333333333,14.4166666667
0.325705576848,11.4166666667,16.6666666667
0.316356870086,12.25,17.25
0.363735862824,10.4166666667,14.5833333333
0.326626124644,11.9166666667,19.1666666667
0.35481252722,11.3333333333,16.0833333333
0.304683546772,16.25,18.5833333333
0.349355307764,9.75,14.6666666667
0.332281858548,13.6666666667,18.5833333333
0.288279676521,12.6666666667,17.8333333333
0.344896741578,7.58333333333,14.5
0.351173457145,9.58333333333,14.3333333333
0.356423705137,10,13.6666666667
0.356543162751,12.8333333333,17.8333333333
0.305560428484,10.5833333333,16.0833333333
0.345063761935,10.75,15.0833333333
0.276785305367,9.16666666667,13.8333333333
0.350877249073,15.25,20
0.310791951428,9.75,17.6666666667
0.287248381958,11,15.3333333333
0.304037315377,11.75,13.8333333333
0.287488311529,12.75,16.9166666667
0.323366877425,13.75,19.75
0.321276141372,12.5,15.4166666667
0.344493707417,9.75,12.8333333333
0.263614110701,13.5833333333,16.3333333333
0.315514664603,10.5,13.75
0.306100443491,11.5,17.5
0.346389633601,12.0833333333,18.4166666667
0.363483381633,10.6666666667,15
0.341606788288,10.5833333333,15
0.351758009214,8.41666666667,14.8333333333
0.331218857556,14.1666666667,16.9166666667
0.328055882467,13.9166666667,16.3333333333
0.290024261568,11.3333333333,15.5833333333
0.29947245366,12.3333333333,15.25
0.330774358703,13.4166666667,18
0.320343883812,11.3333333333,16.9166666667
0.335096930572,10.0833333333,15.8333333333
0.329200324935,12.4166666667,18.6666666667
0.29134135122,16.4166666667,22.0833333333
0.398821407967,11.9166666667,15.6666666667
0.289022228959,13.4166666667,19.6666666667
0.326579156106,10.25,14.4166666667
0.302198894588,10.5,14.4166666667
0.339306002285,10.6666666667,17.8333333333
0.300243283019,13.1666666667,16.4166666667
0.336838921982,13.75,17.5833333333
0.277468707241,12.3333333333,17.1666666667
0.341689551962,12,15.9166666667
0.292500601299,11.3333333333,17
0.3475204217,12.1666666667,18.1666666667
0.357659221411,8.08333333333,16.8333333333
0.346205323948,13.6666666667,16.6666666667
0.366443308268,9.16666666667,14.3333333333
0.353963501048,8,14
0.379033213403,11.75,17.25
0.340344013083,11.1666666667,16.3333333333
0.290905008286,14.75,18.5833333333
0.324854330901,15.4166666667,19.1666666667
0.345164712943,10.75,16.5833333333
0.306959527806,13.1666666667,16.1666666667
0.3503700177,12.1666666667,15.9166666667
0.34981365935,13.1666666667,15.5
0.293569277969,10.75,15.6666666667
0.370119117022,12,14.25
0.314041988774,10.9166666667,16.8333333333
0.333046232247,14.1666666667,17.8333333333
0.344873772995,12.1666666667,16.25
0.341081801433,12.25,18.6666666667
0.351663254566,11.5,15.5833333333
0.293180684004,12,14.4166666667
0.313640556692,14.1666666667,16.9166666667
0.370035788263,11.0833333333,15.9166666667
0.32833364844,12.25,18.4166666667
0.355455769275,14.25,15.5833333333
0.374438394887,14.4166666667,16.5833333333
0.39656127101,12.3333333333,16.8333333333
0.331664836642,7.75,12.5833333333
0.309786084279,13.6666666667,17.5
0.319336183996,12.0833333333,17.25
0.339999116051,11.75,14.3333333333
0.345900827551,9,13.9166666667
0.330556424589,8.91666666667,15.5
0.278637114415,15.1666666667,19.9166666667
0.312274664045,13.5833333333,17.8333333333
0.353119604834,10.0833333333,15
0.34102969508,11.3333333333,15.1666666667
0.327933467462,11.9166666667,18.25
0.321688627312,11.25,14.3333333333
0.325961321649,8.66666666667,14.3333333333
0.354004264338,12.8333333333,16.3333333333
0.345074329938,11.75,16.8333333333
0.296386569923,12.1666666667,17
0.36785046421,13.0833333333,16.5
0.336614798988,13.3333333333,16.75
0.321714385305,9.41666666667,14.6666666667
0.36611056408,18.4166666667,21.1666666667
0.378585946272,11.25,18.25
0.330648924566,11.9166666667,15.0833333333
0.307551986872,14.8333333333,19
0.34294697765,14.3333333333,16.0833333333
0.35799573879,10.8333333333,14.6666666667
0.32644486636,14.4166666667,17
0.306465747964,14.9166666667,19.0833333333
0.359406780527,9.08333333333,12.8333333333
0.320182536799,12,15.3333333333
0.349271977774,12.3333333333,19.0833333333
0.325259268302,12.4166666667,15.75
0.332271704801,13.3333333333,16.5833333333
0.312990068549,8.25,12.3333333333
0.329519744594,11,15.3333333333
0.373151645451,13.25,18.5833333333
0.346636126749,12.4166666667,15.1666666667
0.323863481242,13.75,18.0833333333
0.298086755543,12.4166666667,18.3333333333
0.369897764498,11.3333333333,16.5
0.299097455338,9.91666666667,12.6666666667
0.312077132091,13.5833333333,15.1666666667
0.315697059877,13.0833333333,18.5
0.331415391601,8.91666666667,15.5
0.372949868862,11.1666666667,16.8333333333
0.365435374071,4.91666666667,8.66666666667
0.359725427372,11.5,16.9166666667
0.343075107217,4.83333333333,11.4166666667
0.305525158632,11.1666666667,16.1666666667
0.362042329273,14.8333333333,21.5833333333
0.374701448799,10.5833333333,15.1666666667
0.332272471015,13.6666666667,17
0.339958942791,14.25,19.5833333333
0.308013916639,12.6666666667,18.3333333333
0.368405848818,10.0833333333,17.1666666667
0.305203782209,11.6666666667,17
0.326801241717,12,16.3333333333
0.37014890841,12.9166666667,17.9166666667
0.326683111072,13.25,17.3333333333
0.335799200922,11.5833333333,16.0833333333
0.244541467051,13.6666666667,18
0.359398874738,12.1666666667,17.75
0.361048281089,11.75,17.75
0.333987268696,12.0833333333,17.6666666667
0.341595881444,10.8333333333,16.5833333333
0.333516650848,9.25,13.1666666667
0.300525556007,13.9166666667,16.5
0.393248807105,10.3333333333,13.75
0.387960402871,10.4166666667,17.25
0.345310666319,12.1666666667,15
0.281373747505,12.6666666667,18.0833333333
0.335901500975,14.8333333333,18
0.339624035549,8.58333333333,14.6666666667
0.302300161178,14.0833333333,16.8333333333
0.349600075573,10.75,13.25
0.327301065112,12.25,15.1666666667
0.355028274096,15.3333333333,19.6666666667
0.410972298489,9.91666666667,15.3333333333
0.316432306755,17.0833333333,20.3333333333
0.378532473971,8,16.8333333333
0.362788507918,7.91666666667,13.1666666667
0.345542819386,9.41666666667,15.0833333333
0.334298396239,11.0833333333,15.5833333333
0.311475503975,10.0833333333,11.9166666667
0.367582263669,10.8333333333,19.5
0.324241026147,10.75,13.0833333333
0.28172027289,11.1666666667,17
0.332535549878,13.5833333333,19.1666666667
0.328318058119,10,16.4166666667
0.35052069744,12.3333333333,16.75
0.317198833391,10.5833333333,17.8333333333
0.361196622154,10.5833333333,15.9166666667
0.302991977723,13.1666666667,17.5
0.369106041499,11.3333333333,15.75
0.311184171498,15.6666666667,20
0.35413637218,10.9166666667,17.8333333333
0.322075240299,12.3333333333,18.0833333333
0.298792526727,7.41666666667,13.1666666667
0.354543860192,10.6666666667,15.4166666667
0.351168697481,11.6666666667,16.25
0.350355651043,11.1666666667,16.1666666667
0.307334788718,12.9166666667,17
0.337952850999,10.6666666667,15.9166666667
0.339163870201,12.4166666667,17.6666666667
0.31660308156,14.0833333333,17.25
0.354412271198,8.16666666667,12.4166666667
0.2811690929,12.3333333333,18.25
0.356615994176,15.0833333333,18.5
0.364519928009,10.5,14.1666666667
0.300591268722,8.41666666667,13.1666666667
0.372746699297,9.83333333333,15.5
0.359582759878,11.5,14.5833333333
0.29665372936,12,17.75
0.381872356786,13.3333333333,16.3333333333
0.334747217909,9.58333333333,13.0833333333
0.354926978268,12.5833333333,18.4166666667
0.38814902011,12.6666666667,17.75
0.327531321049,10.75,15.25
0.352105450997,11.0833333333,16.6666666667
0.264697946011,12.9166666667,17.0833333333
0.311179332507,10.4166666667,16.0833333333
0.38989394946,12.25,18.75
0.314584652626,9.16666666667,12.0833333333
0.338051595282,15.9166666667,19.0833333333
0.32129050977,10.9166666667,15
0.35430656453,12.5833333333,16.9166666667
0.334970424876,16.3333333333,20.4166666667
0.299855368385,7,12.6666666667
0.35156751633,11.5,17.25
0.361649402306,13.6666666667,16.9166666667
0.315090070648,15.1666666667,17.1666666667
0.32000851628,10.0833333333,15.1666666667
0.377283940789,10.0833333333,14.5833333333
0.338917025559,11.5833333333,19.75
0.361905295921,11.8333333333,16.75
0.345303527559,15.1666666667,19
0.328566751023,16.5,21
0.287390204494,10.25,13.1666666667
0.317232812026,11.3333333333,15
0.358144638463,9.83333333333,15.3333333333
0.306513012709,9,14.8333333333
0.295420683111,13.5833333333,15.3333333333
0.357945395505,10.5833333333,14.75
0.31465900401,9.91666666667,15.25
0.277691262715,12,16.9166666667
0.282422917428,12.9166666667,15.8333333333
0.287907437288,11.25,15.1666666667
0.340139490625,13.6666666667,16.5
0.347218428088,14.0833333333,19.0833333333
0.314918988235,12.1666666667,17.25
0.396032271152,13.1666666667,17.4166666667
0.287316340187,12.6666666667,15.3333333333
0.315773781547,10.6666666667,14.9166666667
0.257611532616,12.8333333333,15.25
0.306849680967,12.1666666667,17.25
0.301519330534,9,14.4166666667
0.388548741454,9.75,14.5
0.370062238029,13.25,17
0.303085655698,9.58333333333,12.75
0.284213207791,10.8333333333,15.4166666667
0.307491662475,10.3333333333,13.75
0.29940750367,13.6666666667,17.0833333333
0.298237985283,15.8333333333,19.25
0.346817161371,9.08333333333,14.75
0.325968430815,12.5,14.75
0.330121054371,12.3333333333,16.25
0.34749390087,11.5,15.9166666667
0.309858117986,8.5,15.25
0.387921143114,9.16666666667,16.0833333333
0.38952816599,13.6666666667,19.25
0.324629411049,10.4166666667,13.5
0.372679329298,12,16.25
0.297449073716,10.6666666667,15.5
0.271900594572,13.4166666667,16.4166666667
0.317165772863,15.4166666667,19.5
0.381849708362,8.66666666667,13.9166666667
0.325310339365,11.0833333333,16.25
0.350347898102,14.8333333333,20.0833333333
0.260949011157,13.6666666667,17.0833333333
0.362436077296,7.58333333333,13.5
0.285182616395,8.16666666667,13.4166666667
0.295904172225,8,12.1666666667
0.360326742563,9.33333333333,15.75
0.28051750559,9.83333333333,16
0.29985543914,15.8333333333,16.3333333333
0.293790869651,9.66666666667,13.8333333333
0.350944682147,11.3333333333,14.3333333333
0.300373732185,11.25,15.3333333333
0.350892280624,12,13.5
0.330371120596,15.75,19.4166666667
0.267075275204,14,19.1666666667
0.316569672405,9.83333333333,12.3333333333
0.338646523133,12,16.0833333333
0.323178016726,11.0833333333,14.9166666667
0.331341366396,7.66666666667,13.25
0.318065226389,15.9166666667,18.5833333333
0.298960852579,12.0833333333,16
0.309851225364,10.75,15
0.337125459416,9.41666666667,13.4166666667
0.359673306416,8.58333333333,13.5
0.35741816902,10.8333333333,16.25
0.267533747167,10.5833333333,14.9166666667
0.346768015199,9.75,17.1666666667
0.282294798997,9,14.1666666667
0.32127134671,10.8333333333,13
0.314459429732,11.5833333333,13.5
0.361879348383,13.75,16.9166666667
0.349157620449,8.33333333333,15
0.288356562901,10.25,17.25
0.32595088926,10.5,15.8333333333
0.336014053785,12.3333333333,18
0.29576110715,9.75,15.9166666667
0.35831230818,11.25,15.5
0.307169908933,9.91666666667,13.6666666667
0.337391800074,11.5,15.8333333333
0.36411054973,9.16666666667,13.8333333333
0.313732664548,13.3333333333,17
0.343652298752,12.6666666667,17.1666666667
0.291364463298,11.9166666667,14.8333333333
0.346820814933,9.33333333333,15.0833333333
0.326505392451,10.5,14.75
0.335677449602,11,15.75
0.308257507131,12.9166666667,15.75
0.346564175433,14.4166666667,17.5
0.260746642473,15.5833333333,18.0833333333
0.308630870006,14.1666666667,17.1666666667
0.307467772667,11.0833333333,15.75
0.35175012012,8.91666666667,14.3333333333
0.321147375959,11.1666666667,14.8333333333
0.337333227714,9.66666666667,15.5
0.399978469658,12.25,17.25
0.316334408614,9.83333333333,15.6666666667
0.388787226984,12.5833333333,15.0833333333
0.343895442606,12.4166666667,16.5833333333
0.344137454063,13.4166666667,18.25
0.344318609597,10.3333333333,13.9166666667
0.231001452279,10,13.4166666667
0.278737897742,14.3333333333,17.5
0.292961160039,11.5,16.75
0.377685967571,11.3333333333,17.25
0.354734863496,11.5,15.6666666667
0.38169114372,7.33333333333,14.6666666667
0.3040609573,15.75,19.5
0.300502141618,13.25,18.9166666667
0.333250804411,12.8333333333,15.3333333333
0.323068051099,13.0833333333,18.8333333333
0.337676685621,13,17.75
0.318858441352,12,14.5
0.259709152469,12,16.6666666667
0.348798476599,12,15.4166666667
0.341391573879,10.6666666667,16.9166666667
0.33965108605,12.3333333333,15.0833333333
0.323725800754,12.5833333333,16.0833333333
0.339665033228,9.58333333333,14.8333333333
0.316388825805,13.0833333333,15.9166666667
0.32118076128,10.5833333333,15.5
0.346231488803,9.58333333333,13.5833333333
0.335706221119,12.6666666667,17
0.334892861408,9.91666666667,16.8333333333
0.313245514656,12.6666666667,18.3333333333
0.282970458274,13.9166666667,18.3333333333
0.313748743587,8.66666666667,15.4166666667
0.303321442084,12.0833333333,18
0.370598228475,9.33333333333,14.5833333333
0.332001888574,12.6666666667,14.5
0.318351976696,9.83333333333,15.25
0.369559502117,13.5833333333,16.75
0.312658047357,12.0833333333,15.3333333333
0.359670765498,10.8333333333,15.4166666667
0.34809447887,10.75,16.9166666667
0.315645158052,14.75,17.25
0.330113483171,9.5,14
0.275097041016,11.9166666667,16.25
0.298960197207,10.9166666667,15
0.405051966381,6.16666666667,10.5833333333
0.358095986033,12.25,17.9166666667
0.281082370538,14,22.5833333333
0.298287403464,11.6666666667,16.4166666667
0.285286412145,9.66666666667,14.8333333333
0.290233173756,9.5,13.8333333333
0.316454798762,9.58333333333,15.3333333333
0.34519158427,9.58333333333,13.9166666667
0.343836533457,9.5,13.8333333333
0.314039329281,12.9166666667,18.5
0.330338187908,8.41666666667,14.3333333333
0.355638442454,10.5833333333,14.3333333333
0.36056784237,13.5,17.4166666667
0.310444378954,8.16666666667,11.8333333333
0.376427230679,7,13.6666666667
0.38159130281,9.58333333333,13.1666666667
0.236230007181,14.1666666667,17.0833333333
0.322854751562,8.83333333333,15.8333333333
0.318033870646,14.8333333333,17.5833333333
0.285650349491,12.5,14.5
0.349887717296,9.83333333333,13.9166666667
0.353174101069,14.1666666667,17.4166666667
0.319615303194,13.0833333333,13.5833333333
0.334397088379,10.8333333333,13.8333333333
0.356133149606,13,17.4166666667
0.284435572617,12.75,17.4166666667
0.352399656081,11.25,15.8333333333
0.351019183801,16.9166666667,21
0.313366681382,11,14.8333333333
0.329559926691,13.0833333333,16.8333333333
0.391365321908,12,16.8333333333
0.36577522059,13.3333333333,19.4166666667
0.33999770325,10.6666666667,16.1666666667
0.340622088704,14.6666666667,17.5
0.315251884073,11.4166666667,18.0833333333
0.369846438653,11.1666666667,17.9166666667
0.403778660153,9.5,13.3333333333
0.350569369459,10.4166666667,17.5833333333
0.314926150061,11.5,16.5
0.339910859439,10.5,15.5833333333
0.284659382103,11.75,15.75
0.349281106664,11.4166666667,14.3333333333
0.333678369881,8,15.3333333333
0.339841442177,12.6666666667,16.8333333333
0.342110492144,9.75,14.75
0.371215167605,7.66666666667,14
0.326006021561,14.6666666667,16.5833333333
0.316174010441,13,15.9166666667
0.29960431533,11.6666666667,16.8333333333
0.321350723172,13.6666666667,19.0833333333
0.37830391319,13.4166666667,17.6666666667
0.362210883452,15.25,18.8333333333
0.361130082545,10.3333333333,15.3333333333
0.312789148832,12.3333333333,17.0833333333
0.335683972048,11.9166666667,14.8333333333
0.305934429251,11.75,17.0833333333
0.325825830373,12.6666666667,16.4166666667
0.290887259419,11.6666666667,17
0.342046013968,14.1666666667,17.6666666667
0.289242262049,11.4166666667,16.0833333333
0.329418344519,14.0833333333,17.25
0.284460149195,12.5833333333,18.9166666667
0.356033452808,13.0833333333,17.5833333333
0.266930327451,9,12
0.328932267186,9.58333333333,15.5
0.33751385189,15.4166666667,21.3333333333
0.379595638297,11.0833333333,17.1666666667
0.314821368483,13.9166666667,18
0.358756103057,14.75,17.25
0.345434992382,11.8333333333,14.4166666667
0.331512685417,12.25,17.4166666667
0.360990777369,8.08333333333,15.25
0.399509482146,9.5,16.1666666667
0.308374500053,8.41666666667,12
0.306446932993,12,16.1666666667
0.326180244402,10.8333333333,16.0833333333
0.284194906673,10.25,15.3333333333
0.362374714474,12.6666666667,17
0.306696097105,10.75,15.1666666667
0.279165103152,12.25,16.0833333333
0.348072823493,7.83333333333,15.6666666667
0.36318986723,10.75,15.5
0.318330579048,17.75,19.6666666667
0.335270249212,13.0833333333,16.3333333333
0.395366042203,12.0833333333,16.9166666667
0.291097730837,12.9166666667,14.5833333333
0.270387262976,12.5833333333,16.25
0.280915953709,12.1666666667,17.8333333333
0.342179232804,12.5,15.0833333333
0.326356800855,12.25,19
0.336376960372,10.6666666667,15.3333333333
0.287760335044,8.25,14.5833333333
0.302233996919,14.1666666667,16.8333333333
0.312925424762,14.4166666667,20.25
0.283324013435,10.0833333333,14.1666666667
0.332565690017,14.25,19.75
0.317140077896,12.25,17.5833333333
0.287738871905,9.66666666667,14
0.309200462052,13.6666666667,20.1666666667
0.368528938145,10.8333333333,16.3333333333
0.307483006056,16.25,19.8333333333
0.356095779593,14.1666666667,19.0833333333
0.364190836979,12.6666666667,15.6666666667
0.286838226936,10.75,15
0.33268417372,5.08333333333,12.0833333333
0.334519642369,9.58333333333,12.25
0.370787900489,11.4166666667,16.0833333333
0.335418579086,12.3333333333,16.6666666667
0.351733949779,12.1666666667,17.5
0.320219113239,11.5,15.8333333333
0.366358372297,15.25,18.1666666667
0.398420495798,13.1666666667,18.25
0.386065564232,5.41666666667,11.1666666667
0.338943690155,10.8333333333,16
0.318671009497,13.25,17.25
0.283897914437,10.8333333333,15.5833333333
0.343657541416,12.9166666667,16.8333333333
0.371851628125,9.83333333333,19.25
0.279339855018,12.25,18
0.366745791656,9.33333333333,14.75
0.279784370204,9.08333333333,15.5
0.32942034298,10.1666666667,13.75
0.335562287572,13.3333333333,18.1666666667
0.301660875094,10.25,15.5
0.371663730261,12.6666666667,19.5
0.287515194586,14.0833333333,17.6666666667
0.309709906085,9.08333333333,14.1666666667
0.295527249796,9,11.0833333333
0.296831850298,12.75,15.5833333333
0.333448047651,13.75,19.3333333333
0.353500967741,13.8333333333,18.9166666667
0.312073099521,10.3333333333,16.3333333333
0.33258813724,15.25,19.0833333333
0.375634768595,9.75,15.25
0.352257163966,9.5,15.75
0.301499900363,11.3333333333,17.3333333333
0.333351463891,13.8333333333,17.9166666667
0.319433872765,10.25,14.4166666667
0.320928947246,8.66666666667,17.75
0.322314103993,11.75,14.8333333333
0.386001794247,9.41666666667,15.25
0.326539117652,9.16666666667,14.8333333333
0.243814907861,13.8333333333,16.9166666667
0.342993016184,12.1666666667,16.3333333333
0.28781417391,13,18.1666666667
0.330723005896,12.1666666667,13.75
0.324918096751,13.75,16.1666666667
0.320916308387,13.3333333333,17.5
0.311812139898,13.25,17.75
0.303437178708,13.5833333333,17.1666666667
0.378523948939,13.4166666667,19.0833333333
0.277510927103,13.25,16.75
0.358301178855,14.5833333333,15.1666666667
0.339500264899,10.1666666667,15.25
0.336039452925,13.4166666667,16.25
0.319056399659,10.6666666667,16.75
0.365227418864,8.08333333333,14.9166666667
0.34222770823,11.3333333333,15.5833333333
0.366291952107,9.83333333333,14.8333333333
0.331411952815,13.3333333333,18.0833333333
0.374783584341,7.25,12.0833333333
0.364984578976,12.0833333333,17.4166666667
0.38391429455,9.5,16.3333333333
0.390943887114,12.25,17.25
0.306970810697,13,16.3333333333
0.386263691202,11.6666666667,16.5
0.405713667167,13.75,15.6666666667
0.269013869837,10.9166666667,15
0.299226803877,16.8333333333,20.6666666667
0.364222932462,8.25,14.25
0.331061277219,12.5,16.1666666667
0.300758721538,13,16.5833333333
0.324478756248,11.3333333333,15.0833333333
0.290135379511,12.5833333333,17.5833333333
0.287149258698,16.5,18.8333333333
0.337226768569,8.83333333333,16.8333333333
0.359152901212,11.6666666667,15.9166666667
0.370054509462,13.9166666667,14.8333333333
0.322833949143,9.75,16.9166666667
0.346582496972,9.58333333333,14.6666666667
0.298888128781,10,14.3333333333
0.333044315706,13.75,18.5833333333
0.32034893677,14.5833333333,16.4166666667
0.348070885788,10.8333333333,14.6666666667
0.344145146353,6.83333333333,13.1666666667
0.318905187155,11.1666666667,16.6666666667
0.363940060546,11.25,15.0833333333
0.293478442042,9.5,15.5833333333
0.330648924566,8.33333333333,14.6666666667
0.307087165962,12,16.5
0.30822572152,10.4166666667,15.25
0.372384507028,9.08333333333,15.5833333333
0.406478411689,14,17.75
0.288001203596,12.4166666667,17.25
0.323328126281,13.5833333333,18.75
0.341917862761,10,17.4166666667
0.297442113324,13.9166666667,16.0833333333
0.334106992975,10.75,16
0.322735871413,11.9166666667,16.0833333333
0.324052606966,14.75,18.6666666667
0.36493584848,12.3333333333,16.8333333333
0.337296619521,7.75,14.6666666667
0.33200981801,9.66666666667,14.1666666667
0.35904044155,14.75,20.0833333333
0.317929520482,7.91666666667,13.9166666667
0.33934167286,14.25,20.4166666667
0.346768015199,9.33333333333,14.5
0.348464457691,14.3333333333,16.25
0.369560166221,7.83333333333,14.0833333333
0.326275024808,10,14.3333333333
0.307759151416,12.8333333333,17.5
0.333776990967,11.0833333333,15.3333333333
0.341388176745,14.75,18.8333333333
0.345137493137,7.66666666667,12.6666666667
0.311197696733,13.5833333333,16.4166666667
0.324725825503,10,15.5833333333
0.330433059519,11.75,15
0.348518348319,8,15
0.407425091515,9.58333333333,15
0.320205710084,14.1666666667,18
0.347007082727,9.08333333333,16.3333333333
0.307464311874,13.5,17.75
0.301820548391,12.3333333333,16.9166666667
0.323853922382,16.25,19.25
0.379559012691,13,15.1666666667
0.369787611906,12.75,17.9166666667
0.329564982092,15.5833333333,17.6666666667
0.344327428326,12.25,15.5833333333
0.274180657755,12.4166666667,17.6666666667
0.364149189638,10.3333333333,13.6666666667
0.337974825513,11.6666666667,15.4166666667
0.346163775225,16.0833333333,19.6666666667
0.371020440079,11.25,17.5833333333
0.353257423105,14,17.3333333333
0.331206482318,12.5833333333,17.3333333333
0.294745868413,14.9166666667,18.3333333333
0.344090034903,13.9166666667,20.25
0.359545466773,12.1666666667,17.5833333333
0.375132685127,7.08333333333,15
0.372319237732,14.8333333333,20
0.333806429696,11.8333333333,18.3333333333
0.321917947693,10.3333333333,14.8333333333
0.336226309552,13.9166666667,19
0.343778790634,12,16.0833333333
0.3442340563,12.4166666667,17.6666666667
0.287770648882,15.3333333333,15.75
0.343273557109,10.25,15.3333333333
0.313765048949,12.9166666667,16.4166666667
0.339467239762,15.1666666667,16.3333333333
0.321562373654,14.6666666667,17.4166666667
0.306935747378,14.5,20.5
0.344025847122,10.75,16.4166666667
0.371913230546,12,16
0.294353905092,10,15.1666666667
0.319953293381,10.0833333333,15
0.265053903723,10.1666666667,15.8333333333
0.351993040543,10.0833333333,13.3333333333
0.311692431169,11.0833333333,15.3333333333
0.358317323847,10.1666666667,11.9166666667
0.382091871269,10.3333333333,16.8333333333
0.324134374363,14.5,17.25
0.341355577529,13.6666666667,20.4166666667
0.3279553043,9.83333333333,16
0.318442170048,15.9166666667,18.9166666667
0.355076892986,8.58333333333,14.1666666667
0.339706015604,13.5,18.3333333333
0.268639044531,13.25,15.25
0.307349524988,13.1666666667,18.9166666667
0.404251698696,11.3333333333,16.5833333333
0.308842503926,9.25,15.5
0.326564206615,11,15.5
0.321919477739,12.6666666667,14.75
0.33555398741,14.0833333333,19.5833333333
0.308794448691,10.5,17.1666666667
0.338039773831,13.0833333333,15.9166666667
0.38191580557,11.5,16.5
0.325597751591,9.41666666667,13.8333333333
0.314913271301,15.6666666667,19.0833333333
0.306480515356,13.0833333333,15.5
0.366134143553,10.1666666667,13.8333333333
0.333754597547,11,16.25
0.322465293004,12.75,15.8333333333
0.296004055962,14.75,16.6666666667
0.316456634333,11.6666666667,14.5833333333
0.336721402163,13.25,18.3333333333
0.317242613562,10,16.0833333333
0.353282488766,11.5833333333,16.1666666667
0.300652659939,14.9166666667,21.5833333333
0.295079002947,10.3333333333,13.5
0.338222366346,7.83333333333,15
0.315787645936,13.1666666667,16.25
0.302324057911,6.33333333333,14.9166666667
0.307376533612,14.0833333333,18
0.363670065598,12.4166666667,15.8333333333
0.283813597696,13.9166666667,16.8333333333
0.327289413462,10.75,16.25
0.346300737677,11.3333333333,14.6666666667
0.359224034038,7.08333333333,12
0.354788473703,14.1666666667,17.0833333333
0.32716462031,8.75,15.1666666667
0.330090055958,10.25,14.4166666667
0.314223174542,14.9166666667,20.5
0.338858964789,12.5833333333,17.5
0.342464011616,8.91666666667,13.4166666667
0.270840767215,11.4166666667,15
0.33281342942,11.0833333333,16.25
0.315649657995,14.5833333333,18
0.299929319935,13.5,20
0.336979660397,11.1666666667,16.6666666667
0.381479614547,13.8333333333,17.75
0.298991186406,12.5,14.6666666667
0.334032433811,14.5833333333,20.6666666667
0.290952099349,15.0833333333,18.9166666667
0.395953876752,10.75,14
0.317813506828,7.83333333333,12.0833333333
0.309979080542,11.75,13.9166666667
0.305607082752,7,10.4166666667
0.333093889142,9.58333333333,13.4166666667
0.303860531047,8.91666666667,13.8333333333
0.353639464095,10.75,16
0.388864544295,13.75,16.4166666667
0.35723229415,10.9166666667,13.8333333333
0.332523596245,12.5,18.0833333333
0.296363484422,10.4166666667,15.6666666667
0.335375447855,13,18.9166666667
0.273891704283,12.9166666667,16.3333333333
0.32807460488,8.58333333333,10.25
0.328372084839,10.4166666667,15.3333333333
0.302594017975,11.8333333333,17.25
0.335426419292,13.1666666667,14.8333333333
0.349746060145,13,17.5833333333
0.30871094256,8.08333333333,16.9166666667
0.37557705171,10.75,14.1666666667
0.363666327751,11.75,16
0.316748367653,12.9166666667,16.3333333333
0.328752738673,16.6666666667,18.75
0.326539220045,12,14.0833333333
0.349783688212,10.4166666667,14.9166666667
0.326723114926,12.9166666667,19.0833333333
0.332453242799,11.5,16.0833333333
0.382212186937,9.58333333333,14.5833333333
0.381114523714,16.75,19.4166666667
0.30584741935,14.5,17.25
0.246549614727,14.9166666667,17.75
0.318172082535,7.5,12.1666666667
0.339465864878,9.58333333333,15.5833333333
0.367997568324,8.16666666667,13.5833333333
0.293400869646,15.1666666667,17.9166666667
0.334164911895,14,16.9166666667
0.357757285228,9.83333333333,15.8333333333
0.313650531966,12.5,15.8333333333
0.32123059894,11.0833333333,16.1666666667
0.345461881705,14.3333333333,19.5
0.339225764991,15,17.5833333333
0.337892557558,14.75,18.3333333333
0.36140697546,12.1666666667,16.5
0.335430165257,16.75,18.5833333333
0.366727929952,11.5,15.25
0.324464977804,11.8333333333,17.5
0.327882859423,11.1666666667,15.8333333333
0.316517536502,16.3333333333,18.9166666667
0.320203707907,10.3333333333,17
0.337191973517,10.4166666667,15.5833333333
0.297143758582,10.25,13.4166666667
0.338341670619,13.4166666667,17.75
0.357555271789,11.8333333333,17.3333333333
0.345302180923,13,16.4166666667
0.354490902953,13,18.75
0.314257838783,11.1666666667,16
0.302184132761,10.4166666667,14.5833333333
0.308151586179,10.8333333333,14.3333333333
0.33260431822,14.1666666667,17.8333333333
0.323961635918,9.25,14.6666666667
0.312799938408,13.5833333333,16.5833333333
0.335296729693,8.91666666667,13.9166666667
0.312863746563,14.5,17
0.330676134334,10.75,17.3333333333
0.371838296213,11.8333333333,17.0833333333
0.290866148352,10.0833333333,14.1666666667
0.294983721281,14.9166666667,20.75
0.368789841706,11.9166666667,19.6666666667
0.283348489154,8.41666666667,12.9166666667
0.352533099988,12.9166666667,17.25
0.346461103145,12.1666666667,16.0833333333
0.290681346422,10.8333333333,16.25
0.386319389634,10.4166666667,16.5833333333
0.288990155961,8.83333333333,13.6666666667
0.354790246967,13.6666666667,17.0833333333
0.307204471153,14,17.6666666667
0.276602911565,11.0833333333,15.8333333333
0.304736006116,12.3333333333,15.6666666667
0.322346348561,12.0833333333,16.1666666667
0.353145878766,10.3333333333,13.5833333333
0.286649353583,13.5,17.1666666667
0.30108901242,14.5833333333,18.25
0.256718934038,14.3333333333,18.5
0.325255560841,11.25,16.3333333333
0.293260075608,8.75,14.4166666667
0.296281699406,8.16666666667,11.6666666667
0.324530826379,14.6666666667,17.8333333333
0.286743873122,14.3333333333,16.75
0.341490271744,8,13
0.330227830717,10.8333333333,14.6666666667
0.298192944544,13.0833333333,16.5
0.378355892342,8.5,13.0833333333
0.348182449254,11.0833333333,16.6666666667
0.321463388822,7.83333333333,12.3333333333
0.339839656281,7.75,15.75
0.328837595748,11.75,14.8333333333
0.321265275302,7.91666666667,15.25
0.326056113435,10.75,15.0833333333
0.326074940525,10.6666666667,14.4166666667
0.308314572021,12.75,14.3333333333
0.346487754494,11,15
0.341734699631,12.75,16.0833333333
0.332758065712,9.58333333333,13.8333333333
0.320876146597,14.3333333333,18.25
0.308146207619,7.33333333333,13.8333333333
0.304901378364,10.6666666667,13.25
0.333979168977,11.75,16.9166666667
0.300081836946,9.83333333333,13.8333333333
0.321345599851,13.1666666667,18.5
0.327525511914,13.4166666667,17.0833333333
0.327982297846,15.5,18.0833333333
0.365128508641,11,16.8333333333
0.3167702583,10.75,16.5
0.337359309378,13.0833333333,18.25
0.306239772609,15.5,17.6666666667
0.37569428975,9.66666666667,13.8333333333
0.359965900116,13.1666666667,16.5833333333
0.380239686672,9,14.9166666667
0.324885451231,11.4166666667,16.8333333333
0.337940438191,11.9166666667,19.5833333333
0.416832561312,8,12.75
0.344685464434,10.3333333333,14.5833333333
0.347561511912,15,19
0.327349907322,13.75,18.5
0.315505989545,7.58333333333,14.5
0.296179042723,10.0833333333,10.9166666667
0.303050886802,11.0833333333,16
0.390185081167,18.1666666667,21.0833333333
0.347240453997,14,17.25
0.286986195496,13.6666666667,14.9166666667
0.372390553545,15.75,21.8333333333
0.364923675017,12.3333333333,16.5833333333
0.381037262875,14.4166666667,16
0.30008683606,14.3333333333,18.3333333333
0.318506609503,11.75,16.4166666667
0.361933548724,11.75,15.5833333333
0.337782988921,10.8333333333,12.9166666667
0.325821750382,15,20.1666666667
0.345435697373,11.5833333333,16
0.319622135657,7.66666666667,12.9166666667
0.376800358299,12.0833333333,16.25
0.345116846929,10.5833333333,14.1666666667
0.309023668786,9.66666666667,15.4166666667
0.357775248119,11.5833333333,17.1666666667
0.279290168727,11.4166666667,16.4166666667
0.350216626492,13.5,15.6666666667
0.376964159605,13.0833333333,17.0833333333
0.317226244149,14.25,19.0833333333
0.357123370819,9.91666666667,15
0.395839583376,8.75,14.9166666667
0.29831063946,14.5833333333,19.8333333333
0.297662983728,8.83333333333,14.9166666667
0.329853307819,9.75,13.5833333333
0.382329344402,12.5833333333,17.3333333333
0.317472901163,11.5,14.75
0.322685321216,11.5,15.5
0.363354164114,12.0833333333,16.8333333333
0.314260301798,10.25,16.0833333333
0.322312201741,11.25,15.5833333333
0.253757743897,14.5,17.5
0.339038969644,9.25,16.1666666667
0.316314210822,12.9166666667,17.5
0.324611743713,10,15.3333333333
0.339378640814,17.8333333333,23.75
0.310853656258,14.0833333333,18.75
0.291274799013,10.5833333333,14.9166666667
0.308013916639,15.0833333333,20.5
0.360486741825,11.8333333333,13.5833333333
0.384318585391,14.0833333333,17.9166666667
0.350208429702,10.5,14.75
0.308533324035,12.3333333333,17
0.390225586067,10.25,15.4166666667
0.366583931222,12.25,16.4166666667
0.327259321058,11.6666666667,15.5
0.350080630114,10.5833333333,13.4166666667
0.344235770667,12.75,14.3333333333
0.340656351427,17.25,22.9166666667
0.403278770112,9.08333333333,17.8333333333
0.294917449013,14.5,18.75
0.356305699152,13.3333333333,17.8333333333
0.311638583552,12.5,16.25
0.312065330314,16.25,20.4166666667
0.328220401533,11.25,16.9166666667
0.33458857908,11.75,14.5
0.359842912059,13.5833333333,16.4166666667
0.320062739921,12,15.6666666667
0.366979280221,11,13.9166666667
0.259988455017,13.8333333333,19.1666666667
0.37048246736,14.3333333333,18.1666666667
0.367213732074,9.08333333333,15.8333333333
0.345919432211,9.25,16
0.289300553196,12.8333333333,16.4166666667
0.33928454161,11.3333333333,15.5833333333
0.320160762651,14.1666666667,17.75
0.358204224194,9.91666666667,17.4166666667
0.376064527105,10.0833333333,16.6666666667
0.298316077234,12.4166666667,17.5833333333
0.372075108934,11.1666666667,14.1666666667
0.368295491208,12.6666666667,14.6666666667
0.277646891253,14.5,19.1666666667
0.3531172134,11.3333333333,17
0.319275531731,11.5833333333,17.25
0.316997229596,16,20.75
0.338845551017,13.6666666667,18.5
0.361391397489,14.6666666667,19.1666666667
0.296386569923,16.5,19.8333333333
0.364504680003,9.83333333333,14
0.332623244859,12.4166666667,16.3333333333
0.308114655716,10.5833333333,15.5833333333
0.317811755457,14.0833333333,16.5
0.316680240659,12.0833333333,15.1666666667
0.324197696129,10.4166666667,14.6666666667
0.314616386774,11.8333333333,17.4166666667
0.321062668106,9.5,14.6666666667
0.302630001417,13.25,18.1666666667
0.381613949215,16.9166666667,19.5
0.332860192587,8.66666666667,13.0833333333
0.269046761963,18.6666666667,21.5
0.349188260699,12,14.9166666667
0.32797726511,9.83333333333,13.9166666667
0.341381082639,12.3333333333,14.5833333333
0.321859244047,11.5833333333,15.1666666667
0.38884664272,10,15.25
0.28072011974,9.08333333333,12.5833333333
0.324403058987,14.0833333333,19
0.330606356252,13.8333333333,19.3333333333
0.357939107533,14,18.75
0.363837463676,9,14.1666666667
0.394525013305,6.91666666667,10.75
0.309283885231,13.25,18.8333333333
0.339311661892,9.58333333333,14
0.357841559075,10.6666666667,16.1666666667
0.367641638817,13.75,18
0.350731134593,13.75,17.4166666667
0.3350100502,12.9166666667,19.8333333333
0.278312544872,11.4166666667,16.75
0.35840704855,12.6666666667,16.1666666667
0.319195578268,18.6666666667,22.3333333333
0.30692181013,17.5833333333,19.6666666667
0.314791319394,12.0833333333,16.5833333333
0.410876528003,14.5,19.6666666667
0.32428464224,14.1666666667,17.75
0.404166156745,7.91666666667,13.9166666667
0.340167685394,10.4166666667,14
0.34062344657,11.75,17.3333333333
0.306309115804,12.4166666667,16.75
0.356712986829,10.25,15.0833333333
0.325942360738,11.3333333333,14.8333333333
0.393135938017,12.25,17.25
0.342238953491,12,14.75
0.364795289232,13.9166666667,18.9166666667
0.388006346067,9,16.9166666667
0.408700827769,13.4166666667,20.0833333333
0.322741105042,11.5833333333,14.5833333333
0.35215558268,11.3333333333,16.5833333333
0.379514920359,14.4166666667,17.5
0.383514649524,12.75,17.5833333333
0.317209693629,12.5833333333,17.6666666667
0.338791219261,14.5,18.5833333333
0.329391700872,14.9166666667,20.6666666667
0.352217702326,8.75,14.3333333333
0.33266191954,9.91666666667,13.3333333333
0.358712669623,11.25,13.3333333333
0.296962202988,12.75,17.5833333333
0.343028899497,11.25,15.6666666667
0.30693182646,12,15.5833333333
0.305781706035,8.75,15.4166666667
0.278105816301,14.25,17.6666666667
0.268574586628,14.5,17.25
0.307692381228,11.5,18.3333333333
0.30677356808,11.3333333333,15.1666666667
0.330895526772,14.8333333333,21.3333333333
0.326079797177,13.25,17
0.328144839846,12.5,16.4166666667
0.338153027345,13,16.75
0.334157109733,11.0833333333,14.3333333333
0.333428116521,13.5,18.75
0.320009773962,11.0833333333,14.75
0.290404187531,12.9166666667,18.9166666667
0.366337816438,10.25,16.4166666667
0.30862750567,12.8333333333,14.6666666667
0.332387408546,12.25,15.8333333333
0.287187584338,15.75,20.8333333333
0.341356901371,9,15.25
0.315327922088,9.66666666667,13.75
0.343714421549,9.08333333333,13.5
0.332251049101,10,15.8333333333
0.323539078626,9.66666666667,14.5
0.33787402095,11.4166666667,15.9166666667
0.271865110279,12.75,16.9166666667
0.386743157313,11.9166666667,16.1666666667
0.323460763542,12.4166666667,16.1666666667
0.351595171009,12.5,17.4166666667
0.306233255655,10.25,14.9166666667
0.302018168343,14,19.4166666667
0.286960971427,10.8333333333,16.8333333333
0.341174628628,6,12.5
0.255571190252,12.5,17.5
0.334053100394,14.25,17.5833333333
0.287957519798,15,17.25
0.384877450159,12.3333333333,17.1666666667
0.307432516465,11.4166666667,15.1666666667
0.308366504137,8.5,14
0.335743321806,9.25,14.0833333333
0.32522341629,9.5,14.8333333333
0.31433283698,9.41666666667,14.6666666667
0.330952513811,10.5,12.4166666667
0.280271369191,12.0833333333,18.25
0.368277384902,10.3333333333,16.1666666667
0.292034765864,12.8333333333,16.1666666667
0.332893095193,14,18.6666666667
0.27555811084,10.25,15.5
0.33606603373,11.75,15.9166666667
0.348009714756,10,14.9166666667
0.325335926265,12.8333333333,13.5833333333
0.307813447213,8.91666666667,15.8333333333
0.319884608088,9.16666666667,12.75
0.360114889201,9.41666666667,11.4166666667
0.328486429428,11.1666666667,15.8333333333
0.347850017775,13.6666666667,15.5833333333
0.359948143064,10.25,16.4166666667
0.36800968444,12.5,17.25
0.321287155071,12.3333333333,15.25
0.299250935255,12,16.9166666667
0.314563022826,12.75,16.4166666667
0.276663550809,16.9166666667,20
0.300056531001,10.5,13.9166666667
0.375273520788,10.9166666667,16
0.320313197624,12.1666666667,16.1666666667
0.30956779636,10.5,16.5
0.296419628945,14.4166666667,15.5833333333
0.293486616951,9.5,13.4166666667
0.307551986872,13.75,19.6666666667
0.377557145406,10.25,15
0.361639008877,15,18.5
0.359949476681,9.83333333333,13.25
0.325106077512,14.0833333333,16.5
0.383642504883,12.8333333333,15.8333333333
0.371036542941,11.1666666667,15.9166666667
0.303904463843,14.75,19.25
0.33589840667,10.4166666667,14.1666666667
0.348323241376,8.91666666667,14.9166666667
0.332619557459,11,18
0.353380415626,11.9166666667,16.5
0.368564734818,12.6666666667,15.25
0.297509507684,14.1666666667,18.5833333333
0.303991265363,14.5833333333,17.3333333333
0.297425172284,11.25,15.6666666667
0.315297226451,7.58333333333,12.25
0.337647078618,15,18.3333333333
0.326245518606,12.75,18.25
0.306884467568,13.1666666667,18.3333333333
0.328787595556,12.8333333333,18.0833333333
0.397834498318,10.0833333333,15.8333333333
0.345041173128,13.75,16.5
0.334967865845,13.4166666667,18.75
0.30063710737,11.4166666667,16.25
0.305995964648,12.4166666667,16
0.341222268658,11.9166666667,16.25
0.384058507922,14.0833333333,18.9166666667
0.338645895047,10.5833333333,16.5
0.280060160126,11.8333333333,18.1666666667
0.33493437358,13.75,21.9166666667
0.323861155951,11.9166666667,16.0833333333
0.30509738317,9.08333333333,14.6666666667
0.360959360426,11.5,18.4166666667
0.354926060786,11.8333333333,17.4166666667
0.356836961715,11.5833333333,14.1666666667
0.354766346099,15.5,20.5833333333
0.349528757809,11,15.25
0.318550439448,12.75,15.25
0.295654403893,11.4166666667,17.25
0.310510775568,12.4166666667,15.1666666667
0.330913233914,14.1666666667,15.9166666667
0.316122391075,16.9166666667,20
0.350112233948,11.1666666667,15
0.327947639675,15,17.5833333333
0.351591818219,12.25,14.5833333333
0.33078274606,15.75,18.5
0.350213134194,9.41666666667,13.75
0.347612127586,12.1666666667,15.1666666667
0.322135627703,13.8333333333,18.5
0.349621453422,12.1666666667,15.25
0.347230881359,10.5833333333,15.75
0.317264140778,14.9166666667,20.1666666667
0.389178387605,12.5,15.8333333333
0.356961049202,8.25,13.6666666667
0.318256403699,10.5,15.75
0.396961177126,7.5,15.3333333333
0.325709126184,11.8333333333,17.8333333333
0.358215302084,7.25,13.5833333333
0.388038391445,13.5,18.6666666667
0.300819489713,11.75,15.9166666667
0.360174197838,14.25,17.9166666667
0.283552541778,13.5833333333,16.75
0.335403136174,8.41666666667,16.1666666667
0.322753575379,13.9166666667,15.25
0.317852734403,14.1666666667,16.4166666667
0.391008311982,11.6666666667,17.0833333333
0.253901726442,8.41666666667,14.75
0.326397366449,12.6666666667,17.1666666667
0.336669802303,14.25,18.5833333333
0.396320726091,14.0833333333,16.25
0.304592276075,10.25,14.4166666667
0.372734595846,16.75,23.3333333333
0.344486734025,10,14.9166666667
0.259731688938,11.25,15.5833333333
0.326580871366,11.25,15
0.351183454366,12.25,16.0833333333
0.302188714653,10.8333333333,15.75
0.380433363116,8.08333333333,12.25
0.361859062778,14.8333333333,18.5833333333
0.365238342193,9.08333333333,14.4166666667
0.370330983234,15.4166666667,20.8333333333
0.324392466673,12.25,16.25
0.375825827531,10.3333333333,16.75
0.33837351207,15.5,17.1666666667
0.362814242351,12.5,17.5
0.360707202478,11.5,16.5
0.255204815529,14.8333333333,17.5
0.285903150013,9.08333333333,14.6666666667
0.282178750265,12.6666666667,17
0.367110835657,14.5833333333,17.6666666667
0.364445671976,8.83333333333,15.1666666667
0.379221425456,15.25,17.8333333333
0.368143841528,11.6666666667,14.5833333333
0.306042056089,13.9166666667,16.3333333333
0.324926146281,17.5833333333,20.5
0.350533934928,13.6666666667,17.5833333333
0.31399389367,14.9166666667,16.5833333333
0.334693726297,12.1666666667,17.3333333333
0.368965575563,12.0833333333,12.8333333333
0.359427700852,8.83333333333,13.3333333333
0.327496860254,11.4166666667,14.25
0.320255632123,11.8333333333,15.25
0.312307410351,12.0833333333,15.0833333333
0.327837190504,11,13.1666666667
0.346597918388,14,19
0.317474702562,9.41666666667,13.5
0.323304523772,12.8333333333,15.4166666667
0.310877106554,13.8333333333,18.8333333333
0.292015450105,8.75,13.6666666667
0.31503499574,8.5,14.9166666667
0.344499749176,9.25,14.5
0.306806781275,13.25,15.9166666667
0.335889588068,12.6666666667,16.5
0.307071579616,8.5,13.5833333333
0.353108871438,9.16666666667,13.4166666667
0.361228987604,13.3333333333,16.0833333333
0.308379015456,14.0833333333,17.3333333333
0.309074145403,10.5,17.1666666667
0.333658988262,14.3333333333,16.5
0.287330558224,13.3333333333,18.25
0.326853421422,6.91666666667,12.9166666667
0.267785917158,12.8333333333,16.25
0.338055803793,11.4166666667,16.75
0.342630046915,12.1666666667,15.5
0.322373822425,11.6666666667,16.1666666667
0.324306286128,9.83333333333,14.9166666667
0.278037917923,12.75,18
0.338559257589,8.16666666667,12.8333333333
0.346802675083,8.91666666667,14.0833333333
0.296719527363,14.6666666667,17.9166666667
0.329241655306,9.58333333333,15.8333333333
0.345194514844,10.9166666667,15.3333333333
0.287628441353,8.16666666667,12.5833333333
0.350903095625,12.9166666667,16.5833333333
0.346541968553,10.0833333333,14.6666666667
0.37296490589,13.6666666667,17.1666666667
0.298791191862,12.3333333333,14.5
0.349327007692,12.75,16.25
0.320804162523,11.75,16.5
0.32903882921,8.41666666667,15
0.282063057904,8.83333333333,14.75
0.28164059491,14.25,19.5
0.334535188966,9.16666666667,14.5833333333
0.30587438131,13.8333333333,17.8333333333
0.321382019429,16.3333333333,19.75
0.310679829241,12.6666666667,15.3333333333
0.340957768418,10.75,14
0.299780414876,12,14.0833333333
0.338309932748,6.91666666667,12.5833333333
0.329298990567,7.58333333333,13.3333333333
0.322543246371,10.25,17.1666666667
0.309212687714,8.16666666667,15.8333333333
0.309688238909,6.16666666667,10.0833333333
0.310798208668,14.5833333333,19.0833333333
0.341645157373,12.0833333333,17
0.338334080837,11.0833333333,17.5
0.346007968038,9.58333333333,15.75
0.386463104326,12,15.0833333333
0.323698270511,9.83333333333,14.1666666667
0.331337464251,11.1666666667,13.9166666667
0.359726941724,8.41666666667,12.1666666667
0.307076337799,7.08333333333,12.5
0.340321412171,12.8333333333,16.0833333333
0.332084614228,7.91666666667,14.0833333333
0.262245345193,12.4166666667,16.1666666667
0.370945212005,11.6666666667,16.1666666667
0.377021193476,10.0833333333,14.75
0.323920631971,8.91666666667,13.8333333333
0.358338282417,12,15.5
0.338317278728,14.5,17.75
0.343396335179,13.9166666667,17.5833333333
0.357805923825,10.1666666667,15.0833333333
0.290787984775,10.1666666667,14.3333333333
0.330178434961,13.8333333333,19.0833333333
0.309409614167,12,15.6666666667
0.343075653629,14.6666666667,16.5
0.269251897443,12.1666666667,16.9166666667
0.299927303039,6.25,11.3333333333
0.301561147727,13.6666666667,19.0833333333
0.335888680363,13.75,18.75
0.344505550431,11.25,14.0833333333
0.36049324485,10.8333333333,12.6666666667
0.368014239069,7.83333333333,14.5
0.320883198216,13.1666666667,18.0833333333
0.349880800479,9.5,13.9166666667
0.319113905563,12.5833333333,15.1666666667
0.28560332812,9.25,13.3333333333
0.341481072595,12,17.25
0.338354992688,15.1666666667,18.6666666667
0.362758230989,9.83333333333,17.4166666667
0.344990429424,10.3333333333,14.9166666667
0.335337366164,11.3333333333,15.8333333333
0.33341644872,10.75,17.25
0.328392566705,10.1666666667,13.9166666667
0.349133496086,12.4166666667,17.1666666667
0.359161099606,13.75,15.4166666667
0.310681844314,8.16666666667,12.4166666667
0.330236841332,12.5833333333,17.0833333333
0.338833413533,11,16.1666666667
0.350835271664,14.4166666667,19.25
0.321945532225,12.0833333333,16.3333333333
0.322242155401,8.5,13.1666666667
0.304082874581,9.08333333333,14.5833333333
0.339518382468,11.5,15.5
0.34914402009,13.5833333333,16.1666666667
0.304414516207,14.4166666667,16.8333333333
0.347697692329,8.33333333333,14.0833333333
0.351903863335,14.25,17.3333333333
0.357787387892,12.4166666667,16.3333333333
0.368312884855,12,17.4166666667
0.272791211545,10.1666666667,13.8333333333
0.324741204301,8.41666666667,15.3333333333
0.35089829522,15.3333333333,17.8333333333
0.319736677044,9.91666666667,15.1666666667
0.289069160434,12.0833333333,17.4166666667
0.358359409987,7.91666666667,15.6666666667
0.331134177893,14.4166666667,17.9166666667
0.329072681013,17.3333333333,21.4166666667
0.358540020382,10.3333333333,14.0833333333
0.365646564914,11.4166666667,13.5
0.342584292153,14.25,20.1666666667
0.303843256703,15.25,18.9166666667
0.343051886918,14.1666666667,18.25
0.336166403091,10.3333333333,13.8333333333
0.300584226965,13,16.4166666667
0.341174978791,12.4166666667,16.1666666667
0.274156500331,10.5,16.0833333333
0.340331762606,12.8333333333,18.9166666667
0.335923354252,9.08333333333,13.8333333333
0.343646973884,9.58333333333,15.75
0.28147068846,11.6666666667,15.1666666667
0.289429309136,13.8333333333,16.6666666667
0.302233996919,11.3333333333,15.1666666667
0.315685621115,8.83333333333,13.25
0.353459182107,9.58333333333,14
0.317080225105,11.5833333333,16.1666666667
0.342852660735,12.25,16.75
0.372721558137,11.6666666667,15.9166666667
0.364972381236,13.3333333333,16.5833333333
0.293165731361,12.4166666667,17
0.292890420234,13.1666666667,19.4166666667
0.254789704171,10.1666666667,13
0.351588416464,11.5,14.5833333333
0.274284637635,11.1666666667,14.5833333333
0.322631237229,11.6666666667,17.1666666667
0.313143205875,13.1666666667,15.5833333333
0.32425727074,12.25,18.6666666667
0.311532726464,11.5833333333,15.3333333333
0.318350268748,16.5,20.5833333333
0.340961265518,15.75,19.1666666667
0.322901099175,10.5,15.3333333333
0.314546154465,10,15.9166666667
0.301444747378,11.3333333333,15.4166666667
0.400546611041,10,14.1666666667
0.335178569805,14.0833333333,18.8333333333
0.325010204793,11.25,16.3333333333
0.356556565955,10.75,13.8333333333
0.338387851499,11.9166666667,18.5
0.336941719721,10.25,13.5833333333
0.311237661569,9.41666666667,14.1666666667
0.332693018239,14.0833333333,17.4166666667
0.300152187489,13.5833333333,17.1666666667
0.342378590145,13.25,16.6666666667
0.269522625053,15.0833333333,19.4166666667
0.329568452751,12.0833333333,16.5
0.304014134248,12.5,18.9166666667
0.334609081063,11.8333333333,15.25
0.327942332115,15.3333333333,18.25
0.289145563944,13.4166666667,18.5833333333
0.342688742008,13.9166666667,19.3333333333
0.325689285637,15.5833333333,20.3333333333
0.34018503985,11.8333333333,16.9166666667
0.311818901793,9.16666666667,14.1666666667
0.31350216024,14.0833333333,15.8333333333
0.361172387882,9.66666666667,17.5
0.318553449106,16.5833333333,20.6666666667
0.274217995616,12,15
0.318488850114,14.5833333333,18.75
0.327972702631,10.5833333333,16.6666666667
0.26866006608,12.4166666667,17.9166666667
0.370636518792,13.4166666667,19.4166666667
0.315090607624,14.25,18.3333333333
0.393547863521,9.33333333333,13.8333333333
0.294419269755,14.5833333333,19.25
0.305821087396,14,17.9166666667
0.342074270101,10.4166666667,14.5
0.293658949649,15,18
0.34162014942,15.75,17.4166666667
0.345710615625,9.16666666667,13
0.315261792877,10.9166666667,16.4166666667
0.341711113226,14.4166666667,17.3333333333
0.363064190942,10,17.5833333333
0.283567197292,12.5,15.3333333333
0.318210636525,8.5,16.1666666667
0.367264130644,12,18.5833333333
0.356678766945,15.25,19.1666666667
0.318308735921,12.5833333333,18.3333333333
0.306025679607,11.8333333333,18.5833333333
0.336157377073,10.5833333333,17.8333333333
0.323619154541,10.3333333333,15.5
0.311666851525,12.5,12.8333333333
0.365066310179,11.5833333333,16.4166666667
0.309820644528,11.4166666667,16.5833333333
0.326687046407,11.25,15.6666666667
0.2887490646,12.9166666667,17.5833333333
0.380972982951,10.5,15.5
0.334047176645,15.0833333333,19.9166666667
0.33534989043,12.8333333333,16.4166666667
0.307943580924,10.8333333333,16.75
0.361029019912,16.25,18.5833333333
0.319515118682,10.6666666667,16.5833333333
0.333945268303,15.5,17.4166666667
0.313606637976,11,15.5833333333
0.349804769216,12.8333333333,17.0833333333
0.342084884745,11.9166666667,17.25
0.325282881656,15.25,17.6666666667
0.337444680203,11.1666666667,15.4166666667
0.372320980452,11.1666666667,14.6666666667
0.327817500454,11.75,14.9166666667
0.38456428779,8,14.5833333333
0.328423524389,15.6666666667,20.6666666667
0.280811526022,13,16.6666666667
0.308606220144,11.3333333333,14
0.338698530217,10.0833333333,13.6666666667
0.342385220464,15.1666666667,18
0.34777626476,11,16.8333333333
0.272842700255,12.6666666667,18.1666666667
0.31411987311,13.3333333333,17.3333333333
0.322788893013,13.3333333333,15.9166666667
0.286630484272,6.83333333333,12.5
0.368650241969,11.25,14.5
0.319156546244,14.75,18.25
0.320596290498,9.66666666667,14.8333333333
0.321117779772,12.3333333333,16.0833333333
0.306132268133,15.8333333333,20.3333333333
0.306221568919,14.1666666667,20.1666666667
0.343534758154,10,14.3333333333
0.384602843453,8.25,13.5833333333
0.342075868883,13,16.6666666667
0.309545491368,14.5,17.9166666667
0.342663196461,10.0833333333,13
0.322256305901,14.5833333333,19.6666666667
0.324143096018,11.0833333333,16.5
0.331094778508,10.5,14.9166666667
0.305634019217,14.3333333333,16.4166666667
0.316111557361,10.6666666667,13.9166666667
0.287150860824,10.8333333333,14.1666666667
0.336054507206,9.33333333333,14.1666666667
0.320560855674,10.25,16
0.366897937863,11.5,14.8333333333
0.299214477844,9.58333333333,14.25
0.333249016555,12.75,17.0833333333
0.287225947591,13.5833333333,16.3333333333
0.351579700166,15.5833333333,19.6666666667
0.342868865258,9.66666666667,15.75
0.37486039643,12.0833333333,17.5
0.350072464595,11.5833333333,18
0.353602266424,10.9166666667,16.5
0.365595695796,11.5,15.8333333333
0.322062521074,12.5833333333,18.0833333333
0.260256127412,14.4166666667,16.0833333333
0.310666354912,12.9166666667,17.75
0.309984790562,16.9166666667,19.9166666667
0.32843482579,9,13.5
0.380204871771,13.5833333333,17.4166666667
0.318642696324,10,15.75
0.414239111079,10,16
0.353823728807,9.25,15.6666666667
0.351690161639,7.5,14.75
0.36411478792,8.33333333333,12.3333333333
0.328962988643,8.25,12.4166666667
0.37588852196,7.5,14.9166666667
0.320935250579,18.75,21.5833333333
0.33210743579,12.75,17.4166666667
0.341621763802,9.5,14.5833333333
0.29727603654,13.25,16.9166666667
0.315615271625,11.6666666667,16.5
0.352079113004,7.83333333333,15.5
0.340775859816,13.25,19.3333333333
0.332694190179,9.58333333333,14.5
0.323881758917,14,18.4166666667
0.412313995576,11.75,17.75
0.311047462452,9.83333333333,16.4166666667
0.379820107341,10.1666666667,13.75
0.336255774217,11.5,15.3333333333
0.337095287425,12.0833333333,17
0.383589853606,9.83333333333,15.75
0.327446735428,13.0833333333,17.25
0.310345576046,14.75,17.8333333333
0.241812983133,10.9166666667,14.5
0.306814302547,12.9166666667,16.5833333333
0.359271591236,12.6666666667,18.0833333333
0.294905362909,12.5833333333,15.5
0.343777151631,13.5,17.6666666667
0.373235111675,13.5,16.25
0.361540429984,12.75,18
0.278457419393,13.25,16.75
0.276566591469,11.5833333333,17.0833333333
0.352715259379,12.8333333333,15.8333333333
0.299306860891,6.91666666667,10.5833333333
0.322889850797,9.58333333333,13.4166666667
0.376548278829,10.75,14.3333333333
0.316498356278,6.5,13.8333333333
0.291772674584,12,17.75
0.357551643942,14.6666666667,20.3333333333
0.347491478047,10.4166666667,16.5
0.316842765,9.5,13.3333333333
0.328269681433,16.25,18.8333333333
0.308840683026,10.75,13.5
0.331328548386,8.91666666667,12.6666666667
0.321566275119,12.6666666667,16.6666666667
0.323719148677,14.5833333333,19.9166666667
0.317511845105,12.1666666667,15.4166666667
0.341602409287,15.5833333333,20
0.37004997373,10.6666666667,16.5833333333
0.367526100213,13.4166666667,19.0833333333
0.353893626857,11.75,16.5
0.295508795123,14.5,17.8333333333
0.387408086862,15.1666666667,20.3333333333
0.344727276933,10.1666666667,14.4166666667
0.355893102992,9.33333333333,14.5833333333
0.279621608532,10.5,15.0833333333
0.344814260678,10.75,14.0833333333
0.312597282969,9.25,14.75
0.347058233581,10.3333333333,16
0.319846219948,14.1666666667,19.0833333333
0.364063883241,14.8333333333,16.4166666667
0.268572822928,13.9166666667,18.75
0.295848734856,10.4166666667,12.9166666667
0.348827881743,14.8333333333,18.1666666667
0.337128092879,13.1666666667,19.4166666667
0.341640290704,8.41666666667,11.5833333333
0.336948679135,13.8333333333,18.4166666667
0.350109384387,13.4166666667,19.25
0.290218943477,11.5833333333,17
0.351674919014,9.66666666667,14.4166666667
0.309297768884,13.9166666667,17.5
0.327136352889,12.6666666667,18.0833333333
0.376611415483,7.41666666667,13.9166666667
0.326667731556,9.83333333333,13.5833333333
0.324864309507,11.75,15.75
0.382591079402,12.1666666667,16.3333333333
0.343187165494,14.4166666667,19.5833333333
0.406464438854,11.4166666667,16
0.338237501135,10.5833333333,13.5
0.37393141948,8.58333333333,15.8333333333
0.361955759944,17.0833333333,20.5833333333
0.323466221055,12,16.25
0.290725374518,11.25,15.4166666667
0.370790927535,11.3333333333,15.75
0.300491130934,14,17
0.295644063931,12.25,16.8333333333
0.341411835789,14.1666666667,18.1666666667
0.341936457626,12.6666666667,14.8333333333
0.346143107533,12.0833333333,16.6666666667
0.280911070717,13.5833333333,20.3333333333
0.33851054102,12.4166666667,15.6666666667
0.361404655776,9.58333333333,14.1666666667
0.28320898013,14.5,17.1666666667
0.398421820836,12.3333333333,15.5833333333
0.307226417433,10.4166666667,14.1666666667
0.335561097164,13.8333333333,19.3333333333
0.328358680931,9,12.3333333333
0.347639292094,10.9166666667,15.25
0.305579491294,10.6666666667,14.3333333333
0.329947867559,8.16666666667,12.8333333333
0.350204284036,13.75,16.1666666667
0.326705223129,13.25,16.5833333333
0.32767165907,12,16.3333333333
0.370280884204,17.5,21.25
0.316050231979,9.41666666667,15.0833333333
0.378208136491,9,13.75
0.372440571829,5.33333333333,12.8333333333
0.316720602884,8.91666666667,13.0833333333
0.363725702156,13,18.0833333333
0.378213908025,13.5,16.0833333333
0.306428096901,11.5833333333,15
0.324956263154,12.5,15.8333333333
0.373215087584,12.9166666667,16.0833333333
0.300067180002,10.75,15.1666666667
0.3503447202,10,15.8333333333
0.334512069168,11.6666666667,16.25
0.364949237044,9.66666666667,14.5833333333
0.349596349596,9.16666666667,14.9166666667
0.29485988791,13.0833333333,18.6666666667
0.306724222424,13.3333333333,16.5
0.312694088048,12.25,16.5
0.315231155926,15.25,17.3333333333
0.346623832742,11.6666666667,16.5833333333
0.326108236464,15.5833333333,19.75
0.350319950459,12.6666666667,20
0.299986596175,9.25,13.3333333333
0.261459297422,9.5,12.9166666667
0.346123945558,9.16666666667,12.6666666667
0.305974548658,9.5,16.8333333333
0.2902442993,11.25,15.9166666667
0.309789228472,12.25,14.3333333333
0.322432401886,10.75,14.8333333333
0.364933320362,10.5,15.75
0.321564546352,10.8333333333,15.3333333333
0.270564076444,14.25,16.8333333333
0.287597953796,13.5833333333,17.0833333333
0.3224526041,9,14.4166666667
0.3333853604,10.5,14.6666666667
0.359837741066,9.08333333333,17.8333333333
0.317707750289,13,17.0833333333
0.334349159855,12.0833333333,15.9166666667
0.376300811051,12.8333333333,16.9166666667
0.288072055678,12.5,16.9166666667
0.276462778875,12.3333333333,17.75
0.324746735314,10.4166666667,16.3333333333
0.341963268175,11.5833333333,16.5
0.315396004825,12,18.4166666667
0.327558773472,10.3333333333,13.8333333333
0.360994456742,9.91666666667,14.25
0.373121636288,9.66666666667,13.4166666667
0.332787013427,11.25,16.4166666667
0.293858400923,13.25,14.0833333333
0.367294710821,8.33333333333,10.5833333333
0.31174738369,14.5,17.25
0.331699896652,12.8333333333,15.0833333333
0.324992852279,13.3333333333,18.3333333333
0.347275123369,10.6666666667,14.0833333333
0.310477974401,15.75,20.0833333333
0.319515118682,14.0833333333,17.25
0.331420504676,14,19.6666666667
0.344791572637,16.75,20.4166666667
0.336642041202,8.08333333333,13.75
0.290408812674,11.5,16.0833333333
0.342835610603,9.91666666667,13.3333333333
0.321722073793,14.1666666667,16.25
0.310331832517,12.6666666667,16.1666666667
0.306821641315,9.58333333333,14
0.318172213572,12.9166666667,18.0833333333
0.295992690548,8.83333333333,14
0.330358264625,14.3333333333,18.6666666667
0.296588279585,9.58333333333,12.3333333333
0.272694291345,14.5,19
0.313367395331,10.9166666667,14.75
0.365715134156,11.4166666667,14.9166666667
0.324374378233,10.8333333333,16.75
0.274817512169,14.5,18.25
0.318893306074,10.5,15.5833333333
0.346708346756,12,15.4166666667
0.348160504411,8.5,12
0.30412135872,9.08333333333,13.6666666667
0.299181986901,13.8333333333,18.5
0.343153933324,10.5833333333,17
0.324227331807,10.1666666667,14.3333333333
0.335070457188,14.0833333333,17.3333333333
0.344669692151,10.9166666667,15.25
0.388203890981,12.5,17.3333333333
0.340814333452,13.75,15
0.259290479015,13.0833333333,16
0.350704624588,11.0833333333,16.6666666667
0.32108951591,12,17.5
0.372620994537,10,15.75
0.348681757681,9.16666666667,16.8333333333
0.367073024588,14.3333333333,19.5
0.321388983545,11.6666666667,16.25
0.302015015512,13.5,17.8333333333
0.353393196429,14,17.6666666667
0.305927571977,14.5833333333,19.25
0.323539526566,10.6666666667,16.8333333333
0.330484183885,12.0833333333,17.8333333333
0.346180616558,10.0833333333,14.3333333333
0.328780031423,11.3333333333,16.4166666667
0.277564339661,13.3333333333,16.8333333333
0.348481346691,14.1666666667,16.4166666667
0.380710178775,14.1666666667,16.8333333333
0.318236021575,13.1666666667,17.4166666667
0.374500687328,7.08333333333,13.5833333333
0.301670791769,11.1666666667,13.5
0.30440311965,14.6666666667,18.4166666667
0.3312640194,9.25,13
0.399918152684,8.08333333333,13.25
0.365569935694,10.75,17.1666666667
0.346355865499,10.9166666667,14.5
0.343372837774,9.91666666667,12.9166666667
0.327561751603,14,21.3333333333
0.31765987327,13.25,14.4166666667
0.332214535175,13.4166666667,16.5833333333
0.371443146293,14.3333333333,18.9166666667
0.348177808861,10.0833333333,15.5833333333
0.314101441914,9.91666666667,17.3333333333
0.378430981872,11.5,15.4166666667
0.305528338321,8.58333333333,14.9166666667
0.314516264638,11.5833333333,16.3333333333
0.28028402182,12.4166666667,18.5
0.404344442389,7.75,14.5833333333
0.312251532108,10.25,16.5833333333
0.353390642723,13.1666666667,19.6666666667
0.395604981499,13.3333333333,17.75
0.367293639933,8.33333333333,13.3333333333
0.308823058447,10,15.3333333333
0.363244028789,14.5833333333,18.75
0.337984975501,10.0833333333,16.1666666667
0.329883332765,16.5833333333,19.0833333333
0.279037954901,12.1666666667,18.8333333333
0.327160493827,12.3333333333,15.9166666667
0.334330803733,11.1666666667,15.3333333333
0.320629596622,9.83333333333,17.5
0.34643721542,13.6666666667,15.8333333333
0.318581753586,12.6666666667,18.3333333333
0.320016498197,12.5833333333,18.3333333333
0.324183251722,9.5,14.9166666667
0.343497799641,10.9166666667,15.0833333333
0.284613741777,8.75,12.0833333333
0.293682995015,11.4166666667,16
0.36061768693,8.66666666667,15
0.307565287813,12.0833333333,16.4166666667
0.360202930668,14.75,18.6666666667
0.282988209985,11.75,19.0833333333
0.287575494531,17.5833333333,20.3333333333
0.364613235666,9.41666666667,15.6666666667
0.3103440038,13.0833333333,18.3333333333
0.292295855244,13.6666666667,17.0833333333
0.274150883975,17.25,17.9166666667
0.284408242918,12.9166666667,18.25
0.382915395634,12.1666666667,16.8333333333
0.337929958892,13.5833333333,19.5
0.331525057744,14.6666666667,17.9166666667
0.336576863946,9.41666666667,14.6666666667
0.369901941993,11.5833333333,17.75
0.34189733336,11.6666666667,16.0833333333
0.360407757714,11.75,17
0.29582517365,11.8333333333,15.1666666667
0.316020638,11.5833333333,15.4166666667
0.338463903285,15.5833333333,18
0.355658730845,9.25,15
0.349004041123,11.25,16.5833333333
0.328862676661,15.6666666667,18.9166666667
0.335993390711,12.1666666667,15.9166666667
0.315936504671,12.1666666667,16.1666666667
0.330433059519,10.3333333333,16.6666666667
0.313877960259,13.8333333333,16.25
0.38732462174,12.3333333333,16.75
0.405494904419,13.5833333333,16.25
0.316579541893,10.5833333333,17
0.356086202078,15.8333333333,21.4166666667
0.269372324558,10.5833333333,16.8333333333
0.343384008378,12.8333333333,15.6666666667
0.316575067175,10,15.5
0.330509498852,11.9166666667,19.6666666667
0.370486626712,7.33333333333,16.9166666667
0.331743578291,11.4166666667,16.5833333333
0.303844170047,11.6666666667,15.75
0.282636897348,11.4166666667,16
0.37188321333,10.1666666667,15.9166666667
0.361433539457,9.5,15.5833333333
0.333012178092,13.5833333333,18.9166666667
0.357635728717,9.5,14.8333333333
0.308995286447,9.16666666667,13.5833333333
0.341144758204,12.5,16.0833333333
0.303450071632,12,18
0.32622114515,11.8333333333,16.6666666667
0.339874904855,11.9166666667,17.0833333333
0.292402231038,14.75,18.5
0.343233768997,9.08333333333,15.1666666667
0.368782196947,14.5833333333,19.1666666667
0.349415460903,10.9166666667,16.5833333333
0.310501965355,13.0833333333,15.75
0.333706542568,7.83333333333,14.0833333333
0.334123836589,14.4166666667,18.25
0.26705281379,13.5833333333,17.25
0.307009065827,11.75,15.5833333333
0.35466281728,12,14.8333333333
0.350204284036,14.0833333333,18
0.389642145241,10.3333333333,16.0833333333
0.34824797895,12.75,17.75
0.33831760965,12.3333333333,15.4166666667
0.365482784543,9.08333333333,13.9166666667
0.310872666365,10.1666666667,14.25
0.331199628536,12.5,14.25
0.32930890967,8.75,14.5833333333
0.366451954389,10.9166666667,16.9166666667
0.375079682708,11.75,15.1666666667
0.317711242425,10.6666666667,14.5833333333
0.323375939769,12.5,16.75
0.346568174823,13.4166666667,17.5
0.283934817848,10.8333333333,15
0.331387193195,14.9166666667,16.5833333333
0.308524666263,11.5,15.25
0.370723523098,12.6666666667,16.5
0.344026831028,15.3333333333,19.8333333333
0.234667969959,12.5833333333,17.75
0.329553971899,12.5,17.75
0.341229882956,11.3333333333,17.1666666667
0.324766047186,12.4166666667,15.4166666667
0.326479375657,10.75,15.5833333333
0.333054718898,15.4166666667,21.9166666667
0.34031528935,9.58333333333,13.1666666667
0.351825641147,13.1666666667,19
0.348073473991,12.5,17.25
0.374307140852,12.1666666667,18.0833333333
0.39310256646,10.8333333333,13.75
0.298941233227,11.9166666667,15.6666666667
0.280059111768,15.6666666667,19.75
0.406297428364,10.5,15.25
0.361288347704,8.41666666667,13.8333333333
0.352908557686,13.5833333333,16.5
0.33734492657,13.8333333333,17.4166666667
0.337659601125,12.3333333333,16.0833333333
0.356320810639,9.66666666667,14.8333333333
0.30726974054,13.0833333333,16.5
0.367958862463,10.5,17.25
0.333496592589,6.83333333333,11.4166666667
0.30404007055,14.75,17.5833333333
0.321645183439,11.3333333333,16.0833333333
0.338989781899,13,17.4166666667
0.306493663455,9.08333333333,14.3333333333
0.353108062909,11.6666666667,15.5833333333
0.317058008853,13.3333333333,16.25
0.366079302185,14.0833333333,18.75
0.27349871574,12.5,18.0833333333
0.348663248091,11.6666666667,15.3333333333
0.295971575963,15.0833333333,20.25
0.31915923742,12.75,17.0833333333
0.300592870703,10.4166666667,13.75
0.383474089602,13.3333333333,17.25
0.319676453446,12,14.25
0.306010028239,10.5,16.8333333333
0.319239006366,13.1666666667,18.9166666667
0.369004883413,13.75,15.0833333333
0.330088990941,13.9166666667,16.9166666667
0.36372358255,9.83333333333,15.5833333333
0.355281472354,14.5,18.75
0.3531172134,17.0833333333,19.9166666667
0.296413029363,10.25,15.75
0.331058752843,9.25,16.0833333333
0.338420230902,12,16.0833333333
0.313117771761,15.0833333333,16.9166666667
0.34681076054,15,19.9166666667
0.300005693403,11.75,15.5
0.360280432524,11.5,17.9166666667
0.339959846451,11.75,15.8333333333
0.328433388561,13.6666666667,16.4166666667
0.337506882534,15.5833333333,20.75
0.31855640807,10.5,13.8333333333
0.368336189189,8.83333333333,13
0.328400792803,12.3333333333,19.25
0.308160253306,13.5833333333,19.5833333333
0.283995607174,11.9166666667,17.1666666667
0.318892371996,14.4166666667,17.8333333333
0.308294661113,15.1666666667,19.5833333333
0.358083590116,12.4166666667,16.8333333333
0.311283890345,10.4166666667,13.8333333333
0.359891421632,10.6666666667,14.25
0.370211786508,12.6666666667,16.4166666667
0.305402681065,13.9166666667,18.6666666667
0.361961453654,9.83333333333,15.5
0.314856507288,11.3333333333,14.9166666667
0.330489300883,14.75,21.1666666667
0.294894031847,12.9166666667,16.5833333333
0.316797014546,9.33333333333,13.3333333333
0.332319554508,13.1666666667,16.25
0.309618076737,11.1666666667,14.5833333333
0.379951028991,15.9166666667,17.8333333333
0.280252219751,12.6666666667,15.8333333333
0.34685238624,10.0833333333,13.8333333333
0.33431124823,11.6666666667,19.1666666667
0.330405997807,15.3333333333,19.8333333333
0.326288643675,7.83333333333,14.9166666667
0.306401139731,15.8333333333,19.0833333333
0.422695178105,10.6666666667,15.75
0.318098635159,12.5833333333,15.1666666667
0.324625220459,14.5,16.4166666667
0.311710007696,15.4166666667,17.5833333333
0.32123059894,10,14.9166666667
0.290240181509,9.16666666667,13.9166666667
0.267296298899,13.3333333333,18.3333333333
0.310477974401,13.75,18.5
0.331040922759,12.9166666667,17.8333333333
0.303712763764,10.75,14.1666666667
0.404095802684,12.5833333333,14.1666666667
0.334769645589,12.4166666667,15.5
0.287610700955,11.3333333333,16.4166666667
0.301703543257,8.66666666667,13.75
0.317154896586,11.25,13.4166666667
0.397953822112,13.4166666667,15.5
0.347966522546,10.6666666667,13.6666666667
0.328142288668,15.75,18.5
0.341069984261,11,15.8333333333
0.347508905695,10.75,15.6666666667
0.363530986665,10.0833333333,16
0.312179434646,12.9166666667,16.5833333333
0.369585396179,12.9166666667,14.8333333333
0.272656393455,8.25,12.75
0.325125854706,12,15.4166666667
0.297891356973,9.16666666667,11.5
0.277375472389,14.25,15.4166666667
0.307010619456,12.9166666667,16.0833333333
0.330997723271,7.25,13.3333333333
0.290128974588,10.75,15.6666666667
0.418236916334,10.6666666667,18.6666666667
0.334924814164,14.3333333333,19.4166666667
0.320988033796,10.75,16.0833333333
0.356037663577,18.6666666667,21.1666666667
0.31839470754,11.75,13.5
0.334022234691,6.5,12.75
0.27716095885,11.0833333333,16.6666666667
0.299878489249,10.3333333333,16.5
0.245702005031,12.4166666667,17.75
0.359280370502,13.9166666667,17.1666666667
0.271560863668,14.6666666667,16.5833333333
0.322367037059,13.5833333333,18.5833333333
0.370976062582,11.4166666667,14.75
0.345808233211,16.9166666667,20.3333333333
0.31804998933,13.0833333333,16.5
0.326911606524,12.5,18.0833333333
0.357514733397,7.08333333333,13.9166666667
0.350925664291,11.1666666667,16.5
0.338310815643,12.5,15.5
0.373628541869,10.5833333333,16
0.311580513216,9.91666666667,15.0833333333
0.339236286823,8.83333333333,14.4166666667
0.280561647115,13.1666666667,18.25
0.327471030093,15.1666666667,19.1666666667
0.374960586242,11.25,14.9166666667
0.302320766399,8.91666666667,14.3333333333
0.303054124904,13.5,17.3333333333
0.329540574691,14.5,19.4166666667
0.32062739846,13.8333333333,20
0.306646266351,12.0833333333,14.5833333333
0.350413152357,14.8333333333,18.5833333333
0.348881597836,10.25,14.5833333333
0.293371002618,16,18.6666666667
0.296498226444,9.25,13.9166666667
0.308350581409,13.5833333333,17.1666666667
0.318123644241,13.6666666667,17.4166666667
0.349281518948,14.3333333333,17.6666666667
0.331961929446,10.75,15.75
0.371764112625,10.6666666667,15
0.343784460406,9.41666666667,13.9166666667
0.35838684569,10.25,14.75
0.35038513469,17.3333333333,20.9166666667
0.405250870294,13.5833333333,18.4166666667
0.31466397865,9.41666666667,15
0.347993953038,11.4166666667,19.6666666667
0.35615422467,12.0833333333,14.8333333333
0.301943173167,11.0833333333,12.1666666667
0.359709633785,11.9166666667,16.6666666667
0.361463354646,11.8333333333,13.8333333333
0.256218029252,14.3333333333,18
0.343396335179,11.5833333333,16.5833333333
0.313678549175,10.8333333333,14
0.33758908914,11.9166666667,16.1666666667
0.334799655835,12.5833333333,16.8333333333
0.328747760874,11.9166666667,14.6666666667
0.405401809473,11.9166666667,17.6666666667
0.382285824684,12.4166666667,17.75
0.373587906752,9.66666666667,14.3333333333
0.351956256852,12.25,18.5
0.355752312678,11.25,15.25
0.320783859176,10.25,16.4166666667
0.295098744802,9.83333333333,14.25
0.274497719709,15.25,20.0833333333
0.329770494784,10.9166666667,14.75
0.342263686603,11.0833333333,17.8333333333
0.359900489064,16,17.9166666667
0.332772975866,11.9166666667,15.25
0.351632260082,11.6666666667,18.0833333333
0.338283923217,6.91666666667,13.75
0.326684334933,15.9166666667,18.5833333333
0.290911666211,13.1666666667,18
0.315693350543,15.5,18.5
0.348836230924,11,16.4166666667
0.329996650984,13.1666666667,18.1666666667
0.369701989846,13,19.0833333333
0.344671146867,9.91666666667,15.25
0.356759018785,10.9166666667,16.9166666667
0.378086506133,12.4166666667,16.3333333333
0.315798942483,14,16.5
0.316207867852,10.25,12.3333333333
0.266757916079,12.6666666667,15.75
0.349477136472,12.1666666667,17.5833333333
0.349541146296,9.33333333333,18
0.327407647865,7.83333333333,13.8333333333
0.369275111605,10.25,14.25
0.305336769878,16,19.5
0.343461068846,13.4166666667,16.1666666667
0.404260604931,10.3333333333,15.1666666667
0.352316871339,14.5833333333,18.1666666667
0.311893780657,11.1666666667,16.5
0.303549181601,12.8333333333,16
0.330844085173,12.6666666667,16
0.347475517084,13.6666666667,19.8333333333
0.304933520446,14.9166666667,17.8333333333
0.365512994914,14.25,20.9166666667
0.334529224976,12,15.0833333333
0.357114911136,10.5833333333,16.9166666667
0.272014149487,14.1666666667,18.0833333333
0.323299054396,11,14.8333333333
0.405153180446,13.3333333333,17.4166666667
0.389056649936,12.5833333333,16.3333333333
0.380656132056,11,17.5833333333
0.352113670996,9.33333333333,15.8333333333
0.297877283322,12.6666666667,15.8333333333
0.375453403878,12.0833333333,17.5833333333
0.284289440846,14.8333333333,17.8333333333
0.363495321303,15.8333333333,19.6666666667
0.383594555695,15.6666666667,20.75
0.372025604222,11.75,16.6666666667
0.315996486444,13,15.1666666667
0.330878242131,10.0833333333,14.6666666667
0.322880122459,12.3333333333,14.6666666667
0.360445056736,10.5833333333,12.4166666667
0.347708651709,10.75,15.5833333333
0.294900113599,10.0833333333,14.1666666667
0.323919785403,7.75,12.5833333333
0.331370833894,12.0833333333,16.25
0.326530191229,13.6666666667,16.5
0.31262912474,8.5,12.8333333333
0.360919333417,9.58333333333,15.3333333333
0.32187167963,10.6666666667,13.4166666667
0.319358079467,11.9166666667,16.5
0.271464421108,14.5833333333,17.4166666667
0.320045840668,11.4166666667,15.5833333333
0.387160447318,12.1666666667,16.5
0.321843939345,14.1666666667,17.3333333333
0.321386392706,10.4166666667,16.5833333333
0.35383997383,15.1666666667,18.1666666667
0.306005955683,15.0833333333,17.75
0.279609206596,13.75,17.6666666667
0.300326805996,14.5,18.25
0.309916339792,10,15.5
0.335150704968,13.25,18
0.331882583078,11.1666666667,15.25
0.296891445483,11.75,16.6666666667
0.368432617261,13,18.25
0.329154295777,11.5833333333,14.5833333333
0.369236234944,10.5,16.75
0.302246533745,14.0833333333,16.0833333333
0.348004184683,11.6666666667,16.25
0.377952480088,11.0833333333,14
0.31302678271,11.4166666667,15.75
0.3105451256,14,17
0.282688174426,10.25,15.3333333333
0.300735147413,15.25,18.25
0.334624442241,14.9166666667,16.5833333333
0.35445891351,13.25,16.8333333333
0.335189689379,12.25,15.5
0.322894839306,11.1666666667,14.8333333333
0.337892330611,11.75,17.1666666667
0.389654961636,11.75,15.4166666667
0.341226951993,12.8333333333,15.6666666667
0.329959569586,11.3333333333,14.5
0.299904087593,10.9166666667,12.1666666667
0.319976463829,10.5,15.8333333333
0.378580795013,10.3333333333,15.25
0.353388923264,11.5,16.0833333333
0.346349346774,14,16.8333333333
0.353947800859,9.08333333333,14.5
0.324630906683,12.1666666667,19
0.359734243798,13.6666666667,16.25
0.328289271372,11.8333333333,15.9166666667
0.310909817754,13.6666666667,18.5833333333
0.35527508247,11.4166666667,16.3333333333
0.333208372562,15.1666666667,19.5833333333
0.29292301415,10.75,15.6666666667
0.310504279463,8.75,14.5833333333
0.317413856615,12.5833333333,15.1666666667
0.329013360611,9.75,16.6666666667
0.336928432807,10.8333333333,15.0833333333
0.308694780776,12.3333333333,15.5833333333
0.334460432443,11.75,14.6666666667
0.333163536612,10.75,15.5833333333
0.274428956788,12.6666666667,15.8333333333
0.34804702601,10.0833333333,12.6666666667
0.326092819003,17.25,18.1666666667
0.349205625884,9.41666666667,16.0833333333
0.322559726743,10.3333333333,15.1666666667
0.297780745663,11.0833333333,13.4166666667
0.304034262757,9.75,12.8333333333
0.333479110603,13.5833333333,20
0.288868359637,13.3333333333,18.0833333333
0.305171354518,15.6666666667,18.0833333333
0.304802981665,12.5833333333,15.8333333333
0.372720217871,9.58333333333,15.5833333333
0.361449024121,9.66666666667,15.3333333333
0.374061060539,10.6666666667,13
0.301574499243,13.6666666667,18.25
0.347518010944,12.9166666667,18
0.324239947358,14.9166666667,19.4166666667
0.347760744493,11.1666666667,14.5833333333
0.31814440457,11.5,14.5
0.333992646648,10.5833333333,15.8333333333
0.323292067989,6.41666666667,14.6666666667
0.345542609705,9.58333333333,15
0.302698067468,8.08333333333,13.1666666667
0.337585052963,8.41666666667,15.1666666667
0.304729173814,12.9166666667,16.8333333333
0.38936116663,12.9166666667,16.0833333333
0.31731010795,12.9166666667,15.4166666667
0.344153114221,11.1666666667,15.5
0.350508011173,13.25,19.75
0.305324051378,9.5,17.0833333333
0.316737486615,11.3333333333,15.3333333333
0.332303836257,13,17.8333333333
0.311538756253,14.8333333333,18.0833333333
0.367087698666,9.83333333333,17.25
0.345473070378,13.0833333333,16.75
0.342806267178,10.0833333333,18.5833333333
0.360272755789,10.75,15.9166666667
0.328474386099,13.75,15.1666666667
0.342398454981,12.25,16.25
0.353444694237,8.08333333333,12
0.283125446641,11.5833333333,16.3333333333
0.407389664962,12,17
0.351265309414,12.6666666667,15.3333333333
0.29307537801,13.75,18.0833333333
0.3349075506,14.75,17.6666666667
0.344551248903,12.3333333333,17.4166666667
0.33681650761,15.75,17.5833333333
0.326171084471,12.9166666667,15.9166666667
0.304178307412,14.25,19.3333333333
0.346992720253,9.75,16.0833333333
0.245502334541,13.5833333333,16.4166666667
0.317435244586,11.75,16.6666666667
0.338474100341,13,18.4166666667
0.297900147383,9.66666666667,14.0833333333
0.306040254848,8.16666666667,12.75
0.256352471647,14.6666666667,18.1666666667
0.349872671383,12.3333333333,16.1666666667
0.335362599027,9.83333333333,16
0.330897398422,13.1666666667,16.1666666667
0.352473481367,10.8333333333,15.6666666667
0.330039447672,11.9166666667,17.3333333333
0.384860995425,8.25,12.9166666667
0.355320295065,11.5,14.4166666667
0.325800055642,12.4166666667,15.5833333333
0.331512685417,14.3333333333,16.8333333333
0.386403302742,12.1666666667,15.9166666667
0.368485006175,10.4166666667,15.0833333333
0.354921936774,13.5833333333,16.9166666667
0.340934666017,13.3333333333,16.6666666667
0.319455472597,13.0833333333,17.3333333333
0.342208131954,8.33333333333,13.6666666667
0.320702300151,12.5833333333,18.6666666667
0.363203875012,11.3333333333,17.3333333333
0.401972068754,12.4166666667,13.25
0.337944885879,14.0833333333,19.9166666667
0.320914218162,8.33333333333,12.8333333333
0.336566840213,10,13.6666666667
0.334294394841,10.25,15.0833333333
0.33539881614,14.0833333333,16.9166666667
0.361002723155,8.33333333333,15.0833333333
0.296832189427,9.5,15.4166666667
0.345920386728,12.3333333333,17.8333333333
0.336297670619,12,14.5833333333
0.357631447867,14.5,18.5833333333
0.320484397161,11.6666666667,17.75
0.36152555713,11.9166666667,17.8333333333
0.346290266635,10.4166666667,12.5833333333
0.314303050665,10.6666666667,16.8333333333
0.388280012501,8.25,14
0.385133539424,7.25,10.1666666667
0.328515853983,13,15
0.35635596653,10.75,14.9166666667
0.343688224467,11.0833333333,16.3333333333
0.326978694447,8.16666666667,14.5833333333
0.321768191462,11.75,16.6666666667
0.291801920092,11.9166666667,15.9166666667
0.32346977724,11.9166666667,14.25
0.332352153895,11.8333333333,15.25
0.358836295784,11.25,15.8333333333
0.321873465837,10.4166666667,16.5833333333
0.351943294745,9.16666666667,14.0833333333
0.275156053396,12.1666666667,15.3333333333
0.261082374541,14.6666666667,18.25
0.33265696622,11.6666666667,14.9166666667
0.261175351581,11.3333333333,17.9166666667
0.303856622135,11.75,16.0833333333
0.391434771327,7.5,14
0.303599746515,13.8333333333,14.3333333333
0.36937554105,10.25,15.25
0.351199747732,15,18.4166666667
0.349146567209,12.25,17.0833333333
0.310570053826,13.25,17.5
0.339131197289,9.5,13.75
0.310133775428,11.75,14.5833333333
0.266528067287,11.0833333333,13.4166666667
0.37081962581,14.6666666667,17.0833333333
0.340521317194,13.0833333333,18.4166666667
0.347280056951,10.0833333333,12.0833333333
0.320942442437,10.4166666667,15
0.330690682131,12.3333333333,18.4166666667
0.35360967671,11.1666666667,16
0.312083031821,11.1666666667,17.8333333333
0.367882867652,10,15.6666666667
0.343836924482,11.8333333333,16.75
0.331922687173,10,14.9166666667
0.345261729636,10.1666666667,13.6666666667
0.352014483746,13.3333333333,17.75
0.392117263479,10.4166666667,15.5
0.335191656093,14.75,17
0.366994772263,12.75,18.5833333333
0.33561718203,6.58333333333,12.0833333333
0.368825666336,12,14.0833333333
0.372813983964,10.1666666667,15.5
0.324507719405,16.5,20.5833333333
0.387818857866,12.0833333333,16.9166666667
0.32776009177,15.5833333333,20.4166666667
0.3288021736,15.5833333333,18.3333333333
0.306152855077,11.9166666667,18
0.321421583926,11.5,15.3333333333
0.351473156599,11.5833333333,14.75
0.267794593749,14,15.8333333333
0.312155986615,9.75,13.4166666667
0.356278321923,10,16.8333333333
0.300516407434,10.5833333333,16.75
0.35772258851,7.16666666667,11.8333333333
0.328663141754,9.58333333333,15.1666666667
0.328165220335,11.0833333333,15.4166666667
0.338238690732,14.4166666667,17.0833333333
0.297773280899,8.75,14.6666666667
0.341269730037,6,13.8333333333
0.378301678966,14.75,18.6666666667
0.334167292623,12.4166666667,19
0.356355322145,10.25,14.5
0.327267989669,10.1666666667,14.75
0.324863336065,12.8333333333,14.4166666667
0.373580117691,10.9166666667,14.3333333333
0.286249745731,12.5833333333,16.8333333333
0.36541414096,12.4166666667,17
0.35243699701,12.5833333333,16.3333333333
0.307539744027,13.5,14.5833333333
0.324284706893,10.25,16.6666666667
0.364813873889,11.75,15.25
0.315372481843,7.25,11
0.299374926244,13.25,18.5
0.324281544121,13.25,16.9166666667
0.303511114234,12.3333333333,16.25
0.3430792031,13.4166666667,17.75
0.357232021605,12.3333333333,16.3333333333
0.3197760646,13.0833333333,14.4166666667
0.317431137684,12.5833333333,16.9166666667
0.322468750349,10.3333333333,15.0833333333
0.331360436409,14.8333333333,18.5833333333
0.359456759036,12.1666666667,14.75
0.360965505115,9.16666666667,14
0.36241224648,7.58333333333,10.5833333333
0.325188892442,6.41666666667,12.3333333333
0.328086166365,14.4166666667,18.9166666667
0.385337385768,10.0833333333,14
0.338399289636,13.1666666667,17.1666666667
0.356382434072,14.3333333333,17.75
0.322214684993,11.8333333333,16.5
0.331606153974,9.75,13
0.365854098806,10.1666666667,14.75
0.328378294128,11.9166666667,15.8333333333
0.378868020051,6.66666666667,11.9166666667
0.337047973004,12.5833333333,17.6666666667
0.32701811029,12.3333333333,16.0833333333
0.345215831378,16.0833333333,18.25
0.334099343715,9.75,13.8333333333
0.364758698092,12.3333333333,15.3333333333
0.35383724097,11.6666666667,14.8333333333
0.33111930476,11.8333333333,14.6666666667
0.325138180631,11.1666666667,18.0833333333
0.339286457925,10.1666666667,15.1666666667
0.322644084783,12.3333333333,16.6666666667
0.338214438643,14.8333333333,17.4166666667
0.34434534902,13.25,17.8333333333
0.331594610165,12.9166666667,18.0833333333
0.308115199823,9.91666666667,14
0.402755293239,10.3333333333,14.6666666667
0.298212794771,16.3333333333,20.3333333333
0.386006989851,11.9166666667,15.5833333333
0.3654052851,8.83333333333,12.8333333333
0.421726621098,11.0833333333,16.5833333333
0.345464811227,7.5,11.9166666667
0.305538496465,8.58333333333,13.6666666667
0.326580145628,9.25,15.9166666667
0.337493702566,10.25,15.8333333333
0.291653582931,12,16.6666666667
0.27219759072,14.3333333333,18
0.307876389885,10,15.25
0.353706708536,11.1666666667,17.9166666667
0.363807603534,12.25,15.5
0.361053585787,12.25,16.75
0.309094320609,9.33333333333,14
0.33557337714,12.0833333333,17.8333333333
0.317601156263,11.4166666667,16.25
0.36926754715,14.5,17.6666666667
0.346515569986,10.6666666667,18
0.340826629963,11.6666666667,16.0833333333
0.361149114603,11.1666666667,16.5833333333
0.299926474223,12.3333333333,17
0.348166871702,12.8333333333,14.5833333333
0.295783860267,11.1666666667,13.3333333333
0.330281321547,15.3333333333,19.75
0.294443122263,11.6666666667,16.5833333333
0.39786389045,11.8333333333,16.25
0.370929825485,17.5,21.75
0.321055815091,8.08333333333,15.3333333333
0.286201896967,15.1666666667,17.25
0.322132988454,11.5,16.25
0.324680149299,8.41666666667,16
0.352981027823,10.75,13.25
0.364933421199,6.91666666667,15.0833333333
0.333804832574,9,13.1666666667
0.267385682212,14.25,15.25
0.344207080986,10.8333333333,14.25
0.386740409125,8.66666666667,15.4166666667
0.28163131453,8.66666666667,14.3333333333
0.331791160964,9.91666666667,15.0833333333
0.364418973074,9.75,15.5
0.321907677218,13.0833333333,17.4166666667
0.39523716504,11.0833333333,15.6666666667
0.377826265001,12.8333333333,17.75
0.362879409155,9.5,15.5833333333
0.362831459865,11.8333333333,15.5833333333
0.317602747314,17.25,18.9166666667
0.308867110775,13.5,18.5
0.324113656965,12.5833333333,16
0.282213459311,10.5,16.0833333333
0.334235188124,9.5,16.3333333333
0.288633543031,13.6666666667,20.75
0.309621621851,14.75,20.9166666667
0.322469148205,14.25,18.5833333333
0.290947776572,14.6666666667,17.25
0.329559926691,12.1666666667,17.0833333333
0.327746359304,14.0833333333,18.0833333333
0.292123016041,8.66666666667,12.1666666667
0.306343788541,14.1666666667,18.1666666667
0.3439822132,11,15.0833333333
0.31195991064,11.8333333333,15.8333333333
0.308919270833,9.16666666667,14.5
0.301274170323,9.5,14.8333333333
0.342830267795,12.0833333333,13.5833333333
0.339889025005,12.25,16.25
0.346132247332,9.33333333333,13.5
0.28128393593,10.3333333333,15.1666666667
0.328509037996,13,18.75
0.389229949576,10.75,15.5
0.315174636018,10.5,15.5
0.349477422019,7.91666666667,14
0.325342845864,9.08333333333,13.25
0.317109505734,10.5,14.5
0.366418652704,12,14.5833333333
0.36346594522,9,13.9166666667
0.32428464224,10.6666666667,14.8333333333
0.323370992435,14.6666666667,18.75
0.252274715797,9.66666666667,12.4166666667
0.327521320958,13.1666666667,16.8333333333
0.29668098355,7.16666666667,14.8333333333
0.324491237921,12.75,17.6666666667
0.399640628442,13.6666666667,16.5833333333
0.317080116763,9.75,12.5
0.355100383091,11.25,15.0833333333
0.371006887056,16.5,19.8333333333
0.339222760811,12.5,16.4166666667
0.315539813393,14.25,19.5
0.327683632149,14.6666666667,18.4166666667
0.292070870293,10.5833333333,14.75
0.338164607637,8.33333333333,13.8333333333
0.365877874902,14.25,16.1666666667
0.337546185987,10.0833333333,16.5833333333
0.304577160053,12.0833333333,15.4166666667
0.365151766865,8.25,12.5833333333
0.364227128626,12.8333333333,15
0.342922298456,12.25,17.4166666667
0.322866272687,11.75,18.8333333333
0.290007904825,13.3333333333,16.75
0.299826327382,13.5833333333,17.3333333333
0.290267787057,15.4166666667,21.3333333333
0.332410571349,13.5,16.3333333333
0.349284716424,11.1666666667,15
0.274054908636,14.0833333333,17.75
0.338455250168,7.33333333333,9.66666666667
0.330592308297,11.4166666667,15.9166666667
0.328053231788,12.0833333333,14.6666666667
0.366014130209,11.0833333333,15.1666666667
0.302530584484,12.5,16.9166666667
0.361798044994,12.3333333333,17.5833333333
0.374088090632,13.5,16.1666666667
0.320660773762,9.16666666667,13.9166666667
0.27113340061,11.5833333333,17.75
0.349257993912,8.5,14.3333333333
0.349743458496,11.4166666667,16.5833333333
0.316284454276,12.25,16.0833333333
0.331521599282,11.6666666667,15.0833333333
0.279678332447,12.4166666667,18.4166666667
0.378018585037,7.08333333333,13.25
0.33408793869,11.5833333333,15.6666666667
0.35150287178,10,15.6666666667
0.377605520998,14.4166666667,17.4166666667
0.334793891999,13.25,17.75
0.317304380673,8.58333333333,15.0833333333
0.302495730424,10.9166666667,15.5
0.362990860485,12.3333333333,14.8333333333
0.302829319719,13.0833333333,15.75
0.346620380649,8.91666666667,13.0833333333
0.335933773189,12.4166666667,16.4166666667
0.287202359652,9.75,14.6666666667
0.344489987755,12,15.6666666667
0.301449257802,12,14.5833333333
0.308251889149,10.3333333333,14
0.360006865483,10.4166666667,14.4166666667
0.340686921701,9.83333333333,14.5833333333
0.322375837095,14.5833333333,19.25
0.301446409979,15.5833333333,20.6666666667
0.357301196143,13.0833333333,18.9166666667
0.247175756457,11.6666666667,14.4166666667
0.325141139978,12.1666666667,15.8333333333
0.267630794783,10.75,15.4166666667
0.292527508691,12.5,16.75
0.406684810862,12.3333333333,17.6666666667
0.337182852672,9.58333333333,15.9166666667
0.295815313595,13.25,17.25
0.360161405137,12,15.75
0.382667669715,12.3333333333,15.6666666667
0.32833751479,7.83333333333,13.5833333333
0.388409322765,11.6666666667,16.8333333333
0.318106057694,11.3333333333,15.6666666667
0.302946262521,14.5,20.0833333333
0.232253933407,13.4166666667,19.25
0.333556650169,8.75,17.1666666667
0.272139890638,8.5,15.3333333333
0.326912050338,14.0833333333,17.4166666667
0.335957316279,11.5,17.3333333333
0.348266774375,7.66666666667,12.0833333333
0.348731168652,12.75,15.3333333333
0.338434297934,13.0833333333,19.5833333333
0.373932282777,11.8333333333,17.25
0.338977889868,14,15.25
0.373661209151,11.4166666667,15.3333333333
0.284140436868,12.3333333333,19.8333333333
0.40136910322,11.6666666667,19.3333333333
0.33039255701,11,15.25
0.305860959228,12.4166666667,17.0833333333
0.361985171521,11.6666666667,18.0833333333
0.3311972748,12.9166666667,14.9166666667
0.296436378672,10.5833333333,15.3333333333
0.321672269714,12.5,15.5833333333
0.282077237164,9,12.75
0.271131367491,12.3333333333,15.1666666667
0.341735269676,7.25,13.8333333333
0.365954819475,10.5,15.0833333333
0.36923032279,10.9166666667,16.3333333333
0.391379591837,12.6666666667,16.1666666667
0.32773235331,12.4166666667,17
0.335001257763,15.1666666667,18.3333333333
0.276750261233,14.8333333333,17.5833333333
0.322251977714,8.58333333333,14.5
0.28078091216,14.6666666667,17.1666666667
0.350834805325,10.6666666667,16.9166666667
0.363985411116,12,17.6666666667
0.337364020454,14.1666666667,17.3333333333
0.325623787006,12.25,16.1666666667
0.29954672235,12.25,16
0.324997022746,11.3333333333,16.1666666667
0.321992911271,13.4166666667,16
0.329279047817,12,16.5833333333
0.349862692624,13.3333333333,17.5833333333
0.316275262215,12.1666666667,14.9166666667
0.341898486079,12.9166666667,18.0833333333
0.335961781004,10.6666666667,13.8333333333
0.355190156795,13,17.3333333333
0.305638240108,13.3333333333,17.5833333333
0.349397044593,10.0833333333,16.0833333333
0.345982087614,12.8333333333,17.0833333333
0.305415911449,15.0833333333,19.5833333333
0.363129339454,10.6666666667,15.25
0.303281512801,8.83333333333,15.5
0.323074640469,10.9166666667,16.5
0.305919354601,9.08333333333,12
0.285771068571,10.1666666667,15.5
0.307819186467,10.8333333333,14.5
0.335279898364,13.9166666667,18.9166666667
0.303107562561,9.33333333333,15.75
0.313861313667,15,17.75
0.30092987067,12.4166666667,17.4166666667
0.33486230889,11.4166666667,15.5
0.343457644496,14,15.25
0.354201334063,9.66666666667,14.0833333333
0.38795473832,11.9166666667,17
0.272537734106,9.91666666667,18.5833333333
0.397329665335,9.83333333333,13.0833333333
0.343008792393,11.25,19.0833333333
0.355651008979,11.9166666667,18.1666666667
0.307973569199,13.4166666667,17.6666666667
0.286102519774,12.5833333333,16.5833333333
0.315059133732,11.9166666667,15.6666666667
0.302028324949,8.08333333333,13.9166666667
0.355048520611,13.0833333333,16.5833333333
0.309445950207,11.5,17.4166666667
0.284868427734,13.3333333333,16.25
0.332890982011,9.25,13.8333333333
0.362542694082,9.66666666667,12.9166666667
0.354034474655,15.3333333333,20.25
0.253384331435,11.75,16.4166666667
0.381685660033,10.4166666667,15
0.383705988178,13.1666666667,19.6666666667
0.331944457154,9.66666666667,14.6666666667
0.333658504861,14.0833333333,21.25
0.332168189944,15.1666666667,19.25
0.356518584479,13.4166666667,19.5833333333
0.315971302395,12,16.3333333333
0.317173527702,10.25,15.4166666667
0.291788429287,10.4166666667,17.0833333333
0.333005120674,9.83333333333,14.5
0.31453788653,11.4166666667,15.0833333333
0.32233989671,10.5833333333,16.75
0.275754564408,18.4166666667,21.5833333333
0.331031837361,11.75,16.8333333333
0.297093385229,12.3333333333,15.4166666667
0.318491631495,13.8333333333,17.5
0.386964453792,9,13.3333333333
0.381514993707,12.1666666667,16.9166666667
0.33607244659,14.5833333333,18.5833333333
0.36911882321,11.25,16.0833333333
0.349882003708,10.1666666667,16.0833333333
0.29679110746,11,14.4166666667
0.335322190335,12.0833333333,16.5
0.357450974064,12.5833333333,17.5833333333
0.299669742371,15.25,19.6666666667
0.369456609453,8.75,13.0833333333
0.359776199099,14.9166666667,18.75
0.360587923455,10.25,14.9166666667
0.359622153638,12.8333333333,19.3333333333
0.279747584763,14.6666666667,18.8333333333
0.310500556152,13,15.8333333333
0.321386351724,10.5,18.0833333333
0.294651467809,11.9166666667,14
0.311536935892,10.6666666667,14
0.334067662671,10.6666666667,13.5833333333
0.280408682035,13.9166666667,19.5
0.336001793044,14.6666666667,17.4166666667
0.317193201635,18.4166666667,23.75
0.292762182988,11.1666666667,14.75
0.328703332149,10.5,16.1666666667
0.352023313874,13.5833333333,18.0833333333
0.329888190953,14.75,18
0.332078427587,14.5833333333,19.5833333333
0.335456319654,11.0833333333,14.4166666667
0.328392514989,8.83333333333,15.0833333333
0.331286987349,14.25,17.8333333333
0.278920764747,15.25,19.5833333333
0.32893392426,9.58333333333,15.5
0.319402101146,10.8333333333,18.25
0.345941776566,9.08333333333,11.6666666667
0.30161053307,9.91666666667,15.8333333333
0.311403307081,10.0833333333,16
0.371741287321,13.1666666667,16
0.300540436324,11.5833333333,17.4166666667
0.309215513961,14,17.3333333333
0.366447384975,10.9166666667,18.0833333333
0.322342007397,14.75,17.9166666667
0.350920401462,14.4166666667,19.6666666667
0.346792385373,8.25,15
0.321000793965,13.0833333333,18.0833333333
0.362244508865,9.58333333333,13.4166666667
0.370545364709,8.75,14.25
0.317614679435,12.25,16.0833333333
0.359487199428,9.75,13.6666666667
0.300330451124,12.6666666667,15.75
0.329161600042,11.8333333333,14.3333333333
0.363179220957,9,15.8333333333
0.316459565139,14,19.4166666667
0.34167902048,15.0833333333,19.9166666667
0.343023225704,9.33333333333,14.8333333333
0.319238251254,8.08333333333,13.3333333333
0.351184922915,10,16.25
0.276348186164,17.0833333333,19.6666666667
0.305121277435,12.75,17.6666666667
0.302177697582,12.25,14.75
0.307083563022,11.6666666667,14.5833333333
0.340234393159,13.0833333333,16.9166666667
0.313837968401,11.25,16.3333333333
0.345940969402,13.0833333333,18.5833333333
0.334324540368,10,17.25
0.29785043936,12.75,17.5
0.404447415046,10.4166666667,15.75
0.349364522371,13.8333333333,18.25
0.349961498766,12,15.5
0.287573674562,11.6666666667,17.5
0.282029727341,11.9166666667,16.8333333333
0.334529756178,13.3333333333,15.6666666667
0.315392575744,11.25,17.75
0.291799092558,12.25,17.4166666667
0.339311661892,12.6666666667,15.0833333333
0.338837034064,13.5,16.8333333333
0.381265657838,13.6666666667,18
0.341095891722,7.91666666667,12.4166666667
0.341974540757,10.8333333333,16.75
0.341852744421,10.8333333333,14.8333333333
0.356211876712,11.6666666667,13.75
0.322779305719,10,14.0833333333
0.32420164268,10,13.75
0.378421153746,10,14.4166666667
0.341259426053,10.0833333333,14.5833333333
0.350423724534,11.8333333333,15.5
0.333768692519,12.25,17.8333333333
0.386806290287,11.6666666667,16.0833333333
0.36174295996,14.1666666667,20.8333333333
0.317844085959,10.25,15.3333333333
0.32141117163,10,16.0833333333
0.321665792326,8.58333333333,13.1666666667
0.330601151566,13.6666666667,15.25
0.358445594076,12.3333333333,16.25
0.343065506548,14.9166666667,18.9166666667
0.362966869766,10.6666666667,14
0.31407891355,12.4166666667,17.6666666667
0.328455552681,12.8333333333,16.9166666667
0.334891734984,13.0833333333,18.5833333333
0.335313797232,11.3333333333,16.8333333333
0.300072443588,9.08333333333,13.1666666667
0.376554168965,11.0833333333,16.8333333333
0.327886176205,10.5,17.0833333333
0.355801666471,11.4166666667,16.3333333333
0.391003383794,9.41666666667,14.9166666667
0.293231282179,14.25,16.75
0.346272285477,14.5833333333,21.3333333333
0.353434894447,13.5,16.3333333333
0.36399436476,14.1666666667,16
0.293881818669,12.1666666667,16.1666666667
0.368837797689,12.6666666667,17.1666666667
0.321840780608,9,16.6666666667
0.303232669578,11.8333333333,17.5
0.342455985854,8.66666666667,14.1666666667
0.341427083116,7.16666666667,12.75
0.293733068554,12.5,17
0.346712469286,11.0833333333,15.5833333333
0.367722386758,9.5,13.6666666667
0.33505673043,10.0833333333,17.5833333333
0.31106215724,8.25,14.5833333333
0.345760206483,7.75,13.3333333333
0.3707385504,12.6666666667,18
0.351460175038,13,16.5
0.349359306076,12.25,17.0833333333
0.347062496773,13.3333333333,15.75
0.316981728406,8.25,10.9166666667
0.422863126951,11.75,17.4166666667
0.288824371837,15.0833333333,19
0.34208774466,7.83333333333,14.1666666667
0.361083784227,9,13.0833333333
0.316555055493,10.5,16.9166666667
0.305620979498,11.3333333333,15
0.341604344323,11.25,15.75
0.333787593435,12.6666666667,16.4166666667
0.364560679621,12.5833333333,17.3333333333
0.349761119683,13.4166666667,19.0833333333
0.328478462969,10.1666666667,12.75
0.332182373567,8.66666666667,13.5833333333
0.282678553595,13.4166666667,18.25
0.35450038578,10.25,15.0833333333
0.32530465024,9.25,12.25
0.36859139757,7.33333333333,11.6666666667
0.306274304014,14.25,20
0.31876513663,9.83333333333,14
0.410237370829,12.5833333333,18.4166666667
0.413491454631,8.16666666667,13.9166666667
0.275736144942,10.8333333333,15.5833333333
0.286863852328,13.5,17.75
0.382364936697,12.3333333333,15.0833333333
0.342345825811,9.83333333333,13.6666666667
0.313414776443,9.5,14.8333333333
0.36947669507,13.5,18.1666666667
0.311601639085,9.83333333333,14.5833333333
0.345074329938,13.75,15.0833333333
0.30708272557,12.4166666667,15.6666666667
0.320652808346,10.9166666667,14.5833333333
0.316102200158,15.3333333333,17.3333333333
0.301485917439,12.4166666667,19.1666666667
0.359061270268,6.58333333333,13.5
0.309757374659,8.75,13.75
0.319238208657,13.8333333333,18.9166666667
0.313993949936,12.3333333333,15.75
0.342062752147,8.66666666667,15.8333333333
0.340361540562,12.3333333333,16.5833333333
0.35701883303,11.5833333333,17.25
0.346998719678,10,14.6666666667
0.292790971308,12.3333333333,16.6666666667
0.372700737967,9.41666666667,11.5833333333
0.377189851451,6.66666666667,11.9166666667
0.305146714165,13.25,20.25
0.302755042989,13,16.75
0.340804093116,7,14.25
0.382341208141,12.5833333333,17.9166666667
0.324206466924,10.5,17.6666666667
0.3092979783,14.4166666667,17.4166666667
0.30892386527,14.75,16.6666666667
0.327158474701,10.3333333333,16.4166666667
0.341806827889,11.0833333333,15.3333333333
0.339311661892,12.4166666667,18.8333333333
0.278070582198,12.6666666667,20.75
0.347144741508,10.25,15.6666666667
0.292243507535,11.3333333333,16.5
0.311019817238,9.5,14.1666666667
0.348447025659,14.3333333333,17.75
0.377379692346,12.1666666667,15.5
0.349178862532,11.0833333333,16.4166666667
0.373047623691,11.8333333333,16.6666666667
0.32482816581,11.5,14.3333333333
0.332523596245,11.1666666667,15.8333333333
0.351123565157,10.3333333333,18
0.376937531588,10.0833333333,13.5
0.318027959619,12.5,17.4166666667
0.319935481786,10.6666666667,15.3333333333
0.346252319955,8.5,14.3333333333
0.343027393711,10.9166666667,15.25
0.310335618725,13.0833333333,18.25
0.376469933527,13.9166666667,18
0.368811095421,13.1666666667,18.9166666667
0.348969111882,13.9166666667,15.25
0.349310806996,15.9166666667,19.4166666667
0.317856761661,10.9166666667,13
0.2855602531,11.25,15.6666666667
0.298786990595,16.25,20.5833333333
0.304039232432,7.33333333333,9.75
0.327130631524,5.58333333333,11.1666666667
0.341486526732,11.3333333333,18.0833333333
0.384598345134,11.0833333333,14.5
0.369262550647,13.6666666667,18
0.330917789563,17.3333333333,18.0833333333
0.28251952024,8.91666666667,12.5
0.331864404572,13.5,18
0.331182601677,11.9166666667,17
0.32773235331,13.4166666667,17.1666666667
0.334803331997,13.4166666667,15.8333333333
0.354508085139,11.1666666667,14.3333333333
0.323610898185,12.4166666667,15.9166666667
0.30623586502,14.6666666667,20.4166666667
0.3308223027,11.25,17.0833333333
0.343495520388,15.25,19.25
0.356226075888,10.1666666667,16.3333333333
0.308988724422,13.75,18.1666666667
0.34357121349,8.5,16.3333333333
0.33657048215,9.66666666667,14.5833333333
0.255676766668,8.75,13.4166666667
0.347251237276,11.5833333333,16.4166666667
0.333934159321,11.5,15.25
0.333046077225,10.8333333333,14.1666666667
0.32413372531,11,15
0.326092819003,10.5,14.5833333333
0.348919779331,13.0833333333,15.75
0.36023360716,7.5,11.9166666667
0.318015322163,14.25,19.4166666667
0.321400293276,10.5833333333,15.4166666667
0.292866212505,11.5,15.25
0.307461166575,7.33333333333,14.5
0.309794764256,14.5833333333,18.8333333333
0.347402508409,9.16666666667,17.3333333333
0.35148938965,10.5,16.8333333333
0.323045291279,13.5833333333,20.6666666667
0.345038294474,15.25,17.8333333333
0.308969033822,12.5833333333,16.6666666667
0.356074507031,13.4166666667,16.5
0.29904298312,14.9166666667,17.9166666667
0.283711246299,10.75,13.9166666667
0.346145747519,12.75,15.25
0.322744429243,8.25,16.0833333333
0.313641103178,13.9166666667,20.1666666667
0.326734207296,11.25,14.0833333333
0.329519744594,11.3333333333,17.25
0.337405855441,12.5833333333,18.1666666667
0.343847686617,11.8333333333,16.75
0.275201655166,15,17.25
0.354292212852,9.25,13.9166666667
0.306777372796,10.8333333333,14.3333333333
0.376489382475,10.1666666667,13.5
0.311419117532,7.75,12.6666666667
0.299326921777,9.5,12.1666666667
0.325860500302,14.9166666667,19.25
0.335869835665,16.0833333333,19.25
0.319678893904,9.91666666667,12.3333333333
0.364267304093,15.5833333333,16.5
0.286625926387,13.8333333333,18.1666666667
0.354529362385,10.3333333333,16.75
0.410876049301,9.83333333333,15.4166666667
0.280397709325,13.0833333333,15.1666666667
0.388091150676,10.8333333333,16.4166666667
0.292974288553,13.4166666667,17.1666666667
0.312233143918,11.5,13.8333333333
0.364346804076,12,15.8333333333
0.373251385224,7.83333333333,13.3333333333
0.3258668489,11.3333333333,17.8333333333
0.335306900834,10.4166666667,16
0.303006107146,13.6666666667,18.25
0.348685178793,10.6666666667,15.5
0.330248274672,12.1666666667,16.5
0.274523436205,13.9166666667,16.9166666667
0.309715128447,12.5,16.1666666667
0.318114606793,11.8333333333,15.1666666667
0.352864319794,9.91666666667,13.3333333333
0.374020094294,12.5833333333,15.5
0.350223546945,8.91666666667,13.75
0.355032496397,12.5833333333,20.1666666667
0.32369769998,9.58333333333,12.8333333333
0.337961695487,10.3333333333,14.5
0.359799356821,11,15.1666666667
0.37315935465,12.0833333333,18.5
0.361311412903,10.8333333333,16.75
0.339878285905,12.25,17.5
0.305373127241,10.5833333333,13.9166666667
0.334947914195,10.3333333333,15.5
0.30498192895,11,16.5
0.364782034071,15.0833333333,19.1666666667
0.30064986707,16.75,20.3333333333
0.336448026471,12.5,15.4166666667
0.358167489955,9.16666666667,13.6666666667
0.337200972839,12.1666666667,16.25
0.327556055737,12.8333333333,15.3333333333
0.338996290928,11.3333333333,16.3333333333
0.33794736225,14.75,21.8333333333
0.300528064178,12.3333333333,17.0833333333
0.323950733142,10.0833333333,15.5833333333
0.33506588515,13.75,16.0833333333
0.33131687456,12.8333333333,14.5833333333
0.277392098675,11,13.1666666667
0.281518073567,12.5,15.25
0.39126382256,11.6666666667,15.6666666667
0.366037763181,10.5,13.3333333333
0.292079103701,12.0833333333,18
0.365236144219,9.91666666667,15.6666666667
0.31413319042,13.25,15.5
0.385581720883,12.0833333333,15.3333333333
0.366557639214,17.1666666667,19.9166666667
0.311019817238,10.5833333333,16
0.355402137524,15.5,17.6666666667
0.342213879891,10.5,15.5833333333
0.343270471096,10.8333333333,15.3333333333
0.324842394617,11.0833333333,16
0.318398111623,12.1666666667,15.8333333333
0.401880639157,14.5833333333,20.25
0.342375053191,15.1666666667,18.5
0.347823283174,14.4166666667,18.8333333333
0.317047369951,9.33333333333,12.3333333333
0.319730582018,13.5833333333,17.4166666667
0.350178062272,14.9166666667,17.9166666667
0.324639117084,11,14.75
0.369726488813,10.9166666667,17
0.312974622373,10.3333333333,13.75
0.364095284477,8.83333333333,12.6666666667
0.325613511644,14.0833333333,17.3333333333
0.373771480718,14.25,17.8333333333
0.328282875881,13.1666666667,16.75
0.307520514469,13.0833333333,15.5
0.312865566177,8.33333333333,13.6666666667
0.269685385422,13.75,15.5
0.322986933605,7.25,11.25
0.345615638112,12.1666666667,16.4166666667
0.314961925016,14.6666666667,19.4166666667
0.363349685687,7.41666666667,13.4166666667
0.330785629329,12.3333333333,17.0833333333
0.30925064717,13.5,16.0833333333
0.39001915547,10.8333333333,14.0833333333
0.383297108846,9.5,13.25
0.311968600255,11,16.8333333333
0.367375582901,11.9166666667,16.4166666667
0.314746868443,12.6666666667,17
0.389492310246,11.75,18.5833333333
0.300201598563,12.4166666667,14.4166666667
0.271974988795,12.75,19.1666666667
0.351053233189,9.91666666667,14.5
0.325462776058,8.91666666667,15.5
0.282801386966,10.5,16.25
0.319835435084,11.9166666667,17.0833333333
0.313366844491,7.33333333333,11.25
0.286029872298,14.25,18.5833333333
0.341963792434,10,15.5
0.279157568149,14,18.75
0.260348939835,14.0833333333,16.5833333333
0.339768946664,11.1666666667,14.9166666667
0.359518157619,15.5,19.9166666667
0.288091828321,8.75,13.75
0.393368421151,11.3333333333,12.75
0.351371693514,10.9166666667,16.25
0.317667098785,11.5,18
0.326104828561,10.4166666667,15.1666666667
0.336243588132,12.8333333333,18.0833333333
0.351228361108,13.9166666667,16.9166666667
0.280972029489,12.75,17.6666666667
0.390898457786,8.33333333333,14.5833333333
0.364190836979,13.5833333333,16.9166666667
0.350437272657,12.1666666667,17.4166666667
0.279239174827,18.1666666667,21.8333333333
0.310173235162,14.9166666667,18.3333333333
0.344538271369,8.5,13.75
0.304238060114,12.1666666667,18.8333333333
0.342926511179,9.83333333333,12.8333333333
0.311584217537,11,12.6666666667
0.423490450354,13.5,16.75
0.370681962313,9.83333333333,14.6666666667
0.369232018035,10,15.1666666667
0.30116290608,16.1666666667,19
0.302192074179,11.3333333333,15.5833333333
0.32342656088,12.1666666667,17.8333333333
0.372227963657,8.58333333333,14.8333333333
0.372435330139,10.1666666667,17.5
0.312676877506,12.0833333333,16.25
0.3262811003,12.1666666667,17.5833333333
0.332790798611,15.75,19.75
0.319990999627,13.4166666667,18.25
0.350814092896,12.5833333333,17
0.311054659186,10.1666666667,13.4166666667
0.320016654822,14.3333333333,19.25
0.302142771367,12.75,16.5833333333
0.286140629637,12.9166666667,15.25
0.29833962524,9.5,14
0.332587358568,11.6666666667,17.3333333333
0.345852185697,12.4166666667,18.5833333333
0.297840297328,16.75,19.0833333333
0.311237661569,7.83333333333,13.6666666667
0.313305854529,7.75,13.6666666667
0.40446943583,7.83333333333,15.0833333333
0.330946344561,9.16666666667,15
0.336171041869,11.4166666667,16.4166666667
0.275346148088,14.6666666667,18
0.325292659303,11.5833333333,16
0.341079844016,12.25,16.25
0.31125687266,12,16.5
0.349788477341,12.6666666667,16.25
0.307905073634,13.1666666667,18.25
0.333410794338,12.5,19.25
0.303878878572,15.3333333333,19.1666666667
0.32502256154,14.5833333333,19.25
0.394150071959,13.3333333333,17.3333333333
0.382772728411,12.6666666667,18.1666666667
0.339925515562,11.0833333333,14.9166666667
0.34062344657,9.91666666667,15.75
0.310270892166,13.75,16.75
0.352294239957,11.4166666667,15.1666666667
0.297865042965,11.25,14.25
0.295667604125,8.58333333333,16.1666666667
0.338045677324,8.91666666667,14
0.381961144769,13.25,16.5833333333
0.316582759366,11,16.0833333333
0.285684596713,9.66666666667,14.4166666667
0.321000793965,12.3333333333,15.0833333333
0.367140527646,14,17.1666666667
0.354643655718,13.4166666667,18.25
0.326495431171,10.6666666667,18.1666666667
0.348716336755,15.1666666667,22.4166666667
0.352257163966,8.25,10.4166666667
0.311094685649,12.0833333333,14.75
0.36635699649,10.1666666667,16.75
0.294574362319,12.1666666667,15.9166666667
0.342746600925,14.4166666667,18.25
0.351429680099,9.58333333333,12.6666666667
0.364761069509,11.8333333333,15.9166666667
0.330045924996,10.1666666667,15.75
0.333468098547,10.0833333333,14.75
0.298021476703,16.4166666667,19.1666666667
0.390477311957,12.0833333333,18.8333333333
0.297492238935,15.1666666667,18.0833333333
0.330901565729,12.5,13.9166666667
0.367744244463,11.6666666667,16
0.344389229496,12.4166666667,18.9166666667
0.311412170632,8.5,11.4166666667
0.322254442917,11.75,15.8333333333
0.28000137257,14.8333333333,19.5833333333
0.287221916006,11.6666666667,13.4166666667
0.325488668762,7.16666666667,13.5
0.323375939769,13.25,19
0.335256133159,12.9166666667,18
0.339997577973,12.6666666667,16
0.292715685372,13,16.5
0.356359273542,8,13
0.329532838104,8.41666666667,13
0.347558794667,15,20.4166666667
0.344522818697,13.25,16.5
0.321103932871,9.83333333333,15.0833333333
0.363893927231,11,17
0.318073205772,14.3333333333,16.9166666667
0.291572046277,12.3333333333,14.9166666667
0.325332559632,15.75,18
0.330517814917,11.8333333333,17.8333333333
0.302366409827,9.66666666667,14.3333333333
0.376387922728,10.4166666667,16
0.351406405344,11.6666666667,16.9166666667
0.371113686545,14.8333333333,17.5
0.340273524035,12.75,17.5
0.344102699652,7.75,14.3333333333
0.312872325489,12,17.8333333333
0.330819137488,9.66666666667,13.6666666667
0.33630780013,12.4166666667,17.75
0.369521053212,9.41666666667,15.5
0.328533947117,11.6666666667,14.1666666667
0.30595853985,7,12.9166666667
0.280271369191,11,15.1666666667
0.349845760833,15.5,20.3333333333
0.312540050959,13,17.5
0.32694707768,13.9166666667,18.4166666667
0.313712522046,11.0833333333,15.75
0.36443276788,13.75,17.5
0.347725531412,13.1666666667,17.3333333333
0.335030576935,11.25,15.9166666667
0.334065333117,12.9166666667,19
0.359029188496,11,16.8333333333
0.333440352158,13.8333333333,14.3333333333
0.315385750932,9.16666666667,13.6666666667
0.306303395898,12.5,16.8333333333
0.297588169986,7.16666666667,12.25
0.296908408454,9.25,15.25
0.282100934339,10.3333333333,15.3333333333
0.351776639313,8.58333333333,13.5
0.336211959836,17.5,23.25
0.297612290897,8.75,14.5833333333
0.323107742038,11.1666666667,14.4166666667
0.323678928048,14.5833333333,18
0.294478825952,15.25,19
0.282616864756,8.5,12.5833333333
0.275860978245,16.0833333333,16.75
0.357857376275,12.0833333333,17.9166666667
0.318781150068,15.75,18.4166666667
0.358544027899,10.1666666667,15.25
0.310648264846,11.75,17.5833333333
0.371102551128,13.0833333333,18.1666666667
0.33916527686,11.25,15.5833333333
0.365110940648,12.1666666667,16.9166666667
0.328107158674,13.4166666667,16.75
0.343414756762,12.9166666667,16.5
0.352172642455,7.75,13.75
0.343065506548,15.3333333333,18.1666666667
0.351049750165,12.5833333333,15.8333333333
0.309829084511,13.5833333333,19
0.309943943737,10.1666666667,13.9166666667
0.329494782396,13.6666666667,18.25
0.352272405341,11.9166666667,14.25
0.313095748754,7.41666666667,11.0833333333
0.349468318125,13.3333333333,17.75
0.299687261654,11.0833333333,14.4166666667
0.368275852969,9.83333333333,15.25
0.311659756809,12.3333333333,16.6666666667
0.315008892729,11.5833333333,18.0833333333
0.323594796508,12.5833333333,19.25
0.393530618867,8,15.1666666667
0.388016100396,10.5,17.0833333333
0.333921882269,12.9166666667,15.8333333333
0.383653767395,11.9166666667,16.6666666667
0.336213854133,11.25,15.75
0.259490225645,13.0833333333,14.3333333333
0.324003098056,10.1666666667,14.9166666667
0.32389641872,9.66666666667,14
0.385439881743,12.75,17.5833333333
0.315975864817,9.75,14.1666666667
0.272388070911,12,14.25
0.304400847729,12.5,17.5
0.322491619624,7.41666666667,14.4166666667
0.290944575003,11.0833333333,16.5833333333
0.311606901255,12.9166666667,16.6666666667
0.340706445625,15.1666666667,17.5
0.348744473716,14.3333333333,19.0833333333
0.348000165542,10.5,14.4166666667
0.37746444556,10.1666666667,14.9166666667
0.361013658161,9.5,13.75
0.360265744306,13.3333333333,18.25
0.310708598001,12.8333333333,18.25
0.313333664486,8.41666666667,15
0.351916914405,12.5,17.6666666667
0.343820415631,13.4166666667,16.9166666667
0.323218560835,10.5833333333,15.4166666667
0.351708450523,9.33333333333,17.6666666667
0.32346977724,11.5,18.9166666667
0.352980631157,13.1666666667,17.3333333333
0.341792019917,12.5,16.75
0.368560944787,13.0833333333,19
0.295561022915,14,15.0833333333
0.297943601274,11.9166666667,19.8333333333
0.273723382882,11.6666666667,16.5833333333
0.302407160396,14.1666666667,18.25
0.358376585969,12.4166666667,16.4166666667
0.305439080403,14.75,17.1666666667
0.37060009627,15.0833333333,21.0833333333
0.288528284491,10.25,16.25
0.28149242562,11.5,13.9166666667
0.328352493798,11.9166666667,14.8333333333
0.301446690389,16.1666666667,18.5
0.306190721603,11.0833333333,15.5833333333
0.305299603843,12.8333333333,17.3333333333
0.34239982928,11.0833333333,16.8333333333
0.299325467107,11.8333333333,16.3333333333
0.289766555884,12.5833333333,17.5833333333
0.386119339584,11.1666666667,16.4166666667
0.353030748195,10.3333333333,15.6666666667
0.30214279691,8.5,14.5
0.357957827017,13.6666666667,17.3333333333
0.371682584216,16.3333333333,19.5
0.321851180326,10.25,12.9166666667
0.307429640055,16.5,19.25
0.370036274589,14.75,18.6666666667
0.321988985677,13.4166666667,18.0833333333
0.341219492851,16.75,21.25
0.357246139536,9.08333333333,13.75
0.295260593203,10.75,14.1666666667
0.323258606688,11.9166666667,16.9166666667
0.361773040851,11,14.3333333333
0.339604764618,12.4166666667,17.8333333333
0.30104745416,10.1666666667,15.3333333333
0.334622451356,12.0833333333,14.75
0.312477875329,12.5,15.9166666667
0.382712811427,16,19.8333333333
0.289123849344,11.3333333333,16.1666666667
0.306191243507,10.3333333333,13.4166666667
0.402110338178,8.16666666667,14.3333333333
0.353958266337,13.75,17.75
0.305631967569,16.5,18.8333333333
0.354683084593,13.5833333333,18.1666666667
0.362746321412,11.1666666667,17.25
0.363977495127,10.8333333333,14.25
0.316232466449,11.1666666667,12.8333333333
0.367869972,12.75,15.9166666667
0.285874645166,12.75,14.8333333333
0.286393189832,16.25,20.5
0.332315942305,13.75,17.0833333333
0.362372094142,7,12.75
0.409632387717,10.5,17.1666666667
0.329096433255,10.3333333333,15.3333333333
0.389913811728,7.5,12.75
0.313808019906,11.1666666667,15.5833333333
0.251585335136,17,18
0.348508377353,12.9166666667,17.5833333333
0.355150080957,10.8333333333,15.1666666667
0.328073246992,8.5,14.4166666667
0.351633963101,14.9166666667,18.25
0.348558763414,9.66666666667,17.6666666667
0.347473276077,8.5,12.9166666667
0.363111850658,11.3333333333,14.9166666667
0.27443581398,16.8333333333,20.5
0.338837249418,10.6666666667,16.3333333333
0.373759165875,9.08333333333,14.4166666667
0.326167649915,9.25,14.6666666667
0.329086333528,10.5833333333,14.1666666667
0.280647956803,11.25,15.3333333333
0.317831978611,10.0833333333,15
0.327315103568,10.6666666667,15.25
0.305202538525,11,13.25
0.319640176672,11.0833333333,16.5833333333
0.344318609597,16.1666666667,20.25
0.281198960597,12.3333333333,13.8333333333
0.338481813088,15.75,19.8333333333
0.322372831423,12.75,15.5
0.327472624574,8.66666666667,12.9166666667
0.328283150625,10,15.6666666667
0.350859281947,13.4166666667,16.5833333333
0.320907719326,14.3333333333,19.8333333333
0.309887170632,11.75,16.4166666667
0.356672032204,10.4166666667,16.6666666667
0.362962743867,14.1666666667,15.75
0.34933200555,10.0833333333,15.4166666667
0.382341987758,7.58333333333,11.25
0.338005362915,8.5,13.8333333333
0.330662960373,13.0833333333,16.0833333333
0.342676511414,7.91666666667,13.5833333333
0.323603457854,9.66666666667,13
0.328572006712,14.25,19.3333333333
0.36037889391,9.25,16.5833333333
0.324379945738,12.25,15.5833333333
0.399214034756,14.25,17.8333333333
0.318171876504,9.5,14.75
0.377042892584,9.41666666667,13.3333333333
0.338065519725,16.3333333333,18.5
0.292821626376,11,15.75
0.327751552175,14.9166666667,18.0833333333
0.316994311396,11.1666666667,13.5833333333
0.34635449541,9,15.0833333333
0.387686607947,5.58333333333,12.4166666667
0.271469948958,12.25,17.4166666667
0.344720321519,13.25,17.0833333333
0.360529698689,10.6666666667,15.9166666667
0.343646973884,9.83333333333,16.5
0.3185632426,9,13.6666666667
0.343209436558,11.0833333333,14.5
0.315867395816,14.5,20.6666666667
0.324558778032,10.25,14.75
0.30466651215,9.41666666667,13.25
0.303163842146,14,16.75
0.325997155244,11.5833333333,15.9166666667
0.364293210181,15.9166666667,18.75
0.323531561238,12.5833333333,15.8333333333
0.36738121503,10.8333333333,16.0833333333
0.30004172725,9.5,14.1666666667
0.34062344657,10.0833333333,16.25
0.363222696195,17.5833333333,20.9166666667
0.341079844016,12.0833333333,16.0833333333
0.346307073603,13.5833333333,18.25
0.338686767745,11,17.25
0.343378146786,14.3333333333,18.1666666667
0.3765065032,9.91666666667,13.75
0.32920719383,10.75,15.0833333333
0.317069402942,11.25,16.75
0.293078278428,12.9166666667,16.1666666667
0.34904002035,10.0833333333,14.5
0.341296435076,8.5,15.0833333333
0.330261136713,9.91666666667,16.5833333333
0.336057619296,8.33333333333,14.5
0.353142457063,11.25,19.5833333333
0.288832072164,14.4166666667,19
0.305947359693,11.6666666667,15.5833333333
0.378860546342,10.25,14
0.357648786003,13,18.4166666667
0.325570930363,10.75,13.8333333333
0.295466238901,9.08333333333,14.0833333333
0.338310308345,12.75,18.1666666667
0.302686362273,14.4166666667,16.4166666667
0.321820631437,14,19.9166666667
0.380086888384,12.3333333333,18.4166666667
0.360112533943,11.75,17.5
0.329797144826,13.8333333333,17.5833333333
0.312778586584,15.1666666667,18.75
0.295783317944,10.1666666667,13.9166666667
0.344153114221,9.33333333333,16.3333333333
0.295685340227,13.25,17.9166666667
0.32123059894,13.1666666667,16.25
0.33065335473,10.4166666667,13.5
0.297734560135,10.3333333333,15.5833333333
0.336211959836,11.9166666667,17.5833333333
0.33601256496,15,18.1666666667
0.28629125897,13.4166666667,17.0833333333
0.371114306282,9.91666666667,14.4166666667
0.335397859245,13.4166666667,17.75
0.422486675594,10.25,15.1666666667
0.327989533003,14.5,17.25
0.358756468192,10.75,13.1666666667
0.371244160733,10.75,16.0833333333
0.376969517724,9.83333333333,13.4166666667
0.311854563146,13.0833333333,18.6666666667
0.310877885851,11.0833333333,15.5833333333
0.304163830983,15.5833333333,18.5833333333
0.296660254026,13.5833333333,19.0833333333
0.31214303091,9.75,15.75
0.323188885213,16.4166666667,20.8333333333
0.309218106996,14.25,17.4166666667
0.297896886553,9.75,13.9166666667
0.347144741508,14.75,19.0833333333
0.374369619005,10.8333333333,15
0.356451932838,13.8333333333,19.4166666667
0.326833340219,12.5,16.1666666667
0.299124264482,12.3333333333,16.1666666667
0.323605645013,11.75,14.9166666667
0.347482066819,12.25,14.9166666667
0.37675662435,16.25,20.4166666667
0.253587874118,15.25,20.6666666667
0.364307431405,7.83333333333,13.1666666667
0.322108320002,11.5,16.3333333333
0.28783362295,11.75,14.0833333333
0.315975757967,13.4166666667,16.8333333333
0.275323694475,14.3333333333,18.75
0.368094546889,11.9166666667,18
0.359108710038,9.91666666667,12.6666666667
0.32577684344,8.41666666667,14.5
0.270708683125,13.25,16.9166666667
0.391354392013,11.9166666667,16.6666666667
0.322574440718,7.5,12
0.343195615253,14.75,17.1666666667
0.341086195466,12.5,18.75
0.36990678421,11.5,16.4166666667
0.356876319252,15.4166666667,18.9166666667
0.315399635963,13.3333333333,15.6666666667
0.371843866149,11.5833333333,16.1666666667
0.296915840964,11,13.5
0.337147416454,13.8333333333,17.75
0.320484978993,14.75,18.1666666667
0.307591529022,16.3333333333,22.3333333333
0.311836098322,10.0833333333,14.6666666667
0.286368599257,11.9166666667,14.75
0.38011385654,13.1666666667,16.25
0.360452183746,11.75,15
0.290940961336,16.5,19.25
0.304781888586,8.5,14.5833333333
0.314042228318,11,16.5833333333
0.324246662948,12,14.5
0.375352973289,10.4166666667,15.4166666667
0.302451066797,13.8333333333,16.5833333333
0.350579617903,8.25,12.3333333333
0.311567356498,13,16.9166666667
0.316755668752,10.3333333333,17.1666666667
0.318958822383,13.3333333333,18.1666666667
0.34939926893,12.5833333333,20.6666666667
0.340450855895,8.08333333333,16.1666666667
0.33747802965,9.33333333333,12.0833333333
0.387271907021,13.3333333333,18.0833333333
0.282277800825,13.4166666667,17.5
0.296950046995,11.5,15.5833333333
0.331494049565,12.9166666667,16.4166666667
0.317208096903,12.1666666667,18.5
0.326086493849,14.9166666667,18.25
0.322584843653,12.75,17.1666666667
0.332898376978,5.75,12.9166666667
0.32129050977,18.4166666667,24.4166666667
0.312008288893,12.8333333333,12.8333333333
0.321400293276,16,20.4166666667
0.306204875155,16.0833333333,18.5833333333
0.34798642665,10.3333333333,15.8333333333
0.301439567164,14.25,21.1666666667
0.332410893105,9.5,14.0833333333
0.360400877345,8.66666666667,12.0833333333
0.382852056356,12,15.75
0.388643261901,10.9166666667,18.1666666667
0.347481124185,14.0833333333,17.9166666667
0.290243729366,12.25,16.0833333333
0.351013694206,8.41666666667,14.5833333333
0.323921210543,10.0833333333,14.5833333333
0.298910710678,12.8333333333,16
0.370211526111,13.3333333333,16
0.311177967255,11.3333333333,16.8333333333
0.338568208284,11.1666666667,12.25
0.315456491363,11.0833333333,16.3333333333
0.256408070215,12.1666666667,17
0.360986873816,11.9166666667,16.8333333333
0.35738340788,9.66666666667,15.4166666667
0.285560648647,9.33333333333,15.25
0.310092841134,12,16.5
0.337013901489,13.3333333333,18.3333333333
0.337783272236,13.0833333333,19.3333333333
0.380895597326,10,16
0.320949633521,12.75,17
0.342721999912,11.25,18.5
0.323803940802,11,15.3333333333
0.281752252769,7.83333333333,14.0833333333
0.335705064697,11.8333333333,16
0.303690059629,11.5833333333,17.6666666667
0.33311287478,11.4166666667,16.3333333333
0.355766752077,13.5833333333,14.9166666667
0.362938379924,14.6666666667,17.25
0.345549857077,13.0833333333,15.75
0.318220353002,11.5,16.8333333333
0.327250715868,12.0833333333,16
0.330732076471,12.5,18
0.384634187909,13.6666666667,15.1666666667
0.321758175836,11.1666666667,15.75
0.31079610947,11.9166666667,16
0.341420979375,15.9166666667,19.4166666667
0.311638097693,10.5,15
0.331912216183,14.0833333333,19.0833333333
0.348020863056,14.3333333333,18.4166666667
0.34439693684,9.91666666667,13.75
0.349900596421,10.1666666667,15.9166666667
0.371957813237,13.3333333333,17.5
0.28385191749,11.8333333333,19.3333333333
0.294285183825,11.1666666667,16.75
0.261138014892,11.0833333333,15.5
0.303549466409,12.1666666667,14.75
0.353694488206,13.1666666667,17.3333333333
0.347475464249,10.25,15.8333333333
0.373137912911,11.3333333333,14.8333333333
0.415037424794,9.5,13.25
0.33600230747,11.0833333333,14.3333333333
0.377258128067,13.75,19.25
0.311884114625,11.9166666667,15.4166666667
0.35564974211,9.16666666667,16.1666666667
0.359315913365,11.4166666667,16.25
0.296118400171,10.3333333333,15.6666666667
0.35738559978,14.8333333333,18.1666666667
0.293017775149,11.6666666667,15.75
0.360778940851,13.6666666667,19.5833333333
0.285351345143,13.8333333333,17.6666666667
0.295184675306,9,14.75
0.385906343384,9.83333333333,14.6666666667
0.354442251268,14.9166666667,16.5
0.331398544276,11.4166666667,14.9166666667
0.382133841497,10.6666666667,16.25
0.306502263003,13,17.0833333333
0.317486179699,13,18.0833333333
0.266695078719,11.3333333333,17.0833333333
0.348356720255,12.4166666667,16.8333333333
0.348986153427,12.5,16.4166666667
0.315814436943,10.75,15.75
0.295163969064,11.0833333333,17.3333333333
0.346389056585,10.3333333333,14.8333333333
0.358290483145,10.25,15.75
0.304601062677,13.4166666667,17.0833333333
0.286895822824,5.66666666667,11
0.353879532893,10.4166666667,14.75
0.325803242461,8.33333333333,13.0833333333
0.311080052799,8.41666666667,12.9166666667
0.353199785877,10.75,17.25
0.310834815275,8.58333333333,11.5833333333
0.38454129406,13.75,18.4166666667
0.341657808173,12.5833333333,15.4166666667
0.322487802483,7.16666666667,14.4166666667
0.360011718824,11.8333333333,14
0.309318148583,13.9166666667,17.5833333333
0.305657957553,12.5,14.9166666667
0.332659177948,9.83333333333,13.75
0.325617132306,9.83333333333,13.75
0.327651730714,13.0833333333,17.75
0.368952934846,10,17.9166666667
0.364163902162,14.9166666667,18.3333333333
0.315198788353,9.58333333333,14.5
0.312862644314,13.1666666667,15.9166666667
0.327132362027,14.5833333333,17.3333333333
0.339723842513,10.25,14.9166666667
0.322560797039,12,14.0833333333
0.358387019095,12.5,16.8333333333
0.360561703559,11.5,16.3333333333
0.313630439813,10.5,17.0833333333
0.310034648188,14.3333333333,19.75
0.350426684404,13.5833333333,19.5833333333
0.37643008217,13.3333333333,15.8333333333
0.350406848088,12.9166666667,15.8333333333
0.334343157153,9.91666666667,13.25
0.347477244942,12.0833333333,16.25
0.337743262174,9.75,14.1666666667
0.366969072669,10.0833333333,15.3333333333
0.3605050586,10.9166666667,17.9166666667
0.298866650249,9.91666666667,15.5833333333
0.361925999196,13.6666666667,16.6666666667
0.318249525282,13.5833333333,15.5833333333
0.301781412954,12.9166666667,15.5833333333
0.340580008547,11.5,15.9166666667
0.329682862951,9.08333333333,13.9166666667
0.313186363562,13.0833333333,17.6666666667
0.361424500919,12.5,16.5
0.401556113295,11,15.8333333333
0.291983372749,11.3333333333,17
0.30511443905,15,19.5833333333
0.339945221894,13.75,16.8333333333
0.319157735473,8.75,13.5
0.378303813157,12.5833333333,17.25
0.303792280057,7.5,14.4166666667
0.280416874594,9.33333333333,13.3333333333
0.307011308626,14.5,17.5
0.279926216674,12.0833333333,16.25
0.326794899659,13.25,17.6666666667
0.369325661761,9.58333333333,14.5833333333
0.32817760724,11,14.4166666667
0.360376728062,8.5,12.1666666667
0.286291316955,12.0833333333,15.6666666667
0.287393831515,12,14.5833333333
0.335433502536,14.0833333333,19.4166666667
0.382262345299,11.6666666667,13.4166666667
0.331323125291,13.5833333333,20.4166666667
0.305784680156,15.6666666667,19.5833333333
0.315943893546,10.8333333333,15.6666666667
0.357532359269,9.33333333333,13.25
0.332527057053,11.6666666667,15.8333333333
0.376148933863,11.6666666667,14.5
0.345441986257,8.5,13.5
0.367134038279,14,18.3333333333
0.321260177625,13.25,17
0.333394020013,10.5833333333,14.25
0.324026389412,7.08333333333,13.75
0.382057694959,9.58333333333,13.9166666667
0.347114171219,13.8333333333,16.9166666667
0.331848573374,12.5,17.25
0.300769618195,15.0833333333,16.9166666667
0.303925005962,11.0833333333,15.75
0.357195635507,11.9166666667,17.4166666667
0.288062213921,13.5833333333,17.5
0.310473993758,12.5833333333,17.3333333333
0.390629379187,13.5833333333,18.1666666667
0.357804528971,16,19.5
0.311975453149,12.1666666667,17.8333333333
0.339764464697,10,14
0.341005321548,13.8333333333,18.25
0.357302274552,7.5,14.8333333333
0.314627970037,13.75,17.9166666667
0.333035128013,13.8333333333,16.6666666667
0.330982567673,10.4166666667,12.75
0.3042030927,12,18.3333333333
0.288789282944,10.6666666667,15.6666666667
0.345381743358,13,16.6666666667
0.34267482131,12.1666666667,15
0.37055920746,11.4166666667,14.8333333333
0.353509757428,14.3333333333,17.1666666667
0.380008653349,14.4166666667,17.6666666667
0.331540406956,11.75,14.5833333333
0.31360986108,13.8333333333,18.9166666667
0.306352656934,9.41666666667,11.8333333333
0.317130546751,9.5,14.5833333333
0.392595286902,12.0833333333,14.5833333333
0.310983694448,12.5,16.8333333333
0.357645710778,13.0833333333,16.6666666667
0.319968365937,14.0833333333,16.3333333333
0.340134629522,9.25,12.5
0.393128007449,10.75,16
0.356738974462,13.5833333333,17.8333333333
0.32139603009,17.6666666667,21.9166666667
0.343044334861,13.5,15.1666666667
0.333945268303,11.3333333333,15.0833333333
0.365909196779,12.6666666667,17.0833333333
0.304583441961,10.5833333333,15.4166666667
0.288522574775,12,15.1666666667
0.346242598155,5.5,11
0.317427899676,15,16.5833333333
0.310849646685,10.0833333333,14.1666666667
0.348734615504,14,16.8333333333
0.344576673463,9.66666666667,14
0.344467651831,10.1666666667,13
0.318446060266,14.75,18.3333333333
0.386065118598,12.25,17.3333333333
0.29921918923,14.75,19.9166666667
0.331962160368,12.75,16.5833333333
0.309501185054,14.25,17.0833333333
0.370573690941,8.41666666667,13.5833333333
0.38348129728,8.41666666667,13.5
0.360578126459,10.8333333333,17.0833333333
0.343691080598,13.0833333333,18.4166666667
0.345782818607,13.75,16.6666666667
0.306203144545,12.25,18.0833333333
0.337677744673,10.3333333333,12.9166666667
0.363517359451,8.16666666667,14.1666666667
0.333021099136,9.5,14.9166666667
0.33549924458,14.6666666667,16.9166666667
0.349809921604,8.25,13.1666666667
0.331575549165,11.4166666667,17.6666666667
0.294226429622,12.5833333333,16.4166666667
0.285492864357,13.3333333333,16
0.278821926943,13,15.4166666667
0.264666147878,11.1666666667,14.75
0.339258404671,12.5,16.9166666667
0.288280382997,9.08333333333,14.8333333333
0.298706210999,10.75,13.0833333333
0.36434588855,10.6666666667,15.25
0.348116778539,16.8333333333,21.5833333333
0.352587461641,11.6666666667,17.5
0.335122130099,9.16666666667,11.6666666667
0.345700418721,12.75,19
0.307679324395,10.4166666667,15.5
0.347241935797,9.5,17.6666666667
0.301001960767,10.9166666667,15.25
0.4016239309,12.4166666667,17.3333333333
0.313850707316,11.9166666667,16.25
0.315311946524,12.25,15.9166666667
0.33280647386,11,15.75
0.315577796258,10.5833333333,14.4166666667
0.326233137034,12.0833333333,14.1666666667
0.348202336177,12.6666666667,14
0.335601585424,9.08333333333,12.25
0.297173333333,9.25,14.4166666667
0.319840068229,14.0833333333,17.6666666667
0.336601878183,12.5833333333,16.8333333333
0.322977524423,11.3333333333,16.1666666667
0.357727724919,14.1666666667,16.5
0.364141279187,10.5833333333,13.8333333333
0.32807460488,14,17.5833333333
0.306488624474,10.0833333333,13.9166666667
0.318201489533,13.5833333333,18.8333333333
0.315612541946,9.25,15.1666666667
0.290299477047,14,19
0.323029606079,11.0833333333,16.8333333333
0.31145696315,13.75,18
0.323370660575,8.66666666667,15.5833333333
0.354896117871,11.5833333333,19.8333333333
0.323559258079,8.75,13.0833333333
0.366029924073,11.4166666667,16
0.303818025265,15.8333333333,18.75
0.304253811923,12.25,15.5833333333
0.350669838794,10.3333333333,18.25
0.330322523303,6.75,13.0833333333
0.272523833585,9.25,13.75
0.368641968995,12.6666666667,17.5
0.376182723606,12,15.4166666667
0.332792240557,12.1666666667,19
0.370307075192,10.6666666667,16.3333333333
0.322096437545,10.0833333333,11.9166666667
0.338110374749,11.5833333333,18.5
0.328829139515,12.6666666667,15.6666666667
0.307858167039,11.6666666667,15.25
0.343632276903,12,16.75
0.309024594951,10.1666666667,16.1666666667
0.34841334772,14.8333333333,19.25
0.332880995992,9.41666666667,13
0.288502465289,8.58333333333,14.75
0.350775689383,11.1666666667,17.0833333333
0.333944585564,12.75,16.4166666667
0.352136442533,14.4166666667,19.6666666667
0.34834943546,14.25,21.8333333333
0.361904594506,9.66666666667,14.6666666667
0.386591276682,8.91666666667,13.4166666667
0.379394120853,12.3333333333,17.0833333333
0.303221543444,11.6666666667,17.6666666667
0.296429972076,10.25,16.8333333333
0.392029208471,12.5833333333,17.5833333333
0.303042259791,13.4166666667,17.5833333333
0.312731577175,14.1666666667,17.6666666667
0.331447096082,11.6666666667,18.5
0.270979516464,13.25,14.6666666667
0.355748373102,12,16.75
0.314443778332,8.5,13.25
0.3363030663,14.0833333333,16.6666666667
0.380526401252,13.9166666667,16.1666666667
0.34999282624,12.9166666667,19.5
0.347709321605,11.5833333333,16.5
0.379146961987,12.9166666667,16.5
0.296092665244,10.6666666667,17.25
0.322152296372,15.5833333333,19.4166666667
0.368096176504,9.5,13.5
0.320160762651,11,14.8333333333
0.358927701056,8.66666666667,14.5833333333
0.338008462613,15.25,18.0833333333
0.303539829817,12.3333333333,16.5833333333
0.330005830456,9,13.9166666667
0.325184661061,12.0833333333,16.5
0.354094876171,15.8333333333,19.8333333333
0.34397427874,12.6666666667,15.1666666667
0.324482489141,8.58333333333,12.4166666667
0.33122505608,13.1666666667,15.5833333333
0.363477307821,8.83333333333,14.75
0.319674954911,11,14.5833333333
0.417476813715,12,16.5
0.340733200101,17.4166666667,20.5833333333
0.281761862592,10.25,15.3333333333
0.26819499611,10.3333333333,12.75
0.377582734338,11.5833333333,13.75
0.351958263165,9.16666666667,14.3333333333
0.295804467937,11.4166666667,16.0833333333
0.311427463448,12,14.9166666667
0.285878904295,14.25,19
0.307024018695,13.6666666667,18.5833333333
0.318178065354,13.25,16.8333333333
0.347119133658,14.25,20.8333333333
0.346267701728,13.8333333333,15.9166666667
0.366696430681,14.8333333333,18.3333333333
0.348985782732,12.25,18.3333333333
0.373918656667,11.5,14.6666666667
0.379897200166,12.9166666667,16.8333333333
0.308916981498,13.5,18.3333333333
0.314310398595,12.3333333333,15.75
0.345163347855,13,16.3333333333
0.318406393597,13.5,17.6666666667
0.367191520016,12.1666666667,18.4166666667
0.324556531416,12.4166666667,15.3333333333
0.3629475229,12.75,16.0833333333
0.375064559446,9.33333333333,13.8333333333
0.372325681994,15.5833333333,17.1666666667
0.303838927613,13.4166666667,18.0833333333
0.291144720243,12.5,16.8333333333
0.355241904154,12.9166666667,16.25
0.374112659123,11.5833333333,18.3333333333
0.333318928387,10.75,15.6666666667
0.393845556989,14.25,19.4166666667
0.286350984583,12.1666666667,17.1666666667
0.354198951052,12.3333333333,17.1666666667
0.337380111955,15.25,17.6666666667
0.334079205811,9.08333333333,12.9166666667
0.342298560935,10.5,16.5
0.33255197026,14.75,17.9166666667
0.317644356775,11.75,17.8333333333
0.342698149772,9.25,14.6666666667
0.364717206655,10.1666666667,14.8333333333
0.415287081954,11.0833333333,15.8333333333
0.355713166051,11.25,15.25
0.315754414654,12.6666666667,16.75
0.376973759112,14,15.4166666667
0.299250398353,13.5,16.75
0.351266536211,10.1666666667,15.25
0.333991203284,15.1666666667,17
0.349685220261,12.1666666667,17.9166666667
0.350087899209,9.83333333333,16.25
0.333549193089,9.91666666667,15.0833333333
0.323405632891,11.8333333333,15.25
0.325733861643,13.0833333333,17.3333333333
0.323126898511,13.1666666667,17.1666666667
0.313748743587,12.0833333333,16.75
0.325507958279,14.5,17.9166666667
0.326541174948,11.25,16
0.313762031395,16.25,19.0833333333
0.388200055927,11.5,17.1666666667
0.347656040142,10.9166666667,17.5
0.355456743715,8.25,14.1666666667
0.323748937108,13.3333333333,18.25
0.325897166619,12.0833333333,16.5
0.371141740819,12.8333333333,18.3333333333
0.352157146506,7.83333333333,13.75
0.309391404846,9.75,17.75
0.336103841437,8.91666666667,15.25
0.290240181509,12.75,15.5
0.335724142312,12.25,15.0833333333
0.310244898719,13.4166666667,16.5833333333
0.323655658091,16,18.3333333333
0.294448563594,13,16.9166666667
0.342780140022,9.25,12.6666666667
0.365649238209,9.75,16.8333333333
0.346811927593,15.5833333333,18.75
0.370065854034,10.25,14.1666666667
0.315657266638,13.5,17.6666666667
0.34105760288,15.9166666667,21.3333333333
0.332864128791,10.25,14.3333333333
0.331623506615,17.9166666667,21.75
0.350720516359,15.5,18.8333333333
0.335768823668,9.5,14.5
0.356109750337,10.5,14.0833333333
0.308838585895,10.5833333333,14.75
0.359667750988,6.58333333333,12
0.349349481772,11.5833333333,16.5833333333
0.368228475213,14.25,19.75
0.316684813111,8.66666666667,12.9166666667
0.342085454781,8.08333333333,13
0.364319684992,13.9166666667,19.3333333333
0.323077555812,11.5833333333,16.3333333333
0.323105943466,10.5,13.3333333333
0.307975062309,9.91666666667,15.5
0.326766514869,12.75,15.9166666667
0.325428979181,10.4166666667,15.4166666667
0.285536869493,14.0833333333,18.3333333333
0.301841473179,12.8333333333,17.5
0.330375499013,12.8333333333,18.1666666667
0.327831844191,10.9166666667,15.0833333333
0.321371585896,12.9166666667,17.8333333333
0.304396048558,12.75,17
0.336739250075,13.3333333333,18
0.344678580855,9.25,12.75
0.275964211155,11.0833333333,14.4166666667
0.347943955116,12.8333333333,16.75
0.334382616069,13.8333333333,19.0833333333
0.290844014097,9.16666666667,15.3333333333
0.349596349596,11.1666666667,16.9166666667
0.347901462833,14.3333333333,19.3333333333
0.334693726297,10.8333333333,15
0.321424739835,11.75,14.0833333333
0.337723025039,12.0833333333,14.6666666667
0.366617490559,12,17.8333333333
0.367266537712,11,15.25
0.345965134743,13,16.4166666667
0.295018053905,13.0833333333,16.9166666667
0.301689674817,9.58333333333,14.75
0.324082927282,12.3333333333,16.6666666667
0.337807714719,10,12.5
0.321346050896,14.6666666667,16.4166666667
0.32718168362,13.8333333333,17
0.313658265288,16.5833333333,21.25
0.271011754289,12.6666666667,16.5833333333
0.361443470058,11.3333333333,15.3333333333
0.325199417703,12.75,16.8333333333
0.310130113713,8.5,12.6666666667
0.302448800059,14,17.4166666667
0.347945346862,10.8333333333,16
0.293884908994,12.3333333333,17.8333333333
0.337470992538,12.4166666667,16.8333333333
0.319221955769,11.75,16.9166666667
0.354176925791,17.4166666667,21.5
0.361990140751,9.83333333333,15.0833333333
0.311472676752,11.8333333333,16.6666666667
0.365181614622,12.5833333333,17
0.317902952226,13.5,17.9166666667
0.339920115259,15.75,18.8333333333
0.356087131544,12.4166666667,16.9166666667
0.312524720675,10.6666666667,15.75
0.31797698516,8.91666666667,16.6666666667
0.316283586921,13.1666666667,19
0.340320261992,12.4166666667,17.25
0.32081400541,10.5,16.0833333333
0.3019808455,10.8333333333,16.1666666667
0.319409780233,9.16666666667,15.6666666667
0.364849265421,14.5,18.25
0.37279027053,8.58333333333,14.75
0.324358872538,9.08333333333,17.5
0.357869611531,8.5,14.1666666667
0.311746168882,13.8333333333,20.25
0.362927673454,12.5833333333,16.5
0.384147587319,7.33333333333,12.1666666667
0.351844029245,13.25,15.5833333333
0.348259526714,9.83333333333,14.5
0.302846905685,11.1666666667,15.6666666667
0.325478472574,13.5833333333,19.4166666667
0.367828268531,11.0833333333,15.0833333333
0.323027935491,12.25,16.3333333333
0.363504910408,10.75,16.6666666667
0.309825515495,12,16.25
0.351409589332,12.9166666667,18
0.390778070613,11.8333333333,15.9166666667
0.28728210933,14,17.6666666667
0.362602641135,12.4166666667,15.5833333333
0.315005088489,13.75,16.25
0.310950694497,10.9166666667,14.9166666667
0.272755237338,11.1666666667,13.6666666667
0.292613213275,12.0833333333,15.6666666667
0.294139942984,10.75,15.5
0.362312548921,12.5,16.4166666667
0.287252000503,13.5,16.5833333333
0.305199652493,11.25,17.5
0.322875703783,10.5,17.5
0.381092923965,11.8333333333,16.6666666667
0.309809802702,10.9166666667,16
0.339085579726,11.9166666667,14.1666666667
0.346521659035,9.5,14.5
0.339623333092,14,19.1666666667
0.35583078445,11.75,15
0.31851344847,14.6666666667,18.5833333333
0.430467751408,11.75,18.3333333333
0.334061372993,11.5,14.4166666667
0.276744077797,14.75,19
0.374520995718,12.4166666667,15.75
0.340304428323,13.25,17.3333333333
0.355745294244,12.6666666667,15.75
0.316630072687,11.3333333333,16.6666666667
0.348720268318,9.25,13.1666666667
0.349287121815,12.5833333333,14.5
0.300626967864,11.0833333333,16.3333333333
0.389701163006,11.0833333333,15.25
0.24668412579,14.5,18.25
0.35181139315,9.83333333333,16.0833333333
0.30940622573,9.75,14.75
0.306652696548,15.6666666667,19.4166666667
0.306538747796,14.75,20
0.333083673632,12.75,15.9166666667
0.294141334988,14.25,16.6666666667
0.320981160452,11.6666666667,17.8333333333
0.320481309582,11,14.9166666667
0.396525916028,9.16666666667,14.1666666667
0.33049666414,11.0833333333,15.8333333333
0.350787975751,5.58333333333,11.6666666667
0.354752636395,11.8333333333,17
0.33152231113,17.3333333333,21.0833333333
0.316181480191,14.9166666667,17.4166666667
0.315352481699,10.8333333333,14.5
0.37925032575,10.8333333333,16.3333333333
0.337676805185,12.5833333333,19.4166666667
0.317844547005,12.3333333333,15.25
0.268753110535,12.1666666667,14.3333333333
0.350266610918,12.6666666667,16.4166666667
0.332769154915,14.8333333333,16.3333333333
0.392821700137,10.8333333333,14.1666666667
0.331871789013,13.5833333333,17.5833333333
0.337244428283,16.5833333333,23.75
0.354840231173,14.25,15.5833333333
0.34527516888,10.8333333333,16.4166666667
0.308488738645,14.0833333333,17.6666666667
0.350739267759,12.0833333333,18.75
0.321345279176,10.4166666667,15.75
0.355637608427,11.5833333333,16.8333333333
0.339876732685,13.0833333333,18.6666666667
0.284005738647,13.75,14.25
0.357790244391,9.58333333333,16.5833333333
0.340729588736,11.5,16.5833333333
0.324786972412,10.5833333333,15.75
0.271458788175,12,15.5833333333
0.3044112452,8.66666666667,14.8333333333
0.351061910522,10.75,16.0833333333
0.291326885297,13.0833333333,15.6666666667
0.289519824856,15,20.5
0.321525972984,11.75,16.4166666667
0.33628528396,11.9166666667,17.5833333333
0.335161864917,14.75,16.25
0.357502517623,12.75,18.25
0.267249696555,12.4166666667,15.3333333333
0.311820375324,14.75,17
0.327967987892,13.75,16
0.353395924947,15.8333333333,19.4166666667
0.311393262038,9.08333333333,16.25
0.33008973335,13.1666666667,16.8333333333
0.34292676879,14.75,16.75
0.349131022345,14.8333333333,17.75
0.319445366397,12.75,18.3333333333
0.27023806467,14.8333333333,17.75
0.353115118976,13.1666666667,17.0833333333
0.365849133407,12.9166666667,18.0833333333
0.312298206461,9.41666666667,15
0.34115084436,11.4166666667,17.0833333333
0.383479677482,13.0833333333,16.0833333333
0.306591089121,13.25,17.3333333333
0.328343079691,12.25,17.5833333333
0.359157111869,7.91666666667,14
0.304256868511,15.1666666667,17.5833333333
0.341265465409,11.0833333333,15.5
0.327940583368,9.83333333333,15.6666666667
0.298238705061,13.9166666667,17.3333333333
0.319066549641,9.58333333333,14.75
0.344498305208,12.8333333333,16.3333333333
0.305586268625,8.5,15.0833333333
0.40629743487,13.75,16.9166666667
0.359880938015,13.1666666667,16.1666666667
0.357605230105,11.4166666667,14.4166666667
0.321751402613,13.5,19.8333333333
0.306115630491,13.3333333333,18.1666666667
0.361382930561,10,16.5833333333
0.325776683564,12.3333333333,16.8333333333
0.368424499372,13.6666666667,17.3333333333
0.365572296357,7.58333333333,15.0833333333
0.33203215829,11.0833333333,13.3333333333
0.386566206402,9.75,13.25
0.334118171116,11.1666666667,15.9166666667
0.328444096951,11,17.9166666667
0.297728968282,10.75,14.4166666667
0.307567579574,13.5,17.5833333333
0.36224448045,11.4166666667,15.5833333333
0.366073576636,10,16.5
0.346712469286,12.5,16.0833333333
0.368151221653,11.8333333333,15.3333333333
0.311964309323,8.75,14.5
0.312407120978,11.5833333333,15.5833333333
0.343696461635,14.25,17.5833333333
0.335551009037,12.75,17.5833333333
0.263959269139,14.75,17
0.361955759944,11.25,13.0833333333
0.301372279142,14.5,19.25
0.344250570578,14.3333333333,16
0.311657861006,10.5,16.25
0.360879910187,7.66666666667,9.66666666667
0.327008273362,10.25,15.25
0.294853173232,12.3333333333,18.25
0.299011147472,8,10.6666666667
0.300354853615,14.3333333333,19.5
0.312755387495,10,14.5833333333
0.279689694803,11.3333333333,17.6666666667
0.361348948785,13.6666666667,18.8333333333
0.313008948644,8.08333333333,12.5
0.336515881844,11.9166666667,15.8333333333
0.363211536408,11.5833333333,17.6666666667
0.334766457123,9,14.9166666667
0.351182630567,12.5,17.5833333333
0.39294356575,8.58333333333,13.8333333333
0.320788750871,14.25,19.9166666667
0.335735338851,14.3333333333,18.5833333333
0.345343298916,16.6666666667,20.25
0.373374116468,14.75,20.5
0.33634138664,11.0833333333,17.6666666667
0.337424596326,12.0833333333,17.3333333333
0.338600051222,11.25,16.5
0.312913919294,13,17.75
0.316239538916,12.4166666667,18.1666666667
0.362771108906,8.91666666667,14.1666666667
0.363170247701,10.3333333333,16.5
0.339827348795,14.0833333333,17.0833333333
0.342221147295,10.4166666667,14.9166666667
0.247814894044,12.6666666667,17.4166666667
0.350376247898,11.4166666667,17.4166666667
0.344781841928,11.3333333333,19.0833333333
0.29063938729,11.6666666667,15.5
0.307609712376,13.1666666667,17.5833333333
0.285246994158,10.25,15
0.33363288997,10,15.25
0.309674959167,12.75,19.25
0.310137483397,8.75,13.25
0.348244286282,14.8333333333,18.25
0.388866434333,12,18.1666666667
0.334963179138,10.75,17.25
0.315856637312,10.3333333333,16
0.349012248957,12.75,17.9166666667
0.346386279437,11.8333333333,17.3333333333
0.352672504479,13.8333333333,19.6666666667
0.379460853385,16.3333333333,22.25
0.328662210598,11.3333333333,14.4166666667
0.297711720061,13.75,16.25
0.367388954163,9.5,13.5833333333
0.374493173911,11.5,16.5833333333
0.376776219389,11.1666666667,15.9166666667
0.358961241039,9.91666666667,15.1666666667
0.312529472285,14.9166666667,17.0833333333
0.342169371647,13.9166666667,19.4166666667
0.292701892787,11.5,16.25
0.295614681906,10.8333333333,14.3333333333
0.358942427075,8.33333333333,13.5
0.386941464884,8,10.9166666667
0.314609554134,15.6666666667,19.75
0.333448047651,12.5,17.4166666667
0.322194730716,11.9166666667,14.9166666667
0.362549410073,12.1666666667,16.4166666667
0.338765873232,12.6666666667,15.25
0.373229809127,8.58333333333,14.25
0.314590945248,10.4166666667,15
0.321813333333,8.83333333333,13.3333333333
0.30347309777,10.6666666667,15.3333333333
0.307144830031,12.3333333333,16.75
0.257548103878,14.1666666667,15.9166666667
0.324777195851,14.9166666667,20.25
0.36682470984,9.58333333333,14.0833333333
0.334704424705,11.0833333333,16.25
0.33264711087,11.5,14.5
0.327377559836,7.33333333333,13.1666666667
0.290922307202,16.5,19.5833333333
0.317775336929,12.25,16.75
0.363218217972,10.3333333333,14.0833333333
0.330627246188,13.75,16.9166666667
0.353321446818,10.6666666667,12.6666666667
0.420430423857,12.8333333333,18.9166666667
0.344561668143,13.6666666667,16.75
0.328138829182,14,19.3333333333
0.350375184002,10.5,13.1666666667
0.325177914402,11.3333333333,15.1666666667
0.332141675328,11.5833333333,16.25
0.355532640226,10.75,14.5
0.369759496163,12.0833333333,16.6666666667
0.320618142016,11.25,14.6666666667
0.339491966136,15.5,17.5833333333
0.264604177712,12.0833333333,14.6666666667
0.345773417854,8.5,14.1666666667
0.301708914867,10.9166666667,17.5
0.336648742479,13.6666666667,18.3333333333
0.342975939562,10.3333333333,14.8333333333
0.316293616874,12.5,17.3333333333
0.350337425402,14.0833333333,19.75
0.364257582674,10.5,16.6666666667
0.316496795816,12.4166666667,14.1666666667
0.316383094247,10.9166666667,14.6666666667
0.337544065805,8.16666666667,14.0833333333
0.318943481965,9.5,13.4166666667
0.319911892302,14.5833333333,17.9166666667
0.347612127586,7.41666666667,14.1666666667
0.320065902811,15.25,16.75
0.337786546469,12.6666666667,17.8333333333
0.325155939807,9.25,11.5833333333
0.339747179812,8.33333333333,12.6666666667
0.326901985254,12.9166666667,17.75
0.377867665787,11.25,16.75
0.311208741491,10.5833333333,14.9166666667
0.328320612537,11.5833333333,15.0833333333
0.297023781511,9,16.5
0.303377970841,14.25,15.3333333333
0.304732824427,12.1666666667,16.4166666667
0.316374292268,11.8333333333,15.75
0.332456546501,11.3333333333,15.75
0.265451659243,13.6666666667,18.9166666667
0.374647406403,12.8333333333,18.1666666667
0.343347398195,12,16.25
0.375387833502,7.58333333333,14.6666666667
0.350218403034,10.25,15.1666666667
0.332708685428,12.5833333333,17.6666666667
0.281776882074,11.6666666667,16.5833333333
0.368323556653,8.91666666667,12.9166666667
0.350665217568,10.25,16.8333333333
0.337772398337,14.75,20.1666666667
0.363668877993,9.5,15
0.331107603551,12.3333333333,16.5833333333
0.373100928286,7.41666666667,13.5
0.306431476783,12.0833333333,18.0833333333
0.320597401546,12,13.25
0.319582230017,11.5,15.1666666667
0.291637269182,13.1666666667,17.25
0.33071921156,7.25,13.0833333333
0.304628213984,9.91666666667,14.3333333333
0.341939860744,9,14.5833333333
0.322994281093,10.1666666667,15.0833333333
0.309239107512,10.25,15.0833333333
0.30274051842,7.91666666667,14.4166666667
0.279810618169,7.75,13.4166666667
0.338995731997,12.1666666667,15.1666666667
0.304244678296,8.08333333333,15.3333333333
0.353793422937,11.3333333333,15.6666666667
0.341273036775,10.0833333333,14.5833333333
0.349673493027,15.1666666667,18.75
0.345940211511,12.6666666667,17.4166666667
0.31364911063,12.6666666667,16.4166666667
0.397389364989,13.1666666667,19.6666666667
0.300867060848,12,15.5
0.322159151072,11,16.8333333333
0.302018168343,14,17.4166666667
0.368658672217,13.0833333333,17.3333333333
0.320253356823,10.0833333333,14.5
0.334021622881,14.25,19
0.342196129059,10,12.6666666667
0.26410496777,13.5833333333,16
0.370453623053,13.1666666667,19.8333333333
0.304474947709,9.5,15.5
0.3358380598,9.5,14.1666666667
0.350063446305,12.0833333333,17.5833333333
0.279159049918,10.6666666667,16.0833333333
0.302935331823,12.5833333333,18.1666666667
0.350569544798,10,16.0833333333
0.332317542402,7.5,14.3333333333
0.345098709273,11.25,13.75
0.354327222249,8.91666666667,13
0.396900021743,10.9166666667,16.4166666667
0.33788746111,10,14.25
0.361012237846,14.25,19.6666666667
0.328846452551,12.6666666667,17.6666666667
0.352875318066,10.6666666667,13.25
0.339623635521,11.4166666667,16.25
0.337491714038,10.5833333333,16.3333333333
0.346424460007,12.75,16.9166666667
0.327360780363,14.75,20.4166666667
0.317092702472,5.91666666667,12.8333333333
0.383819614014,11.5833333333,14.8333333333
0.361318130911,15.1666666667,19
0.291809039035,9,12.75
0.368942572241,10.1666666667,14.75
0.378773730821,11.4166666667,18.1666666667
0.30467908602,7.5,15.4166666667
0.340712222404,12.1666666667,17.1666666667
0.292764451435,13,14.5833333333
0.342102404555,11.3333333333,14.4166666667
0.337072085856,12.75,19.25
0.322022338292,10.25,14.5
0.282644916012,12,13.75
0.338863383,11.25,16.25
0.283600062507,13.6666666667,17.8333333333
0.334391121043,13.0833333333,16
0.320431318295,12.1666666667,16.5833333333
0.33097807793,10.75,16.25
0.343843257525,12.5,15.5
0.324151797518,12.1666666667,16.5
0.30257805763,11.3333333333,14.5
0.330535674087,9.75,13.1666666667
0.346678804986,13.75,17.4166666667
0.295018053905,14.9166666667,17.3333333333
0.345940231938,14.3333333333,21
0.35176247045,14.5,18.0833333333
0.311747950309,11,16.5
0.332833517348,10.4166666667,15.25
0.318894043342,14.0833333333,17.5
0.303284654929,11.25,14.3333333333
0.3112164297,7.75,13.5
0.338405943248,10.25,16.6666666667
0.372319121179,15.0833333333,20.1666666667
0.33888221939,13.3333333333,16.5833333333
0.339355940311,14,18.9166666667
0.368086983421,10.8333333333,16.8333333333
0.326333324446,8.41666666667,14.8333333333
0.317691240202,11.25,16.75
0.290521532976,12.3333333333,16.6666666667
0.27821344769,12.4166666667,18.25
0.318839857215,11.8333333333,15.4166666667
0.384513333333,12.1666666667,16.8333333333
0.324137377581,11.5,15.1666666667
0.351579700166,13.4166666667,16.6666666667
0.337568442557,14.25,18.9166666667
0.329085938284,13.5,15.9166666667
0.358106857274,13.8333333333,19
0.363824296898,13.9166666667,17.25
0.324298221107,9.91666666667,16.5833333333
0.271437208985,14.0833333333,17.25
0.357006313807,10.5833333333,16.0833333333
0.328007058781,9.41666666667,15.4166666667
0.336677342867,9.91666666667,16
0.27738740966,9.91666666667,14.25
0.318100316638,12.25,18.25
0.334779419719,9.83333333333,14.9166666667
0.327547628181,7.33333333333,14.4166666667
0.376062258547,12.5833333333,17.8333333333
0.296083080698,11.4166666667,15.25
0.335288173424,13.75,19.0833333333
0.363134952127,11.6666666667,15.6666666667
0.302273402184,9.58333333333,14.1666666667
0.346405209289,9.16666666667,14.5833333333
0.321376657545,10.9166666667,13.4166666667
0.308925186966,9.16666666667,14.4166666667
0.299266904649,10.3333333333,14.3333333333
0.33749719925,10.5,14.5
0.339419980534,9.5,14
0.414895826811,10.1666666667,15.5833333333
0.333529937971,11.3333333333,14.4166666667
0.314019097222,10.5,14.5
0.31045449882,11.1666666667,14.8333333333
0.375315243801,9.83333333333,15.25
0.324506366304,13.25,18.4166666667
0.339982969744,9.58333333333,14
0.356108574385,10.9166666667,16.5833333333
0.251905615111,13.75,15.3333333333
0.368376409243,10.25,15.3333333333
0.306842488843,7.66666666667,12.1666666667
0.305862204835,14.9166666667,17.3333333333
0.378552586653,11.5,16.8333333333
0.316076933485,11.1666666667,16.25
0.250402625203,14.5833333333,17
0.346612938806,9,13
0.353192063251,11.0833333333,16.5833333333
0.307060769986,10.5833333333,13.5833333333
0.339173584772,12.5833333333,16.0833333333
0.308922672436,7.25,10.75
0.385885508841,11.5833333333,17.8333333333
0.295958136276,9.58333333333,11.8333333333
0.39223689523,13.6666666667,17.5
0.363550105832,11.8333333333,17.1666666667
0.297536820288,10.9166666667,17.4166666667
0.286673759745,10.5,15.3333333333
0.420793504322,11.8333333333,16.25
0.290591470852,14.4166666667,18.1666666667
0.380790275946,13.1666666667,19.0833333333
0.333903815414,11.8333333333,15.25
0.373768402043,14.9166666667,19.5
0.30124871728,9.83333333333,11.75
0.326869480782,10,14.4166666667
0.347932028717,11.8333333333,14.75
0.319645796165,14.0833333333,19.75
0.289739353891,8.66666666667,14.4166666667
0.321514661459,10.3333333333,17.6666666667
0.321047923874,12.3333333333,14.1666666667
0.340317157241,14.0833333333,16.5833333333
0.390730924251,12.6666666667,16.25
0.288535721452,11,15.9166666667
0.36020978228,12.25,15.0833333333
0.327343650146,11.5833333333,15.6666666667
0.397422242969,10.5,14.25
0.429969889986,12,16.9166666667
0.303330063771,9.75,13.9166666667
0.353558043376,10.6666666667,15.25
0.389610751174,14.1666666667,16.6666666667
0.255451850409,14.5,19.1666666667
0.326266798038,11.1666666667,16.1666666667
0.306156832474,12.75,17.25
0.333278702438,11.0833333333,17.25
0.329435489026,15.25,19.25
0.320816369811,10.4166666667,16.4166666667
0.290448041431,12.8333333333,17.3333333333
0.319160246261,10.5,15
0.304133896474,10.5,14.3333333333
0.371902126781,10.8333333333,15.3333333333
0.371924822552,13.5,18.3333333333
0.300466022104,11.5833333333,14.5
0.288579970019,14.5,16.1666666667
0.343466806589,10.9166666667,15.75
0.353032901205,9,14.4166666667
0.33486230889,12.25,16.3333333333
0.272592094737,9.41666666667,15.4166666667
0.359814559611,11.5833333333,17.5
0.3246325007,10.6666666667,14.3333333333
0.326854007566,8.58333333333,13.0833333333
0.346673526231,11.9166666667,16.3333333333
0.281735070883,10.5,15.4166666667
0.350151897859,8.16666666667,13.5
0.355324925479,12.5,15.5833333333
0.305480111949,10.3333333333,16
0.362678452461,12.4166666667,18.75
0.318456031416,10.25,18.5833333333
0.392704404003,11.25,16.5833333333
0.274144529066,8.16666666667,15.75
0.38826472921,7.41666666667,11.9166666667
0.362350401969,9.83333333333,15.6666666667
0.334802490495,9.25,16.9166666667
0.353110476414,8.75,17.1666666667
0.337491683807,17,18.5833333333
0.353024641213,14.5,19.8333333333
0.349171869413,13.8333333333,18.0833333333
0.353239815272,9.66666666667,14.3333333333
0.307821412733,13.25,15.5833333333
0.365246378969,10.6666666667,17
0.355320421759,13.5833333333,16.6666666667
0.301420592335,12.25,17.9166666667
0.280340461984,12.4166666667,16.0833333333
0.284937807971,18.4166666667,22.0833333333
0.318396877826,12.9166666667,14.8333333333
0.308113542599,12.5,19.5
0.332591492807,13.4166666667,16.6666666667
0.309328331622,9.66666666667,15.1666666667
0.352522830194,8.16666666667,12.3333333333
0.333154260419,13.8333333333,18.5833333333
0.347468835629,12.5,16.6666666667
0.342575595071,11.5,14.6666666667
0.31508049731,17.6666666667,20.75
0.306367945758,15,19.75
0.329995269539,11,14.75
0.364509586202,10.1666666667,15
0.231662409895,11.5833333333,16.6666666667
0.296932625153,10.4166666667,13.75
0.317710527123,12.0833333333,18.5
0.34566388838,8.5,14.5
0.281668099116,10.6666666667,14.6666666667
0.306261570737,11,14.9166666667
0.345970440617,13.1666666667,17.6666666667
0.31775667698,13,18.8333333333
0.338275012918,16.4166666667,17.8333333333
0.303450609245,12.75,15.5
0.291330694644,12.75,17
0.343239090262,14.3333333333,19.4166666667
0.3182080635,9.91666666667,14.3333333333
0.329650192062,12.0833333333,17.9166666667
0.351997036794,12.5833333333,15.9166666667
0.347752992682,13.6666666667,16.5
0.348279580318,9.66666666667,14.5833333333
0.293663460376,11.25,16.6666666667
0.264915891079,9.91666666667,13.1666666667
0.393411145161,8.08333333333,15.0833333333
0.297896886553,11.25,15.6666666667
0.308431778855,10.6666666667,13.5833333333
0.330895526772,13.25,16
0.323959415926,15.0833333333,18
0.384959912713,14,17
0.392979022008,10.5833333333,15.0833333333
0.347062901032,12.5,15.6666666667
0.349147252495,15,20.5
0.316296348746,10.6666666667,15.1666666667
0.333589400792,9.58333333333,13.25
0.334530327712,12.3333333333,15.75
0.28761674378,13.3333333333,16.5
0.320812579353,11.1666666667,18.1666666667
0.358653548006,12.5833333333,15.3333333333
0.413096166611,12.3333333333,16.25
0.329029540977,10,11.75
0.373319923638,15.9166666667,19.3333333333
0.289637262784,12.6666666667,20.5833333333
0.30544252723,10.9166666667,16.3333333333
0.331367048808,14.4166666667,18.9166666667
0.304061005229,15.25,18.3333333333
0.307053359159,12.25,14.0833333333
0.346112944128,14.9166666667,18.4166666667
0.300379178778,9.41666666667,16
0.325100762453,13.1666666667,14.3333333333
0.353595335674,11.5833333333,17.6666666667
0.364925364229,11.1666666667,18.3333333333
0.402084771354,13.5,16.6666666667
0.296977360993,9.33333333333,12.9166666667
0.305328270421,10.8333333333,14.0833333333
0.309318225772,12.5,16.25
0.32352211033,11.0833333333,13.25
0.368795417112,15.25,16.3333333333
0.325477973959,11.75,14
0.333271345135,8.25,14.4166666667
0.333072888326,9.5,14.25
0.350315124613,7.33333333333,12.75
0.336003135661,12.9166666667,18.6666666667
0.347768297477,11.5,16.8333333333
0.322871326406,11,16.25
0.322104829793,9.08333333333,14.1666666667
0.345310336287,9.16666666667,14.5
0.333489207586,11.9166666667,17.5
0.313263268565,14.3333333333,16.5833333333
0.294875662367,16,18.3333333333
0.31407891355,12.6666666667,15.5
0.358771434537,13.5,20.5
0.336297841077,6.58333333333,11
0.30313346501,11.25,17.75
0.278193737313,12.1666666667,13.4166666667
0.321444878008,9.08333333333,14.4166666667
0.327247901424,12.6666666667,16.6666666667
0.398112663288,10.1666666667,14.5
0.337118022365,9.5,14.9166666667
0.377945212344,10.4166666667,14.25
0.338978085139,8.83333333333,13
0.319223786296,12.6666666667,14.9166666667
0.333064897759,11.0833333333,18.1666666667
0.324456461689,13.75,18.8333333333
0.363093387231,8.58333333333,14.3333333333
0.309040547984,11.4166666667,15.9166666667
0.287037882119,13.6666666667,19.3333333333
0.357112364704,11.8333333333,16.4166666667
0.340875294639,8.33333333333,16.9166666667
0.359973110863,8.33333333333,13.5833333333
0.329856183105,12.4166666667,16.0833333333
0.293647002078,8.91666666667,14.8333333333
0.429065526887,8.58333333333,13.3333333333
0.295354518225,10,14.75
0.301953047557,10.75,16.4166666667
0.316108828647,9.75,14.1666666667
0.33048346056,13.0833333333,15.9166666667
0.341111396414,13,16.25
0.33452616468,12.6666666667,15.4166666667
0.321114091335,11.5,15.4166666667
0.297473017653,8,12.6666666667
0.327506731903,10.1666666667,14.0833333333
0.368058487932,14.5833333333,17.3333333333
0.374071277419,13.9166666667,18.25
0.342890160739,8.58333333333,11.75
0.290756150289,14.6666666667,19.8333333333
0.314921694308,10.0833333333,14.3333333333
0.29269254233,11.5833333333,16.75
0.308460903486,12.6666666667,16.9166666667
0.343945640781,10.5833333333,14.1666666667
0.377830578835,13.3333333333,14.6666666667
0.360334478312,9.75,15.6666666667
0.292401060522,11.0833333333,15.3333333333
0.352890451395,10.6666666667,14.5
0.336470585931,12.75,17.0833333333
0.270612849399,11.8333333333,16.0833333333
0.376197258778,9.33333333333,14.25
0.313521366296,9.41666666667,14.1666666667
0.378993475664,14.1666666667,16.8333333333
0.352825170749,15.1666666667,19.5
0.335033371682,12.5833333333,18.5
0.281477562,14.1666666667,19.0833333333
0.373365027191,13.3333333333,18.0833333333
0.337698093131,10.3333333333,15.9166666667
0.41639713485,13,17.5833333333
0.304813795723,13.1666666667,17.4166666667
0.350838546626,15.0833333333,19.1666666667
0.262323987409,6.25,10
0.322596876756,14.5833333333,17
0.348366989593,12.75,16
0.339749890459,9.66666666667,15.1666666667
0.376507089511,8,13.4166666667
0.276058977492,11.0833333333,17.25
0.34128186071,12.25,18.6666666667
0.336509235083,13.0833333333,17.4166666667
0.325505128415,12.8333333333,15.75
0.301464604148,10.75,15.1666666667
0.290272143217,10.25,15.6666666667
0.340022073875,9.66666666667,15.5
0.297680549729,10,14.5833333333
0.345857920983,12.4166666667,14.6666666667
0.335617364039,13.75,17.6666666667
0.353033918168,13.3333333333,19.25
0.296524094936,8.58333333333,12.0833333333
0.36648834291,14.25,16.9166666667
0.339760238421,11.0833333333,16.75
0.302771855011,9.08333333333,12.5833333333
0.329572892933,11.3333333333,14.5833333333
0.311253333333,13.0833333333,15.5833333333
0.316984917689,8.66666666667,11.6666666667
0.354786255546,12.5,16.5833333333
0.325500727313,15.4166666667,17.4166666667
0.311125655613,16.5833333333,18.5
0.305840182383,7.58333333333,14.25
0.344947620768,16.0833333333,21.1666666667
0.292513603163,9.75,16.0833333333
0.307172032236,11.5833333333,18.3333333333
0.292939239963,16.5,21.25
0.325799651139,13.5,16.9166666667
0.32762831297,11,15.3333333333
0.340872644661,12.9166666667,16.0833333333
0.389257957859,12.5833333333,17.0833333333
0.331569471481,9.75,15.75
0.354414447692,9.91666666667,14.9166666667
0.321614098778,9.83333333333,14.0833333333
0.3272284894,11.1666666667,15.1666666667
0.359675760149,10.25,13.25
0.33208884464,6.75,10.75
0.317629244235,10.4166666667,14.5833333333
0.316863105499,7.41666666667,14.3333333333
0.379509949764,9.91666666667,14.5
0.331944457154,10.6666666667,16.3333333333
0.361877644429,11.5833333333,15.5
0.369589404906,12.8333333333,16.6666666667
0.307908525346,12.5833333333,14
0.358031841079,9.58333333333,14.25
0.337977189888,11.9166666667,15.5833333333
0.318383338489,8.75,12.8333333333
0.322086613501,9.58333333333,14.0833333333
0.343802648423,8.66666666667,13.5
0.302033775361,13.8333333333,18.1666666667
0.320190647118,12.75,14.9166666667
0.284330914112,13,17.1666666667
0.312733308048,12.1666666667,15
0.327192965025,9.83333333333,15.4166666667
0.34105145321,12.3333333333,18.8333333333
0.347806537472,11.4166666667,15.1666666667
0.330146770458,11.5833333333,16.9166666667
0.38111074027,10.75,16
0.401868181764,15.3333333333,19.8333333333
0.275169784168,9,14.25
0.345163347855,8.58333333333,12.75
0.342197586046,12,16.6666666667
0.29508328222,12.0833333333,16.5
0.355417615597,10.5,14.1666666667
0.330066234416,12.1666666667,17.3333333333
0.341236062033,8.16666666667,12.9166666667
0.33360984032,15.5833333333,18.1666666667
0.302783579003,9.75,16.1666666667
0.287318641534,12.25,15.8333333333
0.349496531828,9.08333333333,17.3333333333
0.328932527608,13.8333333333,18.1666666667
0.332183183482,14.25,16.6666666667
0.280805171317,14.5,18.1666666667
0.36375852487,12.4166666667,16
0.363490482977,6.5,14.1666666667
0.351661771363,11.6666666667,17.4166666667
0.350044650372,14.5,20.4166666667
0.313641690154,7.25,11.3333333333
0.276397392223,10.6666666667,12.6666666667
0.332131238856,9.41666666667,15.1666666667
0.320332932976,14.9166666667,18.9166666667
0.266584502457,11.5,16.6666666667
0.316319235663,14.3333333333,17
0.284776505394,9.25,12.0833333333
0.354771770176,11.25,15.75
0.326623413092,11.75,17.4166666667
0.322252429275,10.75,14.25
0.285994375931,14.5833333333,21.5
0.31335256069,13,16.9166666667
0.380403447441,10.3333333333,16.9166666667
0.325343236552,11.4166666667,15.25
0.267379465819,11.1666666667,14.0833333333
0.309579829852,12,16.25
0.387393960647,7.91666666667,17
0.320230673348,15.8333333333,19.0833333333
0.337153269448,13.5,17.5
0.36031720316,14.5,19
0.343815623203,10.4166666667,17.1666666667
0.336604577366,11.6666666667,14.3333333333
0.312085115744,10.6666666667,15.9166666667
0.331611016037,12,15.75
0.271170289072,9.66666666667,11.8333333333
0.363846942348,13.8333333333,17.1666666667
0.353394223249,12.25,17.4166666667
0.317187030331,11.5833333333,16.5
0.295515397754,9.25,10.6666666667
0.369640504865,14.25,16.0833333333
0.386511224462,11.9166666667,17.75
0.331370833894,13.5833333333,18.8333333333
0.325819855305,7.5,12.5
0.389807874064,12,15.3333333333
0.350439310699,13.0833333333,16.1666666667
0.368962038264,11.5833333333,18.3333333333
0.36231741957,13.5,18.5
0.290073087242,10.1666666667,16.5833333333
0.359676044075,12.0833333333,17.25
0.337073425251,12.9166666667,18.75
0.319493407214,16.9166666667,21.25
0.350236638867,11.3333333333,15.1666666667
0.284264166743,14.5,18.0833333333
0.363432921051,12.4166666667,17.3333333333
0.368461850302,10.5833333333,16.6666666667
0.268596361884,12.8333333333,18
0.324980579712,11,13.8333333333
0.306733029413,6.83333333333,12.9166666667
0.359646184379,10.75,15.25
0.372739632836,13.75,16.3333333333
0.35684470182,8.16666666667,13.1666666667
0.36404390678,9.33333333333,15.1666666667
0.295338514795,11.9166666667,16.0833333333
0.354282883729,9.66666666667,16.25
0.292940787004,9.75,13.0833333333
0.343479470583,13.4166666667,17.9166666667
0.310985068095,12.8333333333,17.1666666667
0.393174586804,10.75,15.25
0.293049932718,10.1666666667,17.0833333333
0.321816654058,14.5833333333,22.0833333333
0.303226463531,10.0833333333,15.25
0.328816787937,11.5833333333,16.6666666667
0.322052364108,12.8333333333,19
0.295836626994,15,18.9166666667
0.351082384323,7.5,12.8333333333
0.372460175932,11.6666666667,15.4166666667
0.349157306668,7.66666666667,13.4166666667
0.35217615947,11.25,14.25
0.329068777739,14.3333333333,18
0.35462152647,10.3333333333,15.3333333333
0.343203905739,15.75,21.75
0.367145563092,9.91666666667,14.5
0.28751736814,12.1666666667,17.8333333333
0.290704780295,11.9166666667,17.1666666667
0.377876890212,8,15.4166666667
0.325341289788,12.8333333333,16.25
0.344241424826,12.0833333333,14.4166666667
0.31486154182,11.6666666667,17.6666666667
0.340181494284,12.8333333333,17.75
0.335770688348,12.75,18.6666666667
0.353458922576,8,15.6666666667
0.374888017506,11.5,17.1666666667
0.358115530221,9.5,12
0.29214525067,9.66666666667,14.5833333333
0.306881154567,10.25,15.9166666667
0.335404323867,7,12.8333333333
0.319703267538,9.66666666667,14.3333333333
0.28241378697,11.6666666667,19.5
0.323538283982,12,15
0.334401589419,13.75,19
0.336094380346,8.08333333333,13.8333333333
0.289752943289,15.9166666667,18.75
0.365591897102,9.33333333333,13.5833333333
0.339731784144,10.4166666667,15.5833333333
0.321274186908,9.66666666667,15.25
0.355468325826,12.1666666667,16.6666666667
0.328055703388,10.0833333333,14.25
0.369714719789,14.6666666667,17.6666666667
0.356729053229,14.9166666667,19.5833333333
0.362478106004,11.5,16.5833333333
0.291758962465,9,13.8333333333
0.322090167618,14.4166666667,17.5833333333
0.324133812564,11.0833333333,15.4166666667
0.324499672184,10.0833333333,14.5
0.338462264735,12.3333333333,18.5833333333
0.30044891312,15.75,19.5833333333
0.317223967065,9.41666666667,13.0833333333
0.382732760092,8.16666666667,11.5
0.361809281364,15.0833333333,19.0833333333
0.314610348932,16.4166666667,19
0.331517153483,11.5833333333,15.3333333333
0.352141477525,15.4166666667,19
0.296576967435,9.33333333333,13.1666666667
0.347562111663,13.4166666667,18.8333333333
0.30184807146,11.75,16.6666666667
0.334781952705,11.8333333333,14.75
0.310377640212,12.8333333333,15.5
0.327501818017,9.91666666667,15.9166666667
0.349113512251,16,19.9166666667
0.316862018563,13.75,16.25
0.342326126866,10.0833333333,15.4166666667
0.327137448525,10.25,14.25
0.312626204619,10.9166666667,15.1666666667
0.272836712481,10.1666666667,16.0833333333
0.436697965788,11.4166666667,15.25
0.386232710554,7.83333333333,9.33333333333
0.342528661744,10.1666666667,14.8333333333
0.309689537068,11.5,14.4166666667
0.32326215215,10.9166666667,12.8333333333
0.346415917144,8.33333333333,14.6666666667
0.381113122988,11.1666666667,15.25
0.332279717367,6.33333333333,12
0.314444886828,13.25,17
0.358304796166,5.41666666667,9.58333333333
0.324381235277,9.33333333333,13.75
0.316216569439,11.3333333333,14.25
0.385116010234,11.1666666667,14.5
0.307650592397,9.83333333333,14.5833333333
0.306983898157,12.75,17
0.311538845616,11.5,16.3333333333
0.284085335575,13.5,17.6666666667
0.312519608451,12.0833333333,16.3333333333
0.330982567673,11.8333333333,16.75
0.299873932091,12.0833333333,16.6666666667
0.288067102998,9.83333333333,14.0833333333
0.30246642308,9.08333333333,14.5
0.318050740676,14.1666666667,18.5
0.319911892302,13.0833333333,17.75
0.386403302742,6.41666666667,11.0833333333
0.352065426004,11.5833333333,15
0.363915292985,11.6666666667,15.3333333333
0.298674865098,7.58333333333,14.4166666667
0.307136040104,13.8333333333,19.1666666667
0.379456266935,12,16.1666666667
0.308005986764,12.1666666667,16.1666666667
0.29411360383,13.3333333333,19.25
0.335845092281,13.25,19.4166666667
0.336878836676,10.3333333333,15.75
0.299247446398,14.5833333333,16.75
0.368567809459,7.66666666667,16.75
0.300678438555,16.6666666667,20.4166666667
0.311446950847,11.0833333333,14.9166666667
0.352527072945,11.1666666667,15.5
0.355713166051,11.5833333333,15.8333333333
0.317996968302,11,17
0.363940154986,17.75,20.3333333333
0.32200338497,13.6666666667,17.8333333333
0.293768554777,12.8333333333,14.25
0.32455773581,10.1666666667,12.9166666667
0.335287027562,9,12.1666666667
0.362788507918,12.25,16.9166666667
0.296411749912,12.8333333333,15.1666666667
0.323913351452,14.3333333333,16.4166666667
0.356810458803,11.0833333333,15.0833333333
0.360461058301,13,14.5
0.320446902693,14.0833333333,19.3333333333
0.361807894139,12.4166666667,16.9166666667
0.331103812202,16.0833333333,17.0833333333
0.385248830269,15,20.5
0.364403740672,12.25,17.5833333333
0.308149534267,10.6666666667,16.25
0.362415473214,13.0833333333,16.5
0.405034394925,14.0833333333,18.5833333333
0.302374220413,16.5833333333,20.5833333333
0.346880038665,18.0833333333,20.5833333333
0.341580722089,12.8333333333,16.9166666667
0.32083353349,10.9166666667,15.9166666667
0.294655529378,7.08333333333,10.25
0.35055395423,10.5,12.4166666667
0.282874344219,11.3333333333,17.25
0.386279940348,11.9166666667,18.75
0.315157532025,8.75,15
0.355250517646,14.25,17.5
0.28991409312,10.8333333333,15.75
0.281021751158,10.3333333333,14.0833333333
0.325919530504,10.4166666667,15.1666666667
0.255049291615,10.5833333333,13.0833333333
0.303490309469,11.3333333333,14.5
0.347447102316,12.1666666667,17.25
0.398698462717,10.6666666667,15.6666666667
0.363491129152,12.0833333333,18.25
0.330822740627,11.3333333333,14.6666666667
0.371230201098,11.8333333333,17.25
0.320087653638,8.33333333333,11.1666666667
0.349921465187,11.5,15.5
0.337617897318,11.0833333333,15.5833333333
0.350823999742,15.25,19.4166666667
0.317388817194,11.6666666667,17.75
0.373948458513,9.33333333333,14.1666666667
0.322363530726,11.1666666667,17.1666666667
0.351717572843,8.66666666667,13.75
0.334980174276,12.5,16.0833333333
0.323023916898,17.5833333333,20.25
0.269013322796,14,17.4166666667
0.307289007381,13,17
0.316373404496,10.5,15.5
0.317562923274,14.25,16.4166666667
0.315036670176,12.1666666667,15.3333333333
0.336969143147,17.6666666667,20.3333333333
0.342923223342,14,16.9166666667
0.322984469371,8.33333333333,16.4166666667
0.356298407049,9.91666666667,14.0833333333
0.305535123534,10,16
0.313134489036,15.1666666667,19.8333333333
0.370555013081,11.75,15.75
0.304465714606,12.75,18.6666666667
0.329556558115,16.6666666667,19.4166666667
0.393833865724,9.41666666667,15.9166666667
0.301740354398,12.0833333333,16.3333333333
0.321350972936,9.25,15
0.33153154843,14.25,18.1666666667
0.342873563559,12,16.75
0.354889594727,12.4166666667,16.3333333333
0.299348852741,10.9166666667,16.8333333333
0.315441475482,12.1666666667,17.0833333333
0.314161950232,16.0833333333,18.8333333333
0.259101135588,10.6666666667,14.1666666667
0.358815844188,11.8333333333,16.5833333333
0.341991493635,8.33333333333,16.1666666667
0.328047136517,10.0833333333,13.75
0.342645881438,12.4166666667,16.75
0.377849920961,9.33333333333,15.9166666667
0.339410026086,10.0833333333,15
0.361208182389,12.6666666667,16.0833333333
0.282946433014,15.75,17.5
0.341183847574,14,18.3333333333
0.297220671461,11.75,17.9166666667
0.359152901212,6.58333333333,11.0833333333
0.319813919834,11.5833333333,15.6666666667
0.376586705223,9.91666666667,13.0833333333
0.374606525893,10.5,15.75
0.322720531152,12.8333333333,18.9166666667
0.360158315012,8.25,12.5833333333
0.274288161863,13.6666666667,17.5
0.322061315138,13,16.25
0.343793070842,13.25,15.1666666667
0.298039759757,9.75,14.5
0.29020469281,10.8333333333,13.6666666667
0.286088956055,13.3333333333,17.3333333333
0.310755359905,10.4166666667,15.9166666667
0.298139398275,11.1666666667,16.75
0.305423588114,10.75,13.8333333333
0.323921210543,13.3333333333,16.4166666667
0.312076432479,15,19.1666666667
0.339496347314,10.0833333333,14.9166666667
0.314277217304,13.9166666667,17.5833333333
0.386205605399,12.3333333333,15.4166666667
0.311695924417,14.0833333333,18.3333333333
0.315779628701,12,17.8333333333
0.27859833582,13.25,15.8333333333
0.344217561476,10.6666666667,12.9166666667
0.262136381926,11.25,15.75
0.344037984551,13,18
0.347816774186,12,15.4166666667
0.364072736323,8.41666666667,12.8333333333
0.353683883062,13.75,17.9166666667
0.354182638815,15.5833333333,19.3333333333
0.387918919633,15.8333333333,18.8333333333
0.300838886742,13.25,17.8333333333
0.315568179232,12.1666666667,16.0833333333
0.309093825371,15.6666666667,18.4166666667
0.295992180938,10.5833333333,17.8333333333
0.372226260998,12.3333333333,14.6666666667
0.290560898982,11.25,15.6666666667
0.386876230288,12.5833333333,15.3333333333
0.391482509792,10.1666666667,15.1666666667
0.33130475851,10.6666666667,13.3333333333
0.35059444521,9.08333333333,14.0833333333
0.29643234163,17.75,20.75
0.311832390052,12,15.75
0.344449914991,11.4166666667,14.8333333333
0.269380911289,14.5,18.6666666667
0.382633815375,10.5,14.6666666667
0.406955325366,10,13.3333333333
0.316016503946,11.1666666667,16
0.356430329155,11.4166666667,17.1666666667
0.40467358165,14.0833333333,19.5833333333
0.355913423608,10.1666666667,15.0833333333
0.378878106677,13.25,19.0833333333
0.349192755139,11.5,15.3333333333
0.348024790244,9.16666666667,13.3333333333
0.355014916842,12.9166666667,18.5833333333
0.258353373722,11.4166666667,14.25
0.339464436047,13.9166666667,18.1666666667
0.339197741601,11.3333333333,16.1666666667
0.31481874501,13.1666666667,18.0833333333
0.331663056714,10.4166666667,15.3333333333
0.317589545375,16.1666666667,19.25
0.272927962216,11.5833333333,17.8333333333
0.316407311753,10.4166666667,15.25
0.375243564852,11.6666666667,15.8333333333
0.309226350797,10.75,17.1666666667
0.297375854107,13.1666666667,19.4166666667
0.35012296411,10,14.25
0.339654343353,13.1666666667,16.5833333333
0.281255467502,8.41666666667,15.8333333333
0.330216496383,15.6666666667,18.8333333333
0.296947379531,10,18.8333333333
0.258522566817,7.66666666667,13.6666666667
0.330019038951,13.4166666667,17.4166666667
0.300254452926,10.75,16
0.32797726511,10.75,14.4166666667
0.317305628915,11.0833333333,17.8333333333
0.32412951906,12.75,16.1666666667
0.292705701244,10.5,16.25
0.285318267248,12.25,16.3333333333
0.318263794906,13.4166666667,17.4166666667
0.342970315375,13.3333333333,20
0.313417901586,14.75,18
0.378157847433,10.1666666667,15.6666666667
0.283267588444,11.1666666667,16.25
0.351465041642,13.0833333333,13.9166666667
0.372208838177,7.75,12.0833333333
0.389896116661,13.25,18.8333333333
0.347265381095,10.0833333333,10.25
0.361623221045,13.75,17.9166666667
0.319440170301,11.4166666667,14.25
0.317672232276,11,14.8333333333
0.340335779731,10.6666666667,12.5833333333
0.33071042401,13.4166666667,18.0833333333
0.338848554561,8.66666666667,13.6666666667
0.405917958733,11.25,15.3333333333
0.339348041529,11.4166666667,13.75
0.315361272844,15.8333333333,20.8333333333
0.39740555174,7.66666666667,12.25
0.339990896134,11.5,19.5
0.291161690807,15,19.5
0.355928793172,11.4166666667,17.75
0.335684285526,12.3333333333,14.75
0.284525816139,14.4166666667,20.25
0.273791556962,7,13
0.298958906022,9.58333333333,16.0833333333
0.347509874347,14.25,18.8333333333
0.371033199297,9.5,13.3333333333
0.382113660876,11.5,16.0833333333
0.291719755602,14.75,17.5833333333
0.323624282777,12.75,17.4166666667
0.315579218902,13.4166666667,17.4166666667
0.324567158894,11.3333333333,17.6666666667
0.338012616444,13.4166666667,16.3333333333
0.341594877577,10.8333333333,13.25
0.293879369103,14.4166666667,19.0833333333
0.373367141532,15,18.4166666667
0.35399679137,12.25,16.6666666667
0.362350401969,14.4166666667,17.75
0.343660176401,14.5833333333,20.5
0.315404819002,12.0833333333,14.4166666667
0.353343419749,12.75,16.0833333333
0.33954130478,13.0833333333,16.75
0.358121622258,11.25,14.1666666667
0.36029450995,11.3333333333,15.9166666667
0.309420274505,10.6666666667,16.1666666667
0.284197246479,9.91666666667,15.0833333333
0.316914382347,10.75,15.25
0.317225802797,10.8333333333,14.5
0.316788298926,12.1666666667,17.25
0.327177772261,7.91666666667,13.0833333333
0.330462057576,10.5,14.1666666667
0.346456041068,12.25,17.1666666667
0.305749590371,10.6666666667,14
0.318966926857,12.4166666667,15.8333333333
0.31390176396,11.5833333333,15.0833333333
0.351604733325,12.25,16.4166666667
0.320040653823,11.5833333333,13.75
0.332847901563,13.5,17.25
0.373524015572,11.75,15.75
0.356561625303,7.58333333333,13
0.380591032107,8.66666666667,14.25
0.340235355897,8.83333333333,15.25
0.323658765739,9,13.75
0.325428392231,14.5833333333,16.5833333333
0.335967678961,10.8333333333,16.3333333333
0.307986355321,14.3333333333,19
0.305679567296,14.75,19
0.322140484675,9.91666666667,14.0833333333
0.325095342868,12.4166666667,15.3333333333
0.387566321123,12.75,17.1666666667
0.315223904291,14.0833333333,16.8333333333
0.340820688034,13.1666666667,16.3333333333
0.297694738329,9.33333333333,13.3333333333
0.321262585764,12.9166666667,17
0.324338421787,12.0833333333,14.9166666667
0.330664193454,11.4166666667,16.25
0.287028180826,13.6666666667,18.3333333333
0.298014030553,12.1666666667,15.0833333333
0.338592759875,13.0833333333,15.6666666667
0.332166168452,9.83333333333,14.3333333333
0.362952320017,14.3333333333,21.25
0.351521997018,10.3333333333,13.0833333333
0.314692222193,15.5,19.1666666667
0.28753015715,11.1666666667,14.5833333333
0.345338075262,13.4166666667,18.0833333333
0.346654827198,15.6666666667,16.5833333333
0.34512865215,8,13.1666666667
0.356623393833,14.0833333333,18.0833333333
0.387318126458,12.0833333333,15.9166666667
0.302231328126,9.5,15.3333333333
0.360868675751,13.0833333333,15.8333333333
0.327108030708,11.8333333333,15.1666666667
0.364724144321,9.25,13.3333333333
0.293148650449,13.8333333333,18.25
0.359985641604,10.6666666667,18.1666666667
0.368121865054,13.0833333333,16.75
0.315555282839,11.0833333333,16.5833333333
0.371140180077,11.25,16.1666666667
0.350801806368,14.1666666667,17.5833333333
0.332776850306,13.0833333333,14.3333333333
0.343048635385,11.25,16.5
0.319979887562,12.8333333333,17.1666666667
0.301296921825,13.5833333333,17.9166666667
0.3768606787,10.25,15.9166666667
0.355678976258,16.4166666667,19.75
0.332159659436,11.5,16
0.38907984337,10.5,15.1666666667
0.324952247542,13.4166666667,17.4166666667
0.319156955774,8.83333333333,14.5
0.309086433429,9,13.25
0.322275492243,14.75,17.6666666667
0.298009367681,9.41666666667,15.25
0.259868236456,12.5,17.4166666667
0.354759695534,10.75,15.4166666667
0.335011132221,14.75,19.4166666667
0.33382839879,14.6666666667,18.3333333333
0.332103422791,11.0833333333,15.0833333333
0.355470681691,9.25,15.4166666667
0.325763922275,7.33333333333,13.3333333333
0.314131050014,13.1666666667,15.25
0.329200705978,12.9166666667,17.0833333333
0.317029357617,12.5,18.25
0.288254932993,12.5,15.6666666667
0.352760835189,13.0833333333,17.1666666667
0.346407156198,14.9166666667,20.6666666667
0.344266466234,9.83333333333,17
0.35551270378,10.5,15.6666666667
0.336434047858,13,16.8333333333
0.337230401682,16.75,19.75
0.330918629323,12.3333333333,16.25
0.318976246714,16,15.8333333333
0.35359218804,11.75,15.25
0.301246430096,15.25,20.8333333333
0.3405066352,17,20.6666666667
0.322336777581,12.6666666667,19.3333333333
0.383609510226,13.4166666667,15.9166666667
0.318227802575,11.8333333333,14.6666666667
0.377735083787,11,15.3333333333
0.301846137401,11.0833333333,15.5
0.287150613698,13.1666666667,15
0.322330050387,9.5,14.25
0.364953817168,15.0833333333,19.5833333333
0.30180176329,12.1666666667,16
0.34349992178,7.83333333333,14.4166666667
0.350237335057,10.6666666667,13.6666666667
0.350964431635,12.1666666667,16.75
0.40503056492,11.75,14.75
0.310078017636,11.1666666667,15.8333333333
0.296494431933,14.5833333333,17.4166666667
0.34416404817,10.9166666667,18.3333333333
0.371489168125,8.66666666667,13.8333333333
0.319726600452,5.75,12.3333333333
0.307322508098,12.5,16.3333333333
0.351821444477,12.5833333333,16.4166666667
0.330272282099,11.5833333333,18.9166666667
0.285220473206,13,17.5833333333
0.341244414061,8.91666666667,13.5833333333
0.264483900439,10.5,15
0.32024124528,7.91666666667,14.75
0.30752330668,13.3333333333,16.5
0.31437479979,13.3333333333,17.5
0.313832439018,12,18.25
0.318417127875,12.6666666667,16.5833333333
0.345478421616,12.0833333333,18.3333333333
0.356893038533,16.25,20.8333333333
0.307332527426,15.75,19.0833333333
0.313689715056,14.6666666667,18.3333333333
0.255968028968,11.25,17.0833333333
0.365171429345,14.5833333333,19.75
0.315983052762,10.8333333333,15.5
0.278364514847,6.58333333333,12.5
0.324692237318,13.25,15.8333333333
0.318449170575,10.6666666667,13.25
0.313067924428,13.75,16
0.312895991767,11.4166666667,15.4166666667
0.314252251692,5.91666666667,11
0.314816385958,15.0833333333,19.9166666667
0.344756540534,12.3333333333,15.8333333333
0.334533583974,11.25,15.1666666667
0.299294984181,13.8333333333,17.75
0.302586370154,14.0833333333,17.4166666667
0.367066961793,13.25,14.5833333333
0.316652348425,14.3333333333,17.3333333333
0.354201845839,10.5833333333,16.9166666667
0.325644687054,14.6666666667,18.3333333333
0.331491307943,13.8333333333,18.1666666667
0.353851166929,9.33333333333,14.6666666667
0.318611209402,10.1666666667,17.4166666667
0.31836545928,18.1666666667,20.5
0.332673585585,13,17.9166666667
0.316883444084,7.5,13.0833333333
0.362745839478,12.5,17.9166666667
0.325630216983,12.9166666667,18.25
0.32691336259,7.58333333333,12.4166666667
0.345732884206,9.16666666667,14.75
0.340386658907,10.9166666667,13.3333333333
0.375762577602,11.8333333333,18.5833333333
0.321444878008,12.5,17.4166666667
0.351145994162,10.6666666667,15.1666666667
0.283847430704,14,18.3333333333
0.364346804076,14.9166666667,19.6666666667
0.311359073977,13.4166666667,17
0.348105772953,11,15.3333333333
0.334631368515,14.1666666667,16.6666666667
0.340237583091,10.25,14.5
0.343604628549,10.75,16.4166666667
0.319262860728,11.8333333333,19.4166666667
0.36046828131,11.5833333333,15.9166666667
0.377979894422,11.75,14.6666666667
0.328452275437,11.3333333333,14.9166666667
0.361503847485,8.08333333333,14.1666666667
0.355006958169,9.08333333333,14.1666666667
0.316606891742,9.91666666667,14
0.317608372593,10,14.25
0.30587438131,17,21.0833333333
0.370211786508,11.25,14.75
0.322707383082,6.41666666667,12.6666666667
0.321250165434,12.1666666667,16.5
0.271648088576,9.33333333333,15.5833333333
0.302695372674,12.3333333333,16.5833333333
0.333574423099,10.5833333333,14.9166666667
0.294705882353,14.8333333333,15.9166666667
0.327247170908,14.5833333333,19.5
0.278503415808,12.9166666667,18.75
0.317997197427,11.1666666667,14.8333333333
0.309972040308,10.9166666667,16.25
0.319024262522,12.75,16.6666666667
0.34972199705,13.9166666667,16.5833333333
0.29721431817,12,17.25
0.332255427704,11.75,16.6666666667
0.378372918322,16.1666666667,19.25
0.345167790027,12.0833333333,17.5833333333
0.335576403881,10.8333333333,17.6666666667
0.306848202375,13.1666666667,18.5
0.351910713165,13.75,18.4166666667
0.334055088566,9.08333333333,13.0833333333
0.345471476968,13,17.3333333333
0.301352017631,14.5,16
0.334375676294,12.5,13.9166666667
0.296088161673,14.25,17.0833333333
0.32772912098,12.9166666667,16.6666666667
0.358802895555,9.5,15.1666666667
0.351831194614,11.5,19.3333333333
0.343719303644,14.4166666667,17.6666666667
0.356305170823,15.6666666667,18
0.365415370969,15.6666666667,20.0833333333
0.35416769461,17.8333333333,22.3333333333
0.303480195228,15.1666666667,18.25
0.349829582876,11.5833333333,16.5
0.361865748215,9.16666666667,13.25
0.28584597145,14.3333333333,16.9166666667
0.34141556811,13.0833333333,17
0.346051387052,11.5833333333,14.3333333333
0.373127160092,13.5833333333,17.5833333333
0.338475154887,9.25,14.4166666667
0.296833575991,13.9166666667,17.9166666667
0.366029924073,10.9166666667,15.75
0.317997197427,10.9166666667,16.5833333333
0.355999570308,12.5,16.25
0.355872024122,11.25,14.25
0.309691282818,13.0833333333,18.3333333333
0.333632445357,7.66666666667,13.5
0.340611951024,10.6666666667,16.0833333333
0.357211326945,13.9166666667,19.0833333333
0.289216464902,12.4166666667,15.5833333333
0.361243543901,12.9166666667,16.3333333333
0.344881387964,13.4166666667,18.5
0.300558677176,12.3333333333,18.25
0.364585839091,8.66666666667,11.4166666667
0.332202471158,13.5833333333,18.8333333333
0.323445911141,11.1666666667,15.1666666667
0.365458218936,11.75,16
0.313480219167,13.9166666667,19.9166666667
0.349456845151,17.9166666667,22
0.344345416181,8.66666666667,13.6666666667
0.359640212664,10.9166666667,14.0833333333
0.373236354323,9.83333333333,14.8333333333
0.362710205237,13.8333333333,17.8333333333
0.261539322933,10.4166666667,15
0.308863379619,9.58333333333,12.9166666667
0.360717561818,9.33333333333,13.8333333333
0.355400784936,11.1666666667,14.25
0.359495015649,10.9166666667,13.4166666667
0.290667546857,12.4166666667,18.5833333333
0.285362087183,13.5,18.5833333333
0.288323166083,11,14.5833333333
0.294708524884,11.3333333333,19.75
0.35107104885,12.25,15.6666666667
0.327998289704,10.5833333333,14.9166666667
0.356660957941,14.3333333333,18.4166666667
0.320559117324,12.25,15
0.334620411019,9.5,14.5
0.351243527971,11.75,15.1666666667
0.337419898505,10.5833333333,16.1666666667
0.319762126333,14.9166666667,17.8333333333
0.356639357826,11.75,15.1666666667
0.307433441137,11.25,17.5
0.345118541009,12.0833333333,15.5833333333
0.294940810224,12.75,16.75
0.288563428465,13.1666666667,16.6666666667
0.31953589824,14.25,17.8333333333
0.360132640811,11.75,16
0.333886874028,12.75,17.4166666667
0.417509639461,12.4166666667,16.5833333333
0.351431885762,12.5,17.5
0.301492800973,8.08333333333,12.75
0.373962522665,8.75,16.25
0.336884980002,11.3333333333,15.9166666667
0.326418659705,11.75,17.3333333333
0.333177203396,15,19.75
0.380748551831,13,15.75
0.328204918328,14,17.0833333333
0.315592658539,9,13.9166666667
0.321804260101,13.8333333333,17.5833333333
0.32906355666,12.8333333333,16
0.345011982442,11.5833333333,18
0.375464795212,16.6666666667,20.6666666667
0.293606857428,11.5833333333,13.75
0.307294601672,10.5,15.5
0.367126822634,8.41666666667,12.75
0.342135939253,9.16666666667,14.4166666667
0.308599781597,9.66666666667,14.3333333333
0.346966307199,11.4166666667,16.3333333333
0.341759246132,14,20.3333333333
0.407269817128,12,15.5
0.389204244734,9,13.4166666667
0.291229886802,9.16666666667,14.1666666667
0.338300220751,13.0833333333,17.75
0.316878702133,11.8333333333,17.5833333333
0.305727714459,9.58333333333,13.25
0.392560630943,11.6666666667,16.25
0.356142377911,9.41666666667,17.4166666667
0.287048823882,10.4166666667,13.1666666667
0.360759256774,11.0833333333,15.5
0.290076282434,11.4166666667,15.8333333333
0.311187971937,12.5833333333,14.5833333333
0.360442167271,8.91666666667,17.1666666667
0.299762160698,13.0833333333,16.9166666667
0.342186032982,14.3333333333,18.75
0.291126069001,11.6666666667,13.8333333333
0.314918126455,9.33333333333,16.6666666667
0.343298979708,9.83333333333,16.5833333333
0.321873698503,12.3333333333,16.8333333333
0.339465864878,13.5,17.5
0.33221651664,8.25,14.5
0.327666142533,10.6666666667,16.6666666667
0.353379595447,10.8333333333,15.5
0.37179960235,11.75,16.5833333333
0.32524177721,9.75,16
0.301985669353,8,13.6666666667
0.364052935448,15.1666666667,17.5833333333
0.359257889779,9,14.25
0.331145451589,12.1666666667,18.75
0.308449001951,11.75,16.0833333333
0.352927383904,13.1666666667,18
0.326804979415,10.9166666667,15
0.340186737495,15.5,20
0.32293111628,8.5,14.75
0.374347735337,18.25,20.1666666667
0.315031515335,7.83333333333,16.4166666667
0.293619504,13,19.4166666667
0.303552700075,14.75,17.5833333333
0.34249030783,7.5,11.25
0.363081923719,12.5,15.8333333333
0.34406053069,10.25,16.1666666667
0.293873191787,10.3333333333,17.9166666667
0.360157036499,13.4166666667,17.1666666667
0.337538342839,14.5,17.3333333333
0.305221449602,9.16666666667,13.8333333333
0.296921264956,9.08333333333,14.9166666667
0.34198886294,12.8333333333,16.9166666667
0.370111267329,10.25,14.25
0.340436395656,7.58333333333,11.9166666667
0.298305034759,12.5833333333,17.1666666667
0.285881556745,11.5,14.8333333333
0.294793102512,13,17.5833333333
0.363237631334,12.1666666667,16.8333333333
0.342595548583,15.9166666667,18.6666666667
0.348838284191,16.4166666667,20.75
0.324437243869,7.41666666667,13.75
0.36747225708,11,14.4166666667
0.314981660376,12.1666666667,17.3333333333
0.280493861672,14.1666666667,16.75
0.357952483174,10.5833333333,17.3333333333
0.378725819187,14.5,21.1666666667
0.319423365193,12.5833333333,16.75
0.364076206611,14,18.75
0.31465900401,8.58333333333,15.75
0.360632509906,13.3333333333,18.25
0.358308165515,11.75,15.4166666667
0.272028099328,12.25,15.6666666667
0.306479800307,13.75,19.1666666667
0.323456319068,12.4166666667,17.75
0.312144445795,11.5,16.25
0.356846550767,11.0833333333,16.9166666667
0.352753652471,15.5,21.0833333333
0.305444055658,14.6666666667,17.5833333333
0.296844362486,7.75,12.5
0.340812995228,13.3333333333,18.5833333333
0.339453662451,12.75,14.3333333333
0.361695487756,11.3333333333,16.6666666667
0.347246986176,14.1666666667,20.0833333333
0.34043869903,12.5,14.0833333333
0.338891507638,12.0833333333,17.75
0.303316055885,14.5,17.4166666667
0.360281236754,11.75,16.4166666667
0.342734816881,11.9166666667,15.5833333333
0.321476012178,12.25,17.25
0.307123191003,9.83333333333,14.1666666667
0.34919327305,7.66666666667,13.25
0.337746081228,8.75,10.1666666667
0.344161770167,14.5,20.0833333333
0.368253433471,10.0833333333,15.8333333333
0.306691547859,12.0833333333,16.9166666667
0.319759781042,12.1666666667,15.75
0.314571732229,14.3333333333,17.5
0.345999800153,7.16666666667,13.25
0.409924843977,11.5,18.9166666667
0.349766633379,12.25,16.1666666667
0.311023881907,12.5,17.5
0.382667669715,7.66666666667,13.3333333333
0.283736666065,11.75,17.1666666667
0.357016140443,11.5,15.9166666667
0.318792114242,10.3333333333,15.4166666667
0.32698117978,12.4166666667,15.8333333333
0.329971711416,12.5833333333,16.0833333333
0.318592714938,14.5833333333,16.75
0.356946288367,10.9166666667,16.5833333333
0.303553125262,13.1666666667,16.4166666667
0.344130986255,10.25,15.25
0.286994445431,16.5,18.75
0.34134834171,9.66666666667,12.75
0.317796016405,13.25,17.8333333333
0.333034825022,10.5833333333,15.1666666667
0.32295747309,12.75,17.8333333333
0.302140971024,8.75,12.9166666667
0.33678927083,9.83333333333,17.3333333333
0.336525327718,16.0833333333,20.9166666667
0.307358446431,11.5833333333,16.6666666667
0.318847745243,7.33333333333,14.0833333333
0.353607314837,9.5,13.1666666667
0.319100978877,8.16666666667,15
0.354395974212,9.5,13.5833333333
0.308141620932,12.75,16.5
0.319093379616,13.3333333333,16.5
0.379352620124,14,18.9166666667
0.344194119103,10.1666666667,13.5
0.349147252495,7.41666666667,13.6666666667
0.371123826829,13.6666666667,16.75
0.295932814518,16.4166666667,18.1666666667
0.329995898698,15.1666666667,21.25
0.345627757893,13.5833333333,18.25
0.33467298312,9.5,12.75
0.323341345875,13.0833333333,15.75
0.339471006462,10.9166666667,14.6666666667
0.358998659579,14,16.5833333333
0.321783997462,10.5,16.5
0.297514936669,8.33333333333,13.4166666667
0.326733906495,13.9166666667,18.1666666667
0.359494676051,10,13.1666666667
0.337393896505,12.75,18
0.341547523225,11,15.8333333333
0.297758110175,4.75,9.83333333333
0.337594609611,13.4166666667,16.9166666667
0.34589815242,13.5833333333,16.3333333333
0.334200661838,13.25,17
0.379128732735,13.6666666667,17.0833333333
0.326935185155,12.9166666667,18.25
0.343060622871,11.0833333333,16.3333333333
0.322160308695,13.5,15.25
0.303777971008,13,15.75
0.34834938005,11.25,14.5833333333
0.260546338193,10.5833333333,13.75
0.360491690932,11.9166666667,17
0.374026430545,14.5833333333,17.75
0.335408603005,12.0833333333,13.0833333333
0.336512750421,12.5,17.9166666667
0.357243920801,15.5833333333,19.4166666667
0.282270806796,13.0833333333,16
0.30656,12.6666666667,17.5
0.40572721338,13.5833333333,18.9166666667
0.280319691396,10.5833333333,16.1666666667
0.356621976921,10.75,14.1666666667
0.330464385156,14.9166666667,18
0.37294431741,10,15.0833333333
0.35890379113,5.75,12.4166666667
0.338487722244,6.16666666667,12.75
0.308981973503,10.5,14.25
0.311446072189,11,18.5
0.288171916226,11.0833333333,16.75
0.343205087631,9.58333333333,15.25
0.328931654455,13.5,15.8333333333
0.346820581476,10.8333333333,14.9166666667
0.268587174876,9.33333333333,13.8333333333
0.306683488358,12.4166666667,16.6666666667
0.333244320145,9.91666666667,13.4166666667
0.317527329091,6.41666666667,11.0833333333
0.270552187956,9.66666666667,13.4166666667
0.383105332945,11.5833333333,17.5833333333
0.378812452133,12,18.25
0.328561124924,12.6666666667,16.6666666667
0.307979662924,17.0833333333,20.5
0.354643655718,11.5,14.3333333333
0.352211258382,8.41666666667,12.8333333333
0.339040949359,14.4166666667,18.1666666667
0.352849551794,9.33333333333,15.75
0.340062684097,10.5,14.5
0.342701091683,13.6666666667,19.75
0.361362499655,13.0833333333,14.6666666667
0.333679603195,8.91666666667,14.1666666667
0.285837500822,12.4166666667,16.5
0.303542086899,10.1666666667,13.9166666667
0.248693355962,13.9166666667,17.4166666667
0.300734256173,17.3333333333,19.25
0.350886508209,15.6666666667,19.0833333333
0.312393043765,16.0833333333,19.25
0.374660916496,15.5,20.8333333333
0.294485304253,10.3333333333,16.5833333333
0.349774981292,12.9166666667,17.4166666667
0.375163088825,10.1666666667,14.5
0.344295256305,9.5,16.5
0.354133450337,12.3333333333,14.5833333333
0.334627592453,9.16666666667,13.3333333333
0.317320012661,11.8333333333,17.0833333333
0.325417344268,12.5833333333,17.6666666667
0.345996484408,12.0833333333,14.4166666667
0.254246208315,13.6666666667,16.1666666667
0.306972219704,15.8333333333,18.4166666667
0.287232500801,12.3333333333,17.5
0.319544403441,13.3333333333,16.1666666667
0.260557614875,12.5833333333,17.9166666667
0.328755509862,12.6666666667,16.5
0.349689404147,10.75,15.6666666667
0.32643547893,9.33333333333,15.4166666667
0.341062113009,9.5,14
0.310249993409,11.9166666667,18.0833333333
0.343459610247,9.25,13.25
0.350446249651,12.4166666667,18.25
0.359703997559,11.3333333333,17.6666666667
0.327903798629,12.6666666667,16.9166666667
0.304963738656,12.6666666667,15.4166666667
0.309854786567,13.9166666667,15.75
0.394664704032,11.4166666667,14.8333333333
0.347245255205,15.25,18.0833333333
0.404077210676,13.5833333333,18.1666666667
0.373195251833,11,18.3333333333
0.315209898912,9.75,15.25
0.330853566316,11.0833333333,15.9166666667
0.300792682146,14.4166666667,16.8333333333
0.346920804243,10.4166666667,13.1666666667
0.300457205417,10.6666666667,15.75
0.293889948605,11.3333333333,17.9166666667
0.337606706224,7.33333333333,13.5
0.339770181384,11.6666666667,16.5
0.345907502071,17.4166666667,19.6666666667
0.362472388742,13.1666666667,17
0.380087405373,13.8333333333,17.4166666667
0.273994451371,12.9166666667,16.0833333333
0.339863224076,12.25,17.8333333333
0.319815416398,19.4166666667,22.8333333333
0.341330401105,11.5,16.0833333333
0.367412920208,9.83333333333,15.75
0.320934436686,13.4166666667,19
0.323660802683,12.75,18.6666666667
0.290331974649,17.4166666667,18.1666666667
0.30506638606,13.4166666667,17.3333333333
0.286287922354,11.8333333333,17.25
0.321777496722,14.6666666667,19.4166666667
0.358293547333,8.91666666667,13.9166666667
0.322596801334,11.1666666667,14
0.338218426325,13.4166666667,17.4166666667
0.338860295464,14.25,17.5
0.321263618708,11.3333333333,15.4166666667
0.361914704769,11.4166666667,15.75
0.347918520716,13.5833333333,16.6666666667
0.324953793089,12,15.1666666667
0.372637426559,11.5,14.5
0.305599384917,14.0833333333,17.9166666667
0.343778106928,7.25,12.25
0.292537217617,10.5,16.4166666667
0.336960435022,7.41666666667,11.5833333333
0.301685759471,11.9166666667,15.9166666667
0.301790966419,8.08333333333,12.25
0.327830293473,13.5833333333,16.4166666667
0.396967385067,8,14.25
0.391397422316,11.75,15.3333333333
0.366804350696,9,12.5833333333
0.357862400156,12.9166666667,17.1666666667
0.322158365262,11.4166666667,12.9166666667
0.350921153763,15.6666666667,18
0.335067806026,5.16666666667,13.9166666667
0.288263649106,13.5833333333,17.75
0.330079647328,14.25,18.75
0.325464032413,12.4166666667,18.25
0.322277402798,14.0833333333,18.8333333333
0.33131957494,12.0833333333,19.25
0.255457603181,10.75,14.3333333333
0.354929909408,14.6666666667,20.5833333333
0.373330955892,13,16.0833333333
0.283206320934,11.1666666667,14.9166666667
0.359865037165,10.4166666667,15.4166666667
0.334289388365,12.5,16.5833333333
0.33749312987,12.5,16.6666666667
0.365591651181,13.8333333333,17.5
0.382634362859,10,14.4166666667
0.339840747687,9.83333333333,14.3333333333
0.343118760717,15,20.25
0.336973802447,12.3333333333,17.3333333333
0.333315149775,11.0833333333,17.25
0.354543891089,12.0833333333,17.9166666667
0.295745763235,16.8333333333,19.0833333333
0.303030389097,11.0833333333,16.5
0.315815777515,12.4166666667,17.25
0.326979133958,9.33333333333,16.25
0.36172478041,11.6666666667,14.8333333333
0.314984077653,13.25,16.0833333333
0.296383235013,11.6666666667,14.6666666667
0.363052315132,14,17.75
0.312613465598,6.75,11
0.309509843119,13.3333333333,15.1666666667
0.359022159594,9.83333333333,11.75
0.335441889456,11.5833333333,15.9166666667
0.309882489531,10.4166666667,14.1666666667
0.339977605354,13,17.1666666667
0.312407770947,11.9166666667,13.25
0.300742958814,13,16.9166666667
0.280563300896,10.4166666667,15.75
0.329880833055,11.9166666667,17.3333333333
0.349387837401,15.75,19.75
0.339355746346,7.16666666667,14.1666666667
0.325758789782,13.8333333333,18.5833333333
0.320164280657,18.8333333333,21.25
0.375174591055,10.9166666667,16.3333333333
0.342227827626,12.1666666667,16.8333333333
0.305146228042,14.8333333333,18.0833333333
0.27866870135,15.5,20
0.327405164808,14.9166666667,18.5833333333
0.36843176397,12.5833333333,17.3333333333
0.360452183746,15.0833333333,22.25
0.34613944741,11.5,16.75
0.350624818367,9.83333333333,15
0.311777292899,9.08333333333,12.4166666667
0.3253539972,14,16.1666666667
0.293250810492,9.75,16.8333333333
0.280208794057,9.16666666667,12.75
0.338341971507,12,15.6666666667
0.256804510982,10.5833333333,15.3333333333
0.315222539292,11.25,15.8333333333
0.285585003106,10.9166666667,14.25
0.342468061968,12.5833333333,15.9166666667
0.346057882079,11.0833333333,14.5833333333
0.337221193444,15.5,17.4166666667
0.327762556797,12.5,16
0.318526051251,14.5,17.25
0.354403249355,7.33333333333,14.3333333333
0.318813543513,13.9166666667,17.8333333333
0.302932045119,12.5833333333,15.0833333333
0.380994073479,8.33333333333,15.1666666667
0.338041347905,12.6666666667,16.9166666667
0.312922875027,12.8333333333,16.75
0.367355768723,10.9166666667,14.4166666667
0.340943237202,11.25,15.0833333333
0.328463952673,11.8333333333,15.5833333333
0.344588199078,12.4166666667,16.5
0.309815719216,9.66666666667,16.25
0.328107158674,9.08333333333,14.5
0.364615555254,15.0833333333,16.4166666667
0.339952204204,12,15.1666666667
0.349260820778,15.8333333333,21.25
0.299032959172,15.0833333333,18.1666666667
0.33642884597,13.8333333333,18.5
0.384238184415,8.08333333333,13.5833333333
0.319703993433,12.4166666667,16.75
0.328945856133,9,13.3333333333
0.357459757011,11.25,16.4166666667
0.399806025717,9.58333333333,14
0.38477165756,8.75,15.9166666667
0.305133907542,9.41666666667,11.5
0.344299468752,13.25,17.3333333333
0.30093175429,9.25,16.8333333333
0.301380853383,15.6666666667,19.4166666667
0.325377236577,12.5833333333,16.25
0.341835219586,11.5,15.9166666667
0.295287741031,13,15.75
0.364385135291,13.0833333333,16.5833333333
0.357625457588,8.58333333333,13.3333333333
0.352117481287,9,15.0833333333
0.333208372562,10.4166666667,17.1666666667
0.278156767556,17.1666666667,21
0.290581929556,12,17.3333333333
0.323029885712,13.0833333333,15.9166666667
0.35901590159,15.75,17.4166666667
0.294376734704,13.8333333333,17.5833333333
0.364240992009,9.16666666667,15.9166666667
0.382657748614,14.6666666667,20.1666666667
0.34360394127,12.9166666667,19.5833333333
0.306687740378,11.4166666667,15.5833333333
0.299902502084,9.83333333333,14
0.280546070393,11.75,16.8333333333
0.316917270824,14.8333333333,18.8333333333
0.345365823141,13.8333333333,16.75
0.318901374955,10.0833333333,13.5833333333
0.27801195053,13.5,17.25
0.337118600647,9.08333333333,13.1666666667
0.296207146971,13.9166666667,16.4166666667
0.328750424749,15.5,16.8333333333
0.358229493902,10.8333333333,17
0.329900748328,8.41666666667,13.0833333333
0.366794001333,11.4166666667,17.9166666667
0.34331204607,10.5833333333,17.8333333333
0.338670227132,11.5833333333,16.6666666667
0.331521599282,13,18.25
0.381150986905,11.75,15.75
0.385028522563,10.9166666667,14.4166666667
0.328198542628,11.6666666667,16.4166666667
0.297123015873,8.75,15.25
0.334213994921,12.3333333333,15.6666666667
0.289799769617,9.41666666667,13.1666666667
0.318438278965,9.75,13.5833333333
0.306692152353,12.0833333333,14.8333333333
0.337526501767,12.8333333333,17.1666666667
0.258193108461,13,18.4166666667
0.291364834003,12.25,16.75
0.313205273531,12.3333333333,17.6666666667
0.368771841684,16.0833333333,21.8333333333
0.315878551282,12.9166666667,18.8333333333
0.349394216098,10,15.8333333333
0.335550954786,13.75,19.3333333333
0.330574015889,13.75,18.75
0.346318737145,10.1666666667,13.8333333333
0.36907931001,15.0833333333,19.3333333333
0.344370717896,13.9166666667,18.0833333333
0.346989704884,7.75,12.3333333333
0.315012295147,11.75,17.3333333333
0.346893048774,12,17
0.349977504101,10.5833333333,16.1666666667
0.321363436262,12.3333333333,16.0833333333
0.347032251407,10.1666666667,13.9166666667
0.338837178622,13,17.3333333333
0.372369073987,13.5833333333,14.75
0.31032499281,9.33333333333,15
0.31041166011,12.25,17.0833333333
0.370287143977,11.75,18.5
0.307574774309,7.58333333333,12.75
0.28626469119,9,16.6666666667
0.350306058959,10.25,13.8333333333
0.295653713375,11.9166666667,14.0833333333
0.381251089558,7.33333333333,10.75
0.318541409268,15.0833333333,19.0833333333
0.292383553869,14.8333333333,18.3333333333
0.377125218857,11.6666666667,16.6666666667
0.368970457034,12.5833333333,18.3333333333
0.370065309044,11.5833333333,20.6666666667
0.348374958274,12.25,16.1666666667
0.346196120454,11.3333333333,19.0833333333
0.310722770868,13.8333333333,19.25
0.308197701972,9,15.0833333333
0.30883363204,10.6666666667,13.9166666667
0.334061372993,14,19.0833333333
0.359047832427,12.5833333333,18.0833333333
0.321613590955,8.16666666667,12.1666666667
0.323945299827,13.5,15.6666666667
0.351978992332,13.6666666667,17.25
0.34585650459,16.0833333333,19
0.341324308518,12.6666666667,14
0.373838614215,11.75,16.5833333333
0.324481670673,11.6666666667,14.5
0.336852426899,10.3333333333,15
0.334348447594,8.08333333333,16.8333333333
0.299826168609,8,11.75
0.358186961743,8.5,14.5833333333
0.25175051012,8.25,14.8333333333
0.303639445731,13.5,18
0.294386981189,18.8333333333,23.1666666667
0.32568855911,16.3333333333,22.1666666667
0.32683214306,13.0833333333,19.3333333333
0.363137182212,8.5,12.1666666667
0.371504694148,8.83333333333,13.5833333333
0.287476041432,10.8333333333,15.8333333333
0.357804528971,13.4166666667,17.4166666667
0.297245820473,11.75,17.75
0.301148387714,8.58333333333,12.5833333333
0.336709441824,11.3333333333,16.5833333333
0.273181108402,11.4166666667,12.4166666667
0.300414015673,12.5833333333,14.6666666667
0.287285958737,12.9166666667,15.1666666667
0.276320090669,12.75,16.9166666667
0.305022252109,10.4166666667,16.1666666667
0.395467351084,11.5,16.4166666667
0.388066801715,14.4166666667,19.0833333333
0.280951185858,13.3333333333,15.4166666667
0.301469766993,14.1666666667,17.8333333333
0.31268593535,12.4166666667,16.9166666667
0.275619206776,16,18.1666666667
0.362533014715,16.6666666667,20.4166666667
0.278637752547,11.8333333333,17.5
0.355072647752,10,15.1666666667
0.281897492409,14,19
0.365110828078,10.5,15.5
0.296628753065,13.1666666667,14.9166666667
0.318365373984,12.8333333333,15.4166666667
0.314152248546,13.1666666667,15.4166666667
0.404127598951,9.83333333333,15.6666666667
0.315278356463,9.83333333333,14.9166666667
0.357084167135,11.5,15
0.278582097632,13.5833333333,15
0.309209786728,13.0833333333,17.8333333333
0.334796714629,15.0833333333,20
0.335711424212,13.4166666667,18.9166666667
0.403046819343,8.75,16.4166666667
0.361470016668,12.5,16.5
0.37944992256,10.5,15.4166666667
0.313677954247,11.75,15.0833333333
0.268475122885,14,20.5
0.359679873256,12.0833333333,18.6666666667
0.322998074108,13.1666666667,17.5
0.33363288997,11.3333333333,16.9166666667
0.393517146784,8.91666666667,14.75
0.34788291957,10.9166666667,15.3333333333
0.292212471795,13.0833333333,18.4166666667
0.324688055738,11.5833333333,17.25
0.349099969927,13.0833333333,17
0.288772836843,9.41666666667,15.8333333333
0.301516153082,10.3333333333,16.1666666667
0.322485506618,15.75,18.4166666667
0.33465821431,14.9166666667,17.5833333333
0.384624770975,11.75,14
0.310521213435,11.6666666667,14.25
0.288340645182,11.3333333333,16.0833333333
0.37032423694,16.4166666667,20
0.323878703679,13.0833333333,17.4166666667
0.34614954755,13,16.1666666667
0.329130075809,14.5833333333,19
0.34189733336,11.1666666667,16.0833333333
0.286723276231,11.3333333333,14
0.305078076145,6.33333333333,10.75
0.353775269071,13.1666666667,16.9166666667
0.319884608088,13.1666666667,18.6666666667
0.330064035572,12.8333333333,17.3333333333
0.277476986119,11.0833333333,16.5
0.366101177103,11.4166666667,18.4166666667
0.310112847222,13,17
0.330709858052,13.9166666667,17.3333333333
0.291709969662,13.4166666667,16.5
0.271246758632,12,16.4166666667
0.286368599257,10.0833333333,13.6666666667
0.33076111916,8.75,13.75
0.329864622317,13.0833333333,17.0833333333
0.341765721833,9.41666666667,17
0.292716052479,12.8333333333,18.1666666667
0.374110891645,13,19.5833333333
0.342662893725,12.5,15.3333333333
0.319286616631,9,15.6666666667
0.345258856066,10.6666666667,13.8333333333
0.340804904578,9.91666666667,15
0.313954556042,12.25,14.8333333333
0.311839628393,12.1666666667,18.5
0.336266413713,11.1666666667,15.1666666667
0.348368963949,14.0833333333,16.5
0.345774740939,14.3333333333,17.0833333333
0.350754164718,7.83333333333,13
0.323795296733,13.9166666667,15.75
0.308840851695,10.3333333333,14.8333333333
0.332547205105,10.3333333333,13.3333333333
0.354845582712,14.8333333333,18.6666666667
0.315339597856,12.8333333333,17.6666666667
0.31461650016,13.5,17
0.331720413175,8.16666666667,14.9166666667
0.382881259972,11.6666666667,15.9166666667
0.342210485009,13.0833333333,17.75
0.317923377885,12.4166666667,17.6666666667
0.29177748227,12.75,17.4166666667
0.296177253435,11.0833333333,15.8333333333
0.331557067378,12.0833333333,15.3333333333
0.363152110528,11.5833333333,17.4166666667
0.350562186265,14.25,17.5833333333
0.353299836896,15.4166666667,18.75
0.385194154661,10.8333333333,17.4166666667
0.314175372365,13.9166666667,18.5833333333
0.366417221464,13.0833333333,18.75
0.347299808473,13.25,19.1666666667
0.30094913719,12.4166666667,16.4166666667
0.337478440703,10,15.75
0.306889784113,9.08333333333,14.25
0.390968898407,14.75,18.25
0.332925723194,12.3333333333,17.25
0.371995985381,9.58333333333,16.1666666667
0.310460380614,14.4166666667,18.0833333333
0.30602251354,11.25,15.25
0.338338456916,12.8333333333,17.5
0.35013954221,12.25,14.9166666667
0.360828406098,8.16666666667,14.4166666667
0.344475647497,15.5833333333,20
0.277851336447,15.8333333333,21
0.329739936503,11.1666666667,15.0833333333
0.319974358094,12.3333333333,17.3333333333
0.358810735309,12.1666666667,17.75
0.324462189986,13.9166666667,17.3333333333
0.349628610028,9.83333333333,14.4166666667
0.299300731511,14,16.5833333333
0.298888504772,12.0833333333,16.6666666667
0.288078368504,13.0833333333,17
0.305958582919,12.5,18.25
0.350998051175,14.25,19.5
0.350265583594,10.5833333333,14.9166666667
0.306096797446,14.1666666667,15.75
0.34998998244,13.1666666667,18.4166666667
0.344612513554,9.75,14.9166666667
0.341838783582,11.9166666667,16.4166666667
0.332384317049,11.25,15.25
0.348827214217,10.25,13.5
0.357022503425,14.6666666667,18.9166666667
0.3265508694,10.6666666667,15.0833333333
0.348561814098,9.08333333333,14.9166666667
0.36288936335,11.0833333333,14.75
0.290684239846,12.6666666667,17.0833333333
0.361027534915,12.75,16.5833333333
0.296943984547,13.1666666667,16.25
0.408673337178,13.0833333333,18
0.354156454132,13.25,17
0.380339612994,12.3333333333,17.75
0.319895743818,13.5833333333,17.25
0.311564798866,10.25,13.1666666667
0.295486848757,16.0833333333,20.8333333333
0.366494878121,11.5,17.0833333333
0.342892762863,12.6666666667,18.5833333333
0.336797774097,12.1666666667,13.5833333333
0.308702580721,12.1666666667,16.3333333333
0.323925276236,11.8333333333,16
0.33988382153,9,15.3333333333
0.352338316288,12.5,17.0833333333
0.300504961816,10.3333333333,19.0833333333
0.327005370743,12.5,16.75
0.266028859821,12.3333333333,15.3333333333
0.30534094015,9.16666666667,14.3333333333
0.369743603049,11.6666666667,18.0833333333
0.305074389934,10.6666666667,15.25
0.327962403491,9.5,14
0.317823129252,12,14.25
0.29624145187,12.4166666667,17.8333333333
0.31789449246,9.75,16.25
0.355908072835,10.75,16.75
0.38781482731,10.5833333333,13.5833333333
0.342028961767,8.83333333333,16
0.371427253321,9.25,13.9166666667
0.336642117622,11.9166666667,12.6666666667
0.308629033112,13.4166666667,18.8333333333
0.319514873351,11.5,14.8333333333
0.363921656866,11.0833333333,16
0.354149866438,13.5,16.6666666667
0.359281449224,12.75,16.8333333333
0.313981491816,11.1666666667,15.9166666667
0.306837302565,13.75,16.75
0.328567342285,11.5833333333,15.5833333333
0.379875719024,9.41666666667,12.5833333333
0.356423288797,11.9166666667,17.3333333333
0.332366516877,9.33333333333,17.8333333333
0.373027360187,16.5833333333,20.0833333333
0.36665480849,11.3333333333,15.1666666667
0.391234390339,10.5,17.8333333333
0.272543943789,10.9166666667,15.6666666667
0.287340046803,14.3333333333,17.3333333333
0.28127864574,13.4166666667,17.6666666667
0.354377838905,14.1666666667,19.75
0.312825586622,12.0833333333,15.5
0.362701053721,10.1666666667,14.6666666667
0.31045379626,11.6666666667,14.8333333333
0.369496187529,14.0833333333,18.8333333333
0.372634822084,9.58333333333,16.5
0.306213021847,10.8333333333,15.4166666667
0.313634373842,12.3333333333,16.4166666667
0.356491492603,12.25,15.25
0.341589462768,10.4166666667,14.3333333333
0.307164990551,15,15.9166666667
0.354879187441,10.9166666667,11.9166666667
0.338440833156,11.25,17.1666666667
0.294369351855,12.8333333333,17.5
0.365850722351,12.8333333333,15.4166666667
0.288195374067,12.5833333333,17
0.351955410261,12.5,16.9166666667
0.31111397364,15.8333333333,19.0833333333
0.364442593396,9,14.1666666667
0.31793792861,13.75,19.6666666667
0.284700747235,11.1666666667,16.0833333333
0.314042228318,12.9166666667,16.5
0.334736195921,7.58333333333,13
0.344443721726,12.8333333333,15
0.285281790902,10.9166666667,14.5833333333
0.334919464134,12.5,16.8333333333
0.308402457258,12.75,18.4166666667
0.338482439028,11.0833333333,14.8333333333
0.352460520866,9.66666666667,15
0.342041431086,14,18
0.387262109021,7.66666666667,11.4166666667
0.352117481287,10.25,13.5
0.297995732294,9.25,15.5
0.345302789984,13.25,17.8333333333
0.263251176853,11.5833333333,15.6666666667
0.340699352957,10.4166666667,15.5
0.37800512126,14.1666666667,18.5833333333
0.35255343801,9.41666666667,16.25
0.321831917842,11.8333333333,16.3333333333
0.348752274286,9.83333333333,15
0.340484048405,11.5,16.1666666667
0.328991510075,15.0833333333,19.25
0.324247224085,11,13.4166666667
0.385874284087,12.3333333333,17.9166666667
0.391265485162,14.75,18.4166666667
0.353534450695,9.33333333333,13.9166666667
0.303558698088,11.1666666667,16.1666666667
0.328303014998,13,18.9166666667
0.32519680926,13.0833333333,16.25
0.330894800187,11.6666666667,17.0833333333
0.327470997854,11,16.8333333333
0.305417663803,14.6666666667,16.9166666667
0.388230966014,12.6666666667,19
0.332673585585,12.25,16.0833333333
0.302722360708,11,13.4166666667
0.352061162951,11.9166666667,17.25
0.273380039851,12,16.5
0.364328304974,14.25,17
0.257068318499,11.6666666667,14.5833333333
0.341164014478,11.25,14
0.349838399194,11.6666666667,17.25
0.320311268477,11.6666666667,15.5
0.364166939322,12,16.5
0.276236638507,15.6666666667,21.3333333333
0.3717559283,8.33333333333,15.6666666667
0.376664760443,13.9166666667,17.0833333333
0.374809468329,10.6666666667,16.5
0.291997750691,8.66666666667,13.4166666667
0.319120194361,11.25,15.75
0.343888752003,11.0833333333,16
0.302401663424,11.8333333333,16
0.372075108934,10.9166666667,15.75
0.300694198887,12.8333333333,17.8333333333
0.282769346868,10.5,16.6666666667
0.382037984554,10.8333333333,16.25
0.322500659849,13.3333333333,17
0.313097971816,14.1666666667,18.3333333333
0.233657919942,12.3333333333,17.0833333333
0.269418802395,9.33333333333,13.5833333333
0.39951641015,11.3333333333,16.8333333333
0.354385416395,10.1666666667,14.6666666667
0.30952248499,11,15.75
0.352907242289,12.1666666667,15.1666666667
0.373345151417,7,14.3333333333
0.300415209211,8.91666666667,13.75
0.34232863689,8.33333333333,13.5833333333
0.37373455348,12.4166666667,15.6666666667
0.363352802667,11.75,15.0833333333
0.344466548517,13.25,17.0833333333
0.366268991537,9.41666666667,13.8333333333
0.343025912434,11.4166666667,12.6666666667
0.348258404388,11.6666666667,15.0833333333
0.2955684816,10.5833333333,15.1666666667
0.339287712557,11.5833333333,16
0.39161389484,11.5833333333,14.0833333333
0.330636134184,11.1666666667,16.75
0.308306573022,16,18.0833333333
0.365304363937,10.8333333333,16.8333333333
0.299045126806,11.5833333333,15.5833333333
0.346783003317,15.3333333333,18.4166666667
0.279614698814,8.75,15.3333333333
0.331401302801,12.4166666667,18
0.285343082455,12.25,18
0.282668122981,13.75,16.1666666667
0.300795993097,14.6666666667,16.4166666667
0.300693333333,11.6666666667,16.75
0.331790560375,13.25,15.75
0.314457409568,13.9166666667,18.0833333333
0.33001775019,10.8333333333,15.75
0.364399228522,12.75,17.75
0.305508214982,11.8333333333,16.5
0.361990797131,13,13.9166666667
0.41975708846,14.25,16.6666666667
0.343345636587,9,14.8333333333
0.301996574836,11.4166666667,15.8333333333
0.293536268259,12.3333333333,17.9166666667
0.379214278878,14.4166666667,17.8333333333
0.310970727943,12.75,16.75
0.360653568632,14.6666666667,18.8333333333
0.320411348713,13.25,16.4166666667
0.321251071836,16.8333333333,21.3333333333
0.346334603546,11.0833333333,14.9166666667
0.37130032958,14.5833333333,19.4166666667
0.319513105817,13.25,17.1666666667
0.307136665704,15.5,18.3333333333
0.326579368182,16.1666666667,21.5
0.319748858778,10,15.0833333333
0.320171119371,13.6666666667,18.1666666667
0.319354030468,15.5833333333,18
0.296525486444,12.25,17.9166666667
0.352855764182,7.83333333333,13.8333333333
0.360806659194,8.25,14.4166666667
0.346868813442,12.1666666667,14.25
0.37790943205,11.9166666667,15.5
0.417862499493,11.8333333333,15.0833333333
0.384561529209,14.6666666667,17.8333333333
0.355696562411,11.4166666667,16.6666666667
0.374928424309,10.1666666667,15.9166666667
0.295849010977,12.4166666667,15.5833333333
0.365296265993,10.0833333333,15.8333333333
0.318976695085,10.1666666667,13.5833333333
0.332734523456,10.0833333333,17.25
0.282392287126,12.9166666667,17.8333333333
0.296981444327,14.25,17.1666666667
0.350216626492,15.3333333333,18.75
0.27860587914,11.0833333333,14.6666666667
0.29946536443,11,14.9166666667
0.329479811601,9.91666666667,14.9166666667
0.303031188201,13.0833333333,17.25
0.358153670814,13.3333333333,18.8333333333
0.3369359987,14.75,19.3333333333
0.341136758056,14.8333333333,19
0.285885847246,13.8333333333,16.3333333333
0.319723239771,9.58333333333,12.5833333333
0.347880635395,12.0833333333,17.4166666667
0.351303105001,10.5,13.3333333333
0.344105946937,13.6666666667,17.9166666667
0.328680635078,10.75,15.3333333333
0.378339233827,16.25,18.8333333333
0.252070678082,11.5,14.4166666667
0.333082788956,13.6666666667,18.4166666667
0.292644563976,10.6666666667,16.75
0.319713353109,9,13.4166666667
0.323933477946,10.75,14.5833333333
0.299426813335,12.9166666667,16.3333333333
0.277156456723,11.0833333333,14.5833333333
0.311101148012,9.16666666667,15.3333333333
0.2686718098,13.75,17.1666666667
0.331315861573,15.3333333333,18.3333333333
0.30413042811,12.0833333333,17.5833333333
0.313979464708,13.6666666667,17.6666666667
0.324711011658,9.41666666667,16.9166666667
0.309832982274,15.0833333333,18.25
0.380884787518,14.0833333333,16.8333333333
0.363112410264,11.6666666667,18.3333333333
0.352912280502,13,17.9166666667
0.309636267127,10.1666666667,14.4166666667
0.276833274856,13,17.6666666667
0.363477739752,9.33333333333,15.1666666667
0.342960580689,13.0833333333,16.6666666667
0.359590432438,8.66666666667,13.25
0.357744107744,12.6666666667,17.8333333333
0.302620933401,12.0833333333,16.5833333333
0.300783957291,12.6666666667,18.5
0.341829560766,12.8333333333,15.6666666667
0.324778143767,9.33333333333,14.4166666667
0.352908557686,11.25,15.6666666667
0.360779480936,12.9166666667,20.0833333333
0.345200325492,13.6666666667,17.3333333333
0.313348803308,11,14.5833333333
0.325540239039,8.08333333333,11.5
0.346248400496,14.25,17.3333333333
0.381575677986,9.75,13.8333333333
0.343456416691,16,17.5833333333
0.302943819037,10.1666666667,14.1666666667
0.29632110437,10.25,15.4166666667
0.344654175974,11.6666666667,16.6666666667
0.392101829425,12.5833333333,14.3333333333
0.35530702226,11.4166666667,15
0.316508234289,11.3333333333,15.4166666667
0.304192104669,13.6666666667,17.0833333333
0.373723879875,9.25,12.5
0.351588416464,8.75,17.1666666667
0.282549951298,9.08333333333,13.25
0.317607648557,12.5,16.5
0.340648454955,14,17.6666666667
0.353607799305,9.83333333333,14.75
0.382095353624,12.1666666667,16.0833333333
0.32624662207,9.75,15.3333333333
0.304257327702,13.6666666667,17.8333333333
0.355334314179,12.25,17.0833333333
0.34208996158,9.91666666667,15.25
0.268509140743,11.25,17
0.339444681353,8.41666666667,15.0833333333
0.322511272785,5.66666666667,12
0.32591278888,12.5833333333,15.3333333333
0.353000649318,9.91666666667,15.0833333333
0.307042071422,16.1666666667,18.75
0.325743602538,10.3333333333,15.3333333333
0.360774412698,13.3333333333,18.75
0.365863436951,11.4166666667,16.0833333333
0.359691501385,10.25,14.3333333333
0.303256254638,9.83333333333,14.5833333333
0.329152503297,9.75,14.5
0.305673694935,11.8333333333,16.8333333333
0.349892015218,8.25,12.4166666667
0.327641117295,11.6666666667,17.75
0.359418671972,8.58333333333,13.8333333333
0.330027002802,12.5833333333,18.0833333333
0.334434964261,11.75,17.0833333333
0.294990576143,13.1666666667,16.6666666667
0.346603573666,13.3333333333,16.1666666667
0.310033211523,13.1666666667,15.5
0.404124906817,9.91666666667,16
0.352389632968,11.0833333333,15.6666666667
0.322136190924,13,17.5
0.295997404707,6.58333333333,8.58333333333
0.373790330632,9.25,14.3333333333
0.306923771966,8.75,14.9166666667
0.337617179734,9.5,13.8333333333
0.311191819326,10.75,16.8333333333
0.35425666302,9.58333333333,13.0833333333
0.401215662434,17.0833333333,21.5
0.337526780619,11.75,18.4166666667
0.343904330323,12.1666666667,14.75
0.303613400892,14.25,17.25
0.327110546273,13.9166666667,19
0.334275072077,13.5833333333,18.5833333333
0.273335595676,13.4166666667,16.4166666667
0.31399473624,13.0833333333,16.5833333333
0.339317339644,9.83333333333,14
0.333577079715,12.3333333333,18.75
0.334822079014,13.4166666667,18.1666666667
0.338809782455,12.5,16.3333333333
0.356721588853,15,18.75
0.34327703337,11.75,17.0833333333
0.286073109545,14.75,17
0.323949062184,14.5833333333,19.8333333333
0.31249227033,11,16.4166666667
0.281476396395,10.9166666667,13.75
0.369986883759,11.4166666667,15.5
0.302565403371,10.1666666667,14.25
0.295202585277,9.25,13.5833333333
0.347033127469,10.5833333333,14.3333333333
0.332407203766,11.75,16.4166666667
0.336847787598,13.25,17.4166666667
0.316736995104,12.8333333333,16.25
0.304695684847,7.91666666667,11
0.289121282348,10.0833333333,14.4166666667
0.298462196097,12.25,16.3333333333
0.391229241514,12.1666666667,17
0.306332635429,9,12.5833333333
0.363632868507,8.75,13.5833333333
0.272371379901,15,17.4166666667
0.337395589577,10.3333333333,14
0.362131126207,12.3333333333,17.6666666667
0.34391428037,10.0833333333,13.4166666667
0.33350192727,14.25,17.1666666667
0.366285544963,14.75,19.5833333333
0.373315455871,12.5833333333,16.1666666667
0.34803707966,8.25,13.0833333333
0.331820426853,13,17.9166666667
0.317643138747,9.41666666667,15.0833333333
0.31423058039,11.5,17.8333333333
0.352382812643,13.9166666667,18.4166666667
0.289039719754,14.5833333333,17.25
0.39152404644,12,16.5
0.306140041426,15,18.1666666667
0.334428806524,12.6666666667,18.0833333333
0.298655495437,9.91666666667,13.8333333333
0.369590718296,12.25,18.1666666667
0.335209169947,13.1666666667,19.0833333333
0.314590348259,11.4166666667,15.1666666667
0.318740695213,12.8333333333,20.1666666667
0.341888519634,12.75,14.5
0.322753354176,8.5,15.8333333333
0.338800058593,13.5833333333,17.75
0.323236576507,14.0833333333,16.9166666667
0.330310152516,8.91666666667,15.3333333333
0.36136145316,11.6666666667,15
0.297287825106,13,17.1666666667
0.377221535639,14.3333333333,20
0.294932928011,10.3333333333,16.0833333333
0.293675226921,15.9166666667,18.3333333333
0.412566035467,9.83333333333,15.75
0.308020322176,11.25,15.8333333333
0.343864900921,13.1666666667,17.5
0.33741967108,11.0833333333,17
0.362759427068,12.25,17
0.391962231944,12.5,17.9166666667
0.321178261044,11.0833333333,15.8333333333
0.308911362774,12.5833333333,15.6666666667
0.337986277007,10.6666666667,15.0833333333
0.357266514539,12.8333333333,18.5
0.306152887028,15.6666666667,18.9166666667
0.32932735575,10.25,15.3333333333
0.305831983227,14.6666666667,18.1666666667
0.335742494779,12.0833333333,17.3333333333
0.276349323944,8.5,12.9166666667
0.345000269516,14.3333333333,18.9166666667
0.343691080598,13.25,18.9166666667
0.296299362682,10.4166666667,12.6666666667
0.29467609847,8.91666666667,12.0833333333
0.303694181973,11,15.5833333333
0.357625040182,10.3333333333,14.75
0.35582267322,11,15.3333333333
0.309323636106,12.5833333333,15.5
0.318472830943,13.6666666667,16.75
0.364809089249,10.5833333333,13.6666666667
0.342603433991,11.4166666667,15.6666666667
0.311893780657,12.5833333333,17.6666666667
0.306229683213,14.8333333333,19.1666666667
0.274541721317,12.25,15.5833333333
0.287420217103,12.0833333333,14.75
0.368532568458,8.08333333333,10.4166666667
0.333617686785,10,14.0833333333
0.343803857182,13.3333333333,16.5833333333
0.34893311334,11.6666666667,17.0833333333
0.343636525285,12.25,19.5833333333
0.399370392658,10.6666666667,17.3333333333
0.317475251147,12.75,16.6666666667
0.362315044135,12.5833333333,16.9166666667
0.276431664625,9.83333333333,14.5833333333
0.339124396913,10.75,14.4166666667
0.305770229238,13.5833333333,17
0.374088391571,13.3333333333,18.0833333333
0.308818459417,11.9166666667,16
0.317390585851,13.5,15.9166666667
0.352756255557,15.5833333333,21.0833333333
0.312998016839,12.9166666667,17.8333333333
0.3544539738,8.5,12.8333333333
0.264941689259,11.8333333333,17.9166666667
0.333989454584,8.08333333333,15.5833333333
0.35603997403,12.0833333333,16.1666666667
0.373318128375,8.91666666667,13.3333333333
0.31424021024,11,16.5833333333
0.324441884198,11,15.4166666667
0.314904010591,12.25,18.8333333333
0.359280170627,10.3333333333,12.6666666667
0.300476555115,10.6666666667,15.75
0.291852656196,11.1666666667,16.9166666667
0.319959410738,13.6666666667,18.25
0.306674814336,10.4166666667,16.3333333333
0.320219099476,10.0833333333,16.5833333333
0.364217385572,12.6666666667,16.75
0.356676514266,13.0833333333,18.75
0.360643411796,11.6666666667,17.5833333333
0.311989658132,14.5,19.0833333333
0.311754651349,14.0833333333,19.25
0.315612957415,8.41666666667,11.1666666667
0.372341648243,10.3333333333,13.75
0.362512016964,9.5,12.5
0.355650697641,11.75,15.9166666667
0.306403908737,13.0833333333,17.6666666667
0.35295327707,8.25,12.9166666667
0.349791236668,15.3333333333,19.6666666667
0.328270232429,9.66666666667,14.6666666667
0.338294383064,13.5833333333,17.1666666667
0.33369890886,11,14.5
0.37125631092,9.41666666667,12.5833333333
0.354803717243,13.4166666667,21
0.307223567279,10.1666666667,15.25
0.334113171328,8.83333333333,14.4166666667
0.338517168762,15,18.8333333333
0.351328549364,10.5,15.25
0.314336742025,12.5,18.0833333333
0.329198395274,14.0833333333,18.75
0.358089444646,9.66666666667,15.75
0.366543391819,10.25,15.5833333333
0.384161170761,11,15.4166666667
0.330516154683,12.6666666667,14.3333333333
0.335459517844,9.33333333333,14.9166666667
0.299819418365,11.5833333333,17.6666666667
0.277864773959,10.8333333333,15.6666666667
0.330080100839,13.6666666667,16.8333333333
0.376564531105,12.8333333333,15.5
0.308285702143,7.58333333333,11.25
0.323345670263,10.3333333333,14.5833333333
0.34154109803,13.9166666667,18.4166666667
0.371096998,11.5833333333,16.75
0.290569603723,10.5833333333,14.3333333333
0.372851333263,12.6666666667,19.4166666667
0.350428076454,14,20.0833333333
0.322091711997,10.6666666667,15.5833333333
0.377501004868,10.25,16.3333333333
0.351215235478,15.9166666667,19.1666666667
0.337878172897,12.1666666667,17.5
0.377630770076,11.1666666667,15.4166666667
0.311570178958,16.3333333333,18.25
0.360150584936,10.5,15.5
0.263891114992,9.16666666667,14.8333333333
0.351696007941,12.75,17.3333333333
0.314226538885,12.1666666667,16.0833333333
0.365140329924,13.6666666667,17.75
0.262588189813,13.25,16.4166666667
0.352916917024,14.6666666667,17.9166666667
0.335750289208,9.41666666667,13.8333333333
0.334793891999,10.9166666667,16.0833333333
0.288959451712,11.75,14.8333333333
0.326774952417,14.9166666667,17.6666666667
0.310877265492,11.5833333333,16.5
0.360296998613,14.8333333333,20.3333333333
0.34141363018,11.25,16.5
0.288412470598,14.75,17
0.336627456982,14.4166666667,20.4166666667
0.294462617775,12.5,16.75
0.371013411875,15.1666666667,18.9166666667
0.376111689787,12.4166666667,17.75
0.375946359146,9.33333333333,13.6666666667
0.276437458436,11.25,15.5
0.320407124682,13.0833333333,17.3333333333
0.319140536272,11.9166666667,16.9166666667
0.345856392071,12.5833333333,16.75
0.359438727158,11.25,16.9166666667
0.355288342328,6.75,12.9166666667
0.318575603835,13,17.3333333333
0.358421200537,12.3333333333,17.0833333333
0.369682502181,11.5,18.0833333333
0.345135318476,11.25,17.5833333333
0.368726077761,9.83333333333,14.3333333333
0.307263169188,11.5833333333,15.5833333333
0.348593974516,10.25,13.75
0.284981550556,11.25,17
0.385559300463,9.41666666667,13.5
0.367617859676,10.6666666667,15.9166666667
0.327200877236,13.25,16
0.296596164859,11.5,14.5
0.293813820649,11.6666666667,15.1666666667
0.346305710825,12.9166666667,17.5833333333
0.338173425349,11.4166666667,15
0.306177279021,13.1666666667,17.8333333333
0.29632322839,13.25,16.3333333333
0.277983532033,11.0833333333,18.8333333333
0.33831760965,12.5833333333,15.0833333333
0.363425925926,13.1666666667,14.5
0.323242239501,9.83333333333,15.3333333333
0.270104532528,11.3333333333,14.0833333333
0.370173284638,13.9166666667,16.0833333333
0.331011824683,12.9166666667,15.9166666667
0.333435097529,8.25,15
0.352389574618,12,16.5
0.292509747926,14.8333333333,19.9166666667
0.382131351894,11.5,15
0.379129569768,9.66666666667,14.75
0.29660705905,15.5,18.9166666667
0.352221071747,9.33333333333,12
0.352120944823,13.8333333333,16.4166666667
0.344464625066,13.25,17.5
0.346398363042,12.8333333333,16.3333333333
0.328577733748,11.5833333333,15.75
0.2998812027,11.3333333333,18.0833333333
0.320506253267,12.8333333333,18.75
0.328188501589,13.0833333333,15.6666666667
0.335099378696,12.5,18.0833333333
0.299859758646,15.5,19.6666666667
0.339699459413,13.9166666667,17.0833333333
0.33349324561,9.25,13.75
0.372627456938,8.41666666667,10.9166666667
0.378308880053,12.4166666667,17.3333333333
0.31925981975,12.5833333333,17.5833333333
0.33534989043,13,15.8333333333
0.367246478789,10.5,15.1666666667
0.387235138098,17.5833333333,20.5833333333
0.287505496726,8.33333333333,13.5833333333
0.386019934022,8.58333333333,15.4166666667
0.335051767839,13.75,17.4166666667
0.34064725453,10.1666666667,15.0833333333
0.336959136443,7.41666666667,16.0833333333
0.385969294157,12.75,15.5833333333
0.325128862049,7.66666666667,11.5833333333
0.345262571511,4.41666666667,11.25
0.342201785568,13.8333333333,17.8333333333
0.317702081499,14.0833333333,15.9166666667
0.317635907211,11.0833333333,17
0.335062638117,11.25,14.9166666667
0.291257908799,12.6666666667,18.25
0.326556714216,12.75,16.3333333333
0.339228674708,9.58333333333,11.1666666667
0.288907315017,8.33333333333,12.0833333333
0.380608906048,16.1666666667,19.25
0.357784742805,12.6666666667,15.0833333333
0.376547004815,13.8333333333,16.8333333333
0.352480798244,11.8333333333,15.5833333333
0.329241156766,12.3333333333,16
0.313128409972,12.5833333333,16.9166666667
0.361128486229,13.0833333333,18.9166666667
0.324005655634,15.5833333333,20
0.323812029699,10.3333333333,15.25
0.304704994565,9.41666666667,13.5
0.304950782025,12.25,16.5833333333
0.29807545216,8.58333333333,12.8333333333
0.362531291335,12.5833333333,17.3333333333
0.331626702343,7.66666666667,15.4166666667
0.38486671122,9.33333333333,15.25
0.336355375595,11.5,15.75
0.34369830804,12.9166666667,16.5833333333
0.323857190899,10.8333333333,13.9166666667
0.301875400861,11.5,15.8333333333
0.318704418833,14.4166666667,17.9166666667
0.341595003978,14.6666666667,19.25
0.312464160976,12.5,14.9166666667
0.309757359059,8.16666666667,14.5
0.322269564389,8.75,17.6666666667
0.323770166425,10.1666666667,15.9166666667
0.311339430711,10.8333333333,14.75
0.278940027894,12.25,16.25
0.320350373527,13.9166666667,16.5
0.363729878451,13.6666666667,17.4166666667
0.359856992486,12.75,19
0.346234726088,15.4166666667,20
0.316939085895,13.1666666667,18.3333333333
0.31708181713,11.6666666667,18
0.355000301053,13.8333333333,19.3333333333
0.334678566021,12,15.4166666667
0.279315675996,10.4166666667,15.0833333333
0.32768449581,11.9166666667,17.25
0.369538983534,11.1666666667,15.4166666667
0.346672443853,9.91666666667,15.75
0.368805342004,10.4166666667,18.3333333333
0.345518464362,8.33333333333,13.1666666667
0.354233309473,12.5833333333,17.5833333333
0.345026786622,10.4166666667,13.5
0.386318698613,9.75,15.25
0.329746812673,13.4166666667,13.25
0.303540789701,9,13.8333333333
0.333388658518,12.4166666667,15.5
0.300461818727,9.5,16.25
0.375309415404,12.75,16.5833333333
0.303039003534,13.4166666667,18.3333333333
0.354206660647,13.4166666667,17.6666666667
0.364646070087,13.25,18.0833333333
0.320636060442,11.3333333333,13.3333333333
0.316404944871,13.8333333333,16.75
0.321737724994,11.75,17.25
0.364421689347,11.1666666667,16.5
0.314721645407,16.1666666667,19.9166666667
0.343806524172,13,21.5
0.271429520215,12.1666666667,16.5
0.356616093264,12.1666666667,17.9166666667
0.319341128024,13.4166666667,17.1666666667
0.306773313499,8.5,14.0833333333
0.308155802597,11.5,16.3333333333
0.371032256437,9.41666666667,14.0833333333
0.272152586773,12.6666666667,16.75
0.327034389339,11.4166666667,15.8333333333
0.348600762817,15.5833333333,18.5
0.30623586502,7.41666666667,12.0833333333
0.358945731768,10.3333333333,17.75
0.324250466978,10.1666666667,13.75
0.291796502172,13.25,14.8333333333
0.352445994707,10.8333333333,14.4166666667
0.335671279853,9.75,13.75
0.365479476474,9.16666666667,13.75
0.282209635594,12.0833333333,17.0833333333
0.31008961084,6,11.4166666667
0.342684397663,9.08333333333,13.75
0.358577053518,16.5,22.5833333333
0.272084805654,14.4166666667,15.9166666667
0.357065985698,12.25,14.3333333333
0.337716395908,10.3333333333,14.9166666667
0.349293332575,12.5833333333,13.3333333333
0.33790352399,13.0833333333,16.8333333333
0.318865364697,16.0833333333,22.3333333333
0.309800425396,16.0833333333,19.25
0.359937885005,8.25,14.5833333333
0.313923997818,14.75,18.5
0.330352220965,14.3333333333,20.5833333333
0.373983488798,10,15.0833333333
0.329361494799,12.0833333333,16.75
0.324448951874,11.6666666667,17.6666666667
0.326582244688,14,18
0.333260164922,8.41666666667,14.3333333333
0.378663527668,12.4166666667,17.0833333333
0.304485610466,10.6666666667,15.5833333333
0.3301484771,10.75,16.1666666667
0.312523411277,9.25,13.4166666667
0.362427040944,15.3333333333,18.6666666667
0.313623299026,14,19.3333333333
0.339834208064,7.33333333333,12.75
0.30784595647,13.4166666667,16.4166666667
0.308268371155,14.5,17.4166666667
0.320772432665,9.83333333333,13
0.326114947796,9.16666666667,14.25
0.356038993289,15.1666666667,20.9166666667
0.334408420094,12.9166666667,15.5833333333
0.379847608435,11,14.3333333333
0.304105935195,13.1666666667,14.1666666667
0.330002610169,11,17.25
0.349281781054,13.6666666667,17.9166666667
0.303307959367,12.4166666667,15.75
0.325821136581,11.75,17.0833333333
0.364271844274,10.0833333333,15.5833333333
0.367886623371,10.6666666667,16.5833333333
0.296337408164,10.6666666667,15.4166666667
0.335167266166,11.3333333333,16.9166666667
0.340271491522,8.58333333333,14.1666666667
0.330091972058,14.4166666667,17.25
0.357976127293,10.9166666667,14.8333333333
0.37921225105,11.4166666667,14
0.355560521752,11.5833333333,16.8333333333
0.339265782141,8.5,16.8333333333
0.319424917945,12.0833333333,15.4166666667
0.359747714158,17,20.8333333333
0.289096795205,10.5,16.25
0.311947161425,14.3333333333,16.1666666667
0.304445655389,17.5,23.0833333333
0.306401103962,15.5833333333,18.9166666667
0.3519691794,13.1666666667,16.1666666667
0.353339489074,8,14.1666666667
0.371674326085,15.5,19.5
0.347477366385,14.8333333333,18.25
0.32420890653,11.0833333333,14.4166666667
0.310082400015,18.1666666667,20.9166666667
0.377800508133,10.9166666667,15.0833333333
0.271126024449,9.25,13.5833333333
0.293994231764,9.41666666667,16.8333333333
0.345391191999,13,14.8333333333
0.348529277144,8.25,13.6666666667
0.319745589606,11.0833333333,15.9166666667
0.328266356436,8.91666666667,13.5
0.310244349124,12.8333333333,16.5
0.333768366559,13.25,18.9166666667
0.323603457854,11.4166666667,15.25
0.37948207453,9.41666666667,14.3333333333
0.347366927257,15.0833333333,20.6666666667
0.370638101051,14.25,16.1666666667
0.394057967379,11.9166666667,18.0833333333
0.360432418864,10.6666666667,18
0.300563610169,10.3333333333,16.5833333333
0.304574867373,11.3333333333,17.5833333333
0.383056228463,13.5833333333,17.5
0.309663180117,8.5,13.1666666667
0.36009148015,13.0833333333,18
0.343437188068,16.25,17.8333333333
0.356533381122,8.33333333333,16.5833333333
0.376197037513,13.4166666667,17.75
0.357305881324,9.66666666667,15.5833333333
0.392913119291,10.1666666667,16.1666666667
0.349553801503,11.5,16.9166666667
0.367737092497,9.91666666667,15.5833333333
0.309768697264,11.5,16.75
0.350354923562,11.25,17
0.338160217186,13.5,17.8333333333
0.343594856176,12.3333333333,15.6666666667
0.290827585076,9.5,15
0.360422806772,10.9166666667,15.6666666667
0.352882779277,8.08333333333,13.0833333333
0.343371550196,10.5,15.1666666667
0.357246139536,12.0833333333,21.3333333333
0.334020383122,10.8333333333,14.4166666667
0.343212757251,8.16666666667,13.3333333333
0.405256269775,8.66666666667,15.6666666667
0.315621453647,17.5833333333,18.0833333333
0.270576181099,10.1666666667,17.5
0.351977129406,13.5833333333,19
0.306045960954,12.25,16.6666666667
0.327574270254,13.75,18.5
0.302533542707,14.3333333333,16.25
0.308124417456,13.5,17.1666666667
0.341979567467,10.25,14
0.307863382039,12.4166666667,16.0833333333
0.350239665384,9.91666666667,12.75
0.314650111748,12.5,14.4166666667
0.319495730469,11.3333333333,15.3333333333
0.311774799927,14.9166666667,19.1666666667
0.308873236036,11.1666666667,17.0833333333
0.361951535656,14.8333333333,16.1666666667
0.370504192282,11.75,15.6666666667
0.311511073472,10.3333333333,15.4166666667
0.347107065067,17.5,19
0.324697601427,9,15.1666666667
0.352102020966,9.83333333333,17.25
0.347735316118,10.4166666667,13.25
0.300720136437,10.5833333333,14.6666666667
0.327132079757,11.6666666667,15.6666666667
0.332805264787,12.5,17
0.338247088803,8.08333333333,12.5
0.332845602176,12.25,18.4166666667
0.296633728264,13.5,17.3333333333
0.311046378565,11.4166666667,17.0833333333
0.257031094126,11.8333333333,15.25
0.348212994643,10.6666666667,14.1666666667
0.318454728256,12.5,19.25
0.288367355535,8.5,12.1666666667
0.305137186721,13.9166666667,19.8333333333
0.286227877278,12.4166666667,17.5
0.295616999138,15.5,17
0.380161550889,11.5833333333,14.5833333333
0.316892677338,14,18.3333333333
0.3674007563,11.5,16.4166666667
0.289332786498,9.41666666667,14
0.325523330876,9.41666666667,14.3333333333
0.358673864051,8.66666666667,14.4166666667
0.353632042091,12.6666666667,19.8333333333
0.308155128191,15.75,19.9166666667
0.357963358907,13.5,18.4166666667
0.293589873077,14.5833333333,18.5833333333
0.360310911403,10.8333333333,13.0833333333
0.327129564721,11.75,18.8333333333
0.349280525931,14.8333333333,19.6666666667
0.332669914795,11.1666666667,17.75
0.305399312531,12.1666666667,17.0833333333
0.346634070021,11.25,14.6666666667
0.324448194327,10,15.4166666667
0.296617202602,14.75,19.6666666667
0.318417964483,10,15.25
0.320651860001,11.25,16
0.328830214794,9.91666666667,13.5
0.291631789435,12.8333333333,15.4166666667
0.367310197465,13.3333333333,18.25
0.314051463269,13.25,17.4166666667
0.355712766986,9.16666666667,17.6666666667
0.330216933206,11.6666666667,17.0833333333
0.331667233263,13.75,18.0833333333
0.309765607733,15.25,20.1666666667
0.246206128967,13.75,17.4166666667
0.309571623686,12.0833333333,16.3333333333
0.319773877798,11.6666666667,14.9166666667
0.362300014738,11.3333333333,15.5833333333
0.348828957041,10.75,14.5833333333
0.343905777871,12.5833333333,19.5
0.32250127469,12.5,16.4166666667
0.354737190005,13.6666666667,16.3333333333
0.375342851977,13.6666666667,15.1666666667
0.359573740012,9.66666666667,12.75
0.341124892578,12.25,16.4166666667
0.340654531795,10.9166666667,16.25
0.340239328625,13.5,18.6666666667
0.321113336993,8.75,12.9166666667
0.341728868611,9.25,15.1666666667
0.32936596336,9.83333333333,16.4166666667
0.338158251264,12.8333333333,17.4166666667
0.339053812425,9.83333333333,15.9166666667
0.283723865222,13.0833333333,16
0.320632358564,13.0833333333,16.0833333333
0.301078072639,11.75,16.1666666667
0.378606422999,12.3333333333,15.9166666667
0.327941520162,8.16666666667,13.25
0.386119339584,11.75,16.3333333333
0.299065929874,12.6666666667,15.9166666667
0.347062295726,13,18.75
0.295131124467,13,16
0.338243483112,15.0833333333,18.25
0.399561173448,6.91666666667,12.8333333333
0.290183209192,9.41666666667,14.5
0.268490763995,10.25,16
0.323552924092,16,20.25
0.315724908896,12.0833333333,16.4166666667
0.283769947259,12.6666666667,16.25
0.272434918649,13.6666666667,16.8333333333
0.354992250058,15.0833333333,17.8333333333
0.310274593132,6.83333333333,12.6666666667
0.345450679661,12.5,18.75
0.337955294018,16.0833333333,19.1666666667
0.336410075309,12.25,16.8333333333
0.313218623285,15.75,19.5
0.334683850675,9.91666666667,13.3333333333
0.324231328907,11.4166666667,13.1666666667
0.312149047574,9.41666666667,11.6666666667
0.347624243453,11.9166666667,16.6666666667
0.37706562106,6.83333333333,14.6666666667
0.320407978427,12.5,16.4166666667
0.288226722325,13.5833333333,15.9166666667
0.255384486431,14.9166666667,17.5833333333
0.342926511179,6.75,13.0833333333
0.290805109245,15.8333333333,19.9166666667
0.380214641418,10.8333333333,15.8333333333
0.347077600705,10.8333333333,14.75
0.329706462487,11.1666666667,15.3333333333
0.347775270299,10.75,15.0833333333
0.327901947228,12.4166666667,17
0.354903231232,15.1666666667,19.5833333333
0.36148590341,13.4166666667,16.8333333333
0.34207332652,15.5833333333,18.5
0.306189269406,15.75,20.3333333333
0.320310673711,14.4166666667,17.3333333333
0.352575145921,8.58333333333,13.5833333333
0.332734741649,12.1666666667,15.0833333333
0.383093420022,9.41666666667,14.0833333333
0.340858848021,9.75,16.0833333333
0.345489590064,11.1666666667,15.5833333333
0.368992038114,8.25,12.6666666667
0.37010031531,9.5,15.5
0.314096432603,9.66666666667,15.9166666667
0.325164613958,10,12.25
0.323626739791,10.75,15.75
0.326010575532,11.75,16.9166666667
0.31778229136,13.9166666667,18
0.348318968864,12.3333333333,16.4166666667
0.316563371007,15.3333333333,17.8333333333
0.317581353994,10.75,16.0833333333
0.295696501426,8.75,12.5833333333
0.371403018885,12.75,17.5
0.375286419232,7.08333333333,13
0.350513446253,9.33333333333,16.3333333333
0.319889853284,13,15.75
0.364678474761,9.66666666667,14
0.30546107224,12.3333333333,15.1666666667
0.319874351161,12,14.6666666667
0.340171811711,12.4166666667,16.6666666667
0.302925514599,13.4166666667,15.9166666667
0.325669407821,13.1666666667,18
0.327064456216,10.25,13.5
0.341477999093,9.75,15.75
0.371910477162,11,14.8333333333
0.359102450009,9.33333333333,14.3333333333
0.294059469117,20.1666666667,21.1666666667
0.370343008998,12.8333333333,16.5833333333
0.350961666079,11,15.5833333333
0.320780659667,14.0833333333,17.8333333333
0.337953982383,12.9166666667,17.5833333333
0.315104626059,8.5,15.4166666667
0.321964287754,10.4166666667,12.4166666667
0.32252609296,9,15.5833333333
0.359283664528,10.8333333333,17.9166666667
0.342034368332,7.5,12
0.396434086379,10.25,14
0.342213452216,10.1666666667,17.5
0.294634321613,11.0833333333,16.5
0.351314477928,12.3333333333,17.1666666667
0.250336501026,9.33333333333,13.0833333333
0.333276076906,8.91666666667,15.0833333333
0.325763922275,13.25,17.25
0.323238462466,12.0833333333,13.6666666667
0.340759869797,13,16.6666666667
0.33160215809,13.5833333333,18.6666666667
0.314549978787,10.5833333333,13.5
0.34475652659,8.66666666667,15.1666666667
0.34615679385,10.9166666667,14.0833333333
0.331995273249,12.0833333333,15.75
0.34423141199,10.6666666667,15.4166666667
0.356234354811,13.6666666667,16.6666666667
0.320543640015,11.5,15.25
0.360743052587,5.41666666667,11.5833333333
0.330541596873,9.25,14.5833333333
0.32225871687,12,15.5
0.359355514491,15.9166666667,18.75
0.249861933643,6.75,12.8333333333
0.313029829849,13.6666666667,17.9166666667
0.314171314171,15.5,19.25
0.379144393171,10.3333333333,17.1666666667
0.372491747583,12.6666666667,14.9166666667
0.369917160633,10.3333333333,15.75
0.33476795896,11.75,16.25
0.359705407422,12.75,18.0833333333
0.350146702825,9.25,14.75
0.333521894172,14.9166666667,19.25
0.344088893539,10.0833333333,14.5833333333
0.319081713354,10.6666666667,15.1666666667
0.360174484575,7.66666666667,13.5833333333
0.327182391165,12,17.1666666667
0.352651607017,14.0833333333,18.75
0.322360457797,14.25,19
0.311859994453,9.5,16.5
0.274998295655,11.9166666667,14.3333333333
0.3183241519,10.75,14.75
0.301724603935,14.75,17.6666666667
0.256365376645,11.5833333333,15.1666666667
0.347897026831,14.5,18.75
0.318808943763,14.9166666667,20.1666666667
0.311410540457,12.1666666667,16.25
0.307757584662,11,16.25
0.36697351902,11.75,16.5
0.335402230906,14.5833333333,17.4166666667
0.306156755827,11.25,17.5
0.329494122385,15.9166666667,18.9166666667
0.40635885867,13.0833333333,16.3333333333
0.306822800416,12.25,16.5833333333
0.294154313203,10.6666666667,15.5833333333
0.289733234049,13.8333333333,17.5
0.306870494063,13.3333333333,18.4166666667
0.32234471052,8.16666666667,13.9166666667
0.301636306571,13.3333333333,18.6666666667
0.287659124336,12.4166666667,19.8333333333
0.371106573479,11.5833333333,14.5833333333
0.358756103057,11,15.1666666667
0.290725616221,14.75,17.0833333333
0.341360861854,10,13.8333333333
0.323670780476,11.5833333333,14.75
0.318719186757,11.5833333333,15.4166666667
0.360632509906,11.3333333333,16.8333333333
0.313183512959,13.25,16.6666666667
0.333978377214,11.75,14.5833333333
0.336044767338,12.5,18.5833333333
0.342417810781,10.75,14.0833333333
0.326193759197,8.66666666667,12.5
0.319404577182,10.9166666667,14.4166666667
0.337797799663,14.4166666667,17.5
0.340768871416,12.75,16.4166666667
0.348389598463,13.75,15.5833333333
0.346220910671,11.8333333333,14.5
0.344325672885,11.4166666667,17.5833333333
0.332252366187,11.0833333333,14.5
0.305042058838,11.9166666667,17.8333333333
0.305865337075,15.5833333333,20.4166666667
0.329664830871,12.0833333333,16.1666666667
0.343291386739,12.75,20.0833333333
0.351733949779,8.16666666667,14.4166666667
0.28671885487,11.1666666667,14.5833333333
0.337485761595,9.16666666667,13.3333333333
0.359190937441,12.8333333333,17.5833333333
0.342575595071,12.8333333333,16.5833333333
0.347786539999,12.1666666667,16.8333333333
0.325255560841,11.5833333333,15.3333333333
0.314939988794,10.0833333333,15.9166666667
0.275528700906,13.5,18.9166666667
0.325875076903,11.75,16
0.35621407536,13.25,17.5833333333
0.321128842213,10.8333333333,14.5833333333
0.333700569994,13.5833333333,16.4166666667
0.332006468956,8.5,13.0833333333
0.307602527917,15.4166666667,17.6666666667
0.319750367107,10.0833333333,18.5833333333
0.323703916188,15.75,19.5
0.292737171581,9.58333333333,14.75
0.312238013293,10.5,15.0833333333
0.309493364735,9.41666666667,15.5833333333
0.335686903257,9.66666666667,16.6666666667
0.299308810442,8.66666666667,14.75
0.354275721054,8.58333333333,11.4166666667
0.327227342877,10.5833333333,17.4166666667
0.366782300494,10.5833333333,16.3333333333
0.296803506894,13.25,19.25
0.339506408394,13.4166666667,17.5
0.289554557428,10.5833333333,15.5
0.331945778632,15.0833333333,19.3333333333
0.301707478491,13,18.1666666667
0.295718019844,12.6666666667,18.5
0.324581752809,8.75,14.9166666667
0.295437554272,11.75,16.5833333333
0.281807507723,12.0833333333,17.3333333333
0.328193135034,11.4166666667,15.9166666667
0.315739195247,12.75,17.8333333333
0.386234231967,10.5833333333,15.3333333333
0.325471077043,12.3333333333,16.1666666667
0.333767617921,11.5,17.4166666667
0.362293902325,10.3333333333,14.3333333333
0.34904002035,12.0833333333,16.4166666667
0.31166077177,13.5,17.9166666667
0.331777452907,9.66666666667,14.5833333333
0.32051670466,16.4166666667,18.25
0.349291342902,12.9166666667,18.3333333333
0.353104588293,9.66666666667,16.6666666667
0.345966406972,9.5,15.75
0.350180588905,11.0833333333,16.3333333333
0.367926220338,15,18.0833333333
0.334262918593,12.25,17.6666666667
0.359063635402,10.5833333333,14.5833333333
0.344971979,9.41666666667,13.4166666667
0.384668243972,9.91666666667,17.5833333333
0.289954844918,12.5,20.6666666667
0.287157400238,12.1666666667,17.5
0.358386003613,12.5833333333,20
0.332122534104,11.4166666667,15
0.329622301924,13.5,17.9166666667
0.355252147357,9.25,13.6666666667
0.312786987971,11.0833333333,14.75
0.323861975854,8,14.5833333333
0.335065996312,15.4166666667,19.25
0.312872697985,12.5833333333,18.1666666667
0.389094246967,12.8333333333,16.25
0.331005356232,10.3333333333,15.0833333333
0.412396365882,13,18.9166666667
0.382101727869,7.41666666667,11.25
0.314494441503,13.6666666667,18.9166666667
0.339250897096,10.25,14.5833333333
0.411461529022,10.9166666667,17.8333333333
0.323531079939,14.1666666667,20.3333333333
0.337919033391,13.5833333333,15.75
0.315749614251,15.5,17.8333333333
0.302161107126,11.6666666667,15.8333333333
0.323928947609,11.9166666667,15.6666666667
0.327903279305,12.5,19.9166666667
0.368529765331,10.75,14.75
0.31056314837,13.5833333333,18.5
0.314803944406,15.75,19.6666666667
0.302337430545,15.5833333333,18.8333333333
0.346834049178,9.75,14.5833333333
0.353316519295,10.6666666667,16.3333333333
0.315340742217,13.3333333333,20.1666666667
0.356939978781,9.16666666667,16.8333333333
0.310589241941,13.25,16
0.303094243779,13.5,17.5833333333
0.374469815987,13.9166666667,15.25
0.288089760014,15,19.3333333333
0.340608351794,13,14.5
0.321513357974,10.4166666667,12.4166666667
0.289215616532,12.9166666667,20.0833333333
0.372453952544,12.75,16.0833333333
0.355887456334,14.25,18.3333333333
0.327039243733,13.9166666667,17.8333333333
0.343529303142,11,17.9166666667
0.325785065427,11.25,14.4166666667
0.344065988506,9.91666666667,14.25
0.325488896255,11.1666666667,15.1666666667
0.376816745203,13.4166666667,17.6666666667
0.382199412717,7.66666666667,13.1666666667
0.350541033666,11.8333333333,17.5833333333
0.346852172961,11.5,17
0.337863976508,8.5,12.0833333333
0.339163436743,10,14.0833333333
0.347160122887,10.1666666667,13.75
0.316085093119,14.5833333333,20.4166666667
0.325746787492,11.9166666667,14.9166666667
0.338375555275,17.25,21.6666666667
0.289752943289,16.5833333333,19.3333333333
0.347648586114,13.9166666667,17.5833333333
0.32233989671,14.75,18.4166666667
0.381293689004,15.0833333333,18.25
0.331265939038,12.1666666667,15
0.354685479659,13.5833333333,18
0.295280632164,11.1666666667,16
0.271354398119,14,17.1666666667
0.319840068229,14.25,17.5
0.372605478787,11.6666666667,17.0833333333
0.303137087832,13.5,18.9166666667
0.314996989586,11.5833333333,16.4166666667
0.373027673932,12.4166666667,16.25
0.354389154419,10.3333333333,14.9166666667
0.383002962628,11.3333333333,15.75
0.288037748091,10.5,15.6666666667
0.343923785607,9.91666666667,14.3333333333
0.356297384126,11.8333333333,16.4166666667
0.348886209855,12.3333333333,16.25
0.304416448992,13.6666666667,17.9166666667
0.302074078613,13.4166666667,15.0833333333
0.278939481878,7.75,13.1666666667
0.321937002892,12.6666666667,15.5
0.322909601896,13.75,16.5833333333
0.363254484024,14.25,18.5
0.30652725709,12.3333333333,17.1666666667
0.306696404459,4.75,10.4166666667
0.351663254566,12.25,13.5
0.36490661038,12.8333333333,16.4166666667
0.342796379124,11,13.8333333333
0.35163394244,14.1666666667,18.9166666667
0.305237570051,12.4166666667,14.75
0.343611323853,11,13.75
0.364270545657,10.5833333333,15.9166666667
0.352633329681,12.3333333333,16.0833333333
0.292549892937,10.6666666667,15.9166666667
0.344911854573,11.5833333333,17.8333333333
0.319339726905,14.25,21.5
0.325537320814,11.3333333333,17.75
0.368609847369,9.08333333333,14.6666666667
0.37526863288,12,17.5
0.376280748829,7.83333333333,14.1666666667
0.332063194955,12,16.8333333333
0.321084568223,10.6666666667,15.5
0.330615825737,8.25,12.5833333333
0.302316209594,13.6666666667,18
0.332303836257,10.4166666667,15.4166666667
0.401996688064,11.4166666667,16.6666666667
0.320055604187,12.0833333333,19.5
0.380716777493,10.5,16.1666666667
0.290615223257,12.9166666667,15.5833333333
0.248787009185,12.6666666667,16.0833333333
0.250691331719,11,17.3333333333
0.324364972599,10.75,17.25
0.357447307852,7.41666666667,11.0833333333
0.29404304947,13,18
0.323434065857,11.3333333333,15.4166666667
0.328809411799,9.16666666667,15.25
0.347018036578,14.0833333333,17.0833333333
0.320863911737,15,17.6666666667
0.331145294795,10.9166666667,13.75
0.342028369243,8.75,14.4166666667
0.3286951869,9.66666666667,16.9166666667
0.300397310202,13.25,18.4166666667
0.331412863724,11.0833333333,14.8333333333
0.351716680184,12.8333333333,15.9166666667
0.245265094981,10.75,14.1666666667
0.379991496501,16.4166666667,18.0833333333
0.340925695934,13.1666666667,16.0833333333
0.274772185318,9,16
0.344621726686,14.9166666667,15.9166666667
0.29326245419,12.6666666667,16.5833333333
0.375652956867,10.5833333333,14.1666666667
0.329585792443,14.3333333333,19.5
0.303008782656,11.4166666667,15.3333333333
0.340659110651,6.5,11.9166666667
0.369384373986,9.75,16.6666666667
0.378273570678,9.75,14.25
0.269133441265,13,18.9166666667
0.295754528254,14,21.4166666667
0.374918541303,12,18.4166666667
0.319042523609,10.3333333333,16.25
0.363640927753,8.41666666667,14.6666666667
0.291369098658,14.5,16
0.310227645771,12.5,17
0.286967975723,13.0833333333,16.25
0.345736669687,17.3333333333,19
0.372156625032,12.9166666667,16.6666666667
0.307822406798,14.1666666667,18.6666666667
0.340092617856,13.9166666667,19.25
0.31973437452,11.25,15.9166666667
0.379155906998,9.5,12.5
0.304365765003,13.6666666667,17.5
0.275429952713,11.6666666667,16.6666666667
0.300989248063,12,16.4166666667
0.3047006816,14.8333333333,19.1666666667
0.304122739052,13.6666666667,19.9166666667
0.306001048744,9.83333333333,15.9166666667
0.308160253306,13,15.5833333333
0.369986883759,15.25,20.8333333333
0.352479318742,13,18.5
0.347049620091,8.08333333333,12.25
0.352747189151,13.6666666667,16.1666666667
0.348858962518,10.1666666667,16.4166666667
0.327980007216,10.8333333333,14.75
0.362653110323,11.6666666667,16
0.367412946736,10.9166666667,14
0.363735018719,9.08333333333,15.75
0.337871094358,14.5833333333,19
0.3447411365,9.58333333333,15.0833333333
0.332182112539,13.25,16.8333333333
0.293904569836,9.83333333333,13.75
0.313371783859,14.4166666667,18.25
0.353819722554,13.4166666667,15.0833333333
0.316540284874,12,17.0833333333
0.325027927392,8,12.3333333333
0.30819201175,9.58333333333,15.25
0.364857393454,10.3333333333,14.5833333333
0.299963000709,7.25,12.9166666667
0.338090194957,15.3333333333,19.75
0.316753876305,10.8333333333,16.6666666667
0.330737081312,10.5,15
0.370852305185,11.3333333333,17.4166666667
0.345015524458,10,15.1666666667
0.299172780475,14.9166666667,19.0833333333
0.36130687484,12.5833333333,16.4166666667
0.3813818071,12.75,16.75
0.316600297771,14.1666666667,20.5
0.3655558583,16,19.1666666667
0.353714739882,15.4166666667,19.9166666667
0.298707805826,12.6666666667,17
0.282776103263,13.25,17.25
0.31877745569,12.6666666667,18.25
0.315207477999,7.66666666667,12.5
0.321154561159,11.3333333333,16.6666666667
0.334753302377,11.5,15.5
0.314700502972,8.91666666667,15
0.331105620894,10,15.1666666667
0.286295363003,11.4166666667,14.6666666667
0.367459885385,14,19.75
0.327445048093,13.1666666667,17
0.344073018341,12.3333333333,14.0833333333
0.349739952165,9.91666666667,13.9166666667
0.309782795477,12.6666666667,16
0.334522956986,11.3333333333,18.8333333333
0.332865874257,14.9166666667,16.4166666667
0.265859709623,15.8333333333,20.1666666667
0.367439969657,15.1666666667,19.6666666667
0.320035107682,12.8333333333,16.9166666667
0.342038262691,11.5,14.5833333333
0.360394571478,9.66666666667,15.1666666667
0.348187966354,13.9166666667,18.6666666667
0.329873169369,13.25,18.8333333333
0.325307962147,8.75,15.6666666667
0.346434411703,12.8333333333,18.25
0.279258703919,13.25,17
0.326835221388,13.1666666667,15.75
0.313903736361,11.75,14.1666666667
0.332080972261,13.0833333333,17.0833333333
0.350911449638,8.91666666667,12.8333333333
0.320749666161,13.75,18
0.33668371986,9.5,12.4166666667
0.369440077754,12,17.3333333333
0.327221510593,12,15.9166666667
0.312985676198,9,11.6666666667
0.302511161336,13.1666666667,15.0833333333
0.354643791721,12.1666666667,15.4166666667
0.393429378275,9.33333333333,15.9166666667
0.329998493235,12.4166666667,14.8333333333
0.366900244907,11.8333333333,16.6666666667
0.376616197964,10,14.3333333333
0.383239586943,11.5833333333,16.75
0.350079405079,11.3333333333,15.6666666667
0.303893199048,14.25,16
0.316215904861,11.5,15.8333333333
0.359865037165,9.58333333333,15.0833333333
0.353449772879,15.1666666667,18.1666666667
0.306674814336,10.6666666667,16.1666666667
0.333061900925,12.8333333333,16.75
0.307573543277,8.33333333333,16
0.293106091856,10.4166666667,16.25
0.339529012603,11,16.6666666667
0.375227971445,11.1666666667,14.0833333333
0.380074939432,14.75,20.9166666667
0.298689850806,10.5,15.75
0.40531912929,7.58333333333,12.5833333333
0.402915478292,8.33333333333,10
0.352305597379,7.58333333333,12.5833333333
0.332310003257,14,18.8333333333
0.336141850648,12.5,17
0.306807312584,11.9166666667,14.9166666667
0.29475729823,12.3333333333,17.75
0.340862131126,12.8333333333,15.8333333333
0.34491577122,12.4166666667,17.3333333333
0.279666581906,11.9166666667,15.6666666667
0.348644965216,9.66666666667,16.6666666667
0.337563775765,13.25,16.1666666667
0.353471467894,13.75,16.3333333333
0.334567391808,14.0833333333,16.75
0.356455480197,12.4166666667,14.75
0.381691512939,13.4166666667,15.5833333333
0.304761658309,10.9166666667,13.9166666667
0.328956187894,14.1666666667,18.0833333333
0.29315550963,10.8333333333,16.0833333333
0.286542885843,10.1666666667,16.5
0.306813073315,10.9166666667,15
0.317848768646,11.5,15.1666666667
0.376267359774,11.5,15.9166666667
0.353701527615,11.5,15.5
0.32548912705,11.75,14.3333333333
0.342400110318,10.0833333333,14.1666666667
0.359607262674,9.66666666667,13.8333333333
0.323701205539,10.3333333333,15.5
0.338059508001,9.75,14.5833333333
0.288226722325,12.0833333333,17.5833333333
0.316705518092,11.8333333333,16.5833333333
0.318852990861,14.9166666667,19.0833333333
0.368094546889,15.1666666667,20.0833333333
0.308215064671,10.25,13.0833333333
0.34631988372,14.0833333333,17.6666666667
0.312206975329,6.66666666667,13.1666666667
0.317226244149,12,16.8333333333
0.328668143089,12.25,17.5833333333
0.323754474726,10.1666666667,14.1666666667
0.341624902002,13.8333333333,18.4166666667
0.300873899732,11.3333333333,13.25
0.344365170295,14.9166666667,17.75
0.36818941865,10.3333333333,17.1666666667
0.343690932571,11,14.8333333333
0.340721377925,10.5,17.1666666667
0.373639888833,12.4166666667,19
0.321614503832,12.3333333333,17.3333333333
0.349412379632,13.8333333333,17.0833333333
0.330316070489,8.83333333333,13.5833333333
0.347116066277,15.75,20.0833333333
0.385682860342,14,15.8333333333
0.324992852279,11.5833333333,16.1666666667
0.350418555795,10.75,18
0.302042618382,13.6666666667,16.8333333333
0.33152231113,11.6666666667,15.8333333333
0.324521062572,12.25,17.8333333333
0.329199780275,12.75,17.1666666667
0.275689511778,12.8333333333,17.1666666667
0.322296796403,9.58333333333,16.4166666667
0.342174491659,12.25,16.8333333333
0.361937974841,11.9166666667,16.1666666667
0.303685403665,8.41666666667,16.5833333333
0.376368845292,10.5833333333,15.9166666667
0.33951130827,12.0833333333,14.5
0.35890908288,10.1666666667,14.1666666667
0.314635301982,9.08333333333,14
0.301185546965,14.1666666667,18.4166666667
0.348068770408,10.1666666667,14.8333333333
0.30918797373,8.66666666667,13
0.302523920094,13.5,16.5833333333
0.328778838337,9.41666666667,12.9166666667
0.343168639544,17.75,20.5
0.336797774097,9.91666666667,16.8333333333
0.365366212364,11.8333333333,16.6666666667
0.302885988054,10.0833333333,15
0.374305807797,13.5833333333,17
0.3564834693,7.58333333333,13.0833333333
0.352675597427,13.5,16.3333333333
0.329643675013,14.3333333333,17.5
0.335899025231,19.8333333333,20.4166666667
0.378580795013,13.6666666667,19.8333333333
0.369471702479,6.58333333333,12.3333333333
0.329154507122,12.5833333333,15.8333333333
0.343682346803,11.8333333333,17
0.280769271181,12.3333333333,14
0.34327874742,7.58333333333,14.4166666667
0.362900412015,9.66666666667,16
0.327202370191,14.5833333333,19.3333333333
0.367015452341,17.1666666667,22.6666666667
0.371994794867,14.0833333333,21.3333333333
0.356423381539,8.66666666667,14.6666666667
0.334426961995,11.1666666667,16.1666666667
0.271102077661,12.0833333333,16.5833333333
0.351422111151,12.4166666667,17
0.356385163122,11.6666666667,16.5833333333
0.351381756343,12.4166666667,17.4166666667
0.316645379271,15,17.4166666667
0.3693631934,16,19.6666666667
0.314325972698,14.25,18.9166666667
0.354609227475,10.3333333333,15
0.32678770465,8.25,14.5
0.377054763877,13.9166666667,17.25
0.349673828776,9.08333333333,15.5833333333
0.377499495651,10.6666666667,15.5833333333
0.382578061127,11.1666666667,18
0.330687419083,12.5,16.0833333333
0.320497114856,11.75,15.3333333333
0.282530412491,14.5833333333,18.6666666667
0.306881782589,13.3333333333,18
0.331524212634,10,15.1666666667
0.386963443728,10.5833333333,14.5833333333
0.411770410535,12.75,17
0.351425461685,10.5833333333,15.9166666667
0.311162286512,10.9166666667,15.6666666667
0.309654053893,8.5,13
0.326930448927,13.1666666667,16
0.387256122524,9,13.9166666667
0.319966936638,13.0833333333,15.5833333333
0.341720585369,12.75,16.3333333333
0.293116128667,11.0833333333,15.25
0.307952867664,9.66666666667,14
0.282802440431,12.8333333333,17.5
0.340276967886,15.5833333333,19.5
0.315461608316,10.75,15.4166666667
0.294469443541,11.75,16.25
0.265749726833,13.1666666667,16.25
0.337266142838,13.8333333333,18.9166666667
0.286248830683,12.5,16.0833333333
0.31728737434,11.75,14.6666666667
0.331850974599,12.5,19.25
0.366368681755,11.5,15.75
0.373163466056,8.91666666667,13.4166666667
0.330440522196,10.5833333333,16.1666666667
0.292187574387,8.83333333333,13
0.305135960372,16.5833333333,19.5
0.343077110876,13,17.0833333333
0.34519169521,14.9166666667,19.4166666667
0.317140077896,12,14.5833333333
0.339175878042,10.5833333333,15.9166666667
0.339445386683,12.5833333333,17.75
0.253967969529,12.4166666667,17.0833333333
0.253621821474,12.9166666667,19.3333333333
0.304115187076,17.25,20.3333333333
0.341112419976,11.0833333333,15.4166666667
0.318437536923,9.25,16.5833333333
0.290595153572,9.41666666667,16.5833333333
0.36150830772,11.5,15.5
0.364423017126,14.9166666667,21.0833333333
0.305538449381,17.3333333333,21.3333333333
0.303501068168,12.25,14.9166666667
0.31976254569,15.4166666667,17.5
0.344176646608,11.9166666667,18.3333333333
0.339162486887,13.0833333333,15.75
0.295764081927,13.75,14.5833333333
0.325244694387,12.5,15.0833333333
0.310239693538,15.3333333333,17.9166666667
0.330346519026,9.16666666667,15.8333333333
0.290269053886,9.16666666667,15.6666666667
0.283761997362,15,19.0833333333
0.284418602548,12.1666666667,15.8333333333
0.310392202385,9.25,12.1666666667
0.279811116176,13.0833333333,15.3333333333
0.350110793629,9.91666666667,15.75
0.317266424563,13,17.75
0.386421143938,12.25,17.8333333333
0.33596351407,11.5833333333,15.75
0.342754732733,10.1666666667,15.0833333333
0.344466548517,13.6666666667,17.5833333333
0.267196684034,13.6666666667,17.5
0.344689177432,11.6666666667,16.4166666667
0.296046189338,12.4166666667,17.3333333333
0.333538646436,12.5,17.25
0.340432583138,8.91666666667,15.75
0.326184974095,13,15.3333333333
0.31441419756,12.5,16
0.322816620452,9.66666666667,11.75
0.370060965424,10,15.8333333333
0.308207239674,13.5833333333,17.4166666667
0.341846526702,11.9166666667,17.75
0.368856049283,10.25,14.8333333333
0.289870650624,11.8333333333,14.25
0.316837550178,11.25,16.5
0.329739936503,15.8333333333,21.25
0.313951533425,12,15.4166666667
0.351806855703,11.8333333333,15.1666666667
0.324087389699,10,12.75
0.343097291102,9.66666666667,14.75
0.370155010217,11.75,15.5
0.371140621719,9,13.8333333333
0.294340704981,11.75,17.1666666667
0.291498476809,11.25,14.9166666667
0.354950309226,11.8333333333,15.5833333333
0.371757925072,15.75,18.8333333333
0.346228399978,12.9166666667,17
0.310187643831,12.4166666667,17.6666666667
0.274029266816,11.4166666667,18
0.349732968347,13.6666666667,18.75
0.305697894017,12.9166666667,15.9166666667
0.299601363148,8.16666666667,13.4166666667
0.318816446907,10.5,14.1666666667
0.272140631319,16.25,19.4166666667
0.329465140713,6.91666666667,13.75
0.334166319589,16.0833333333,20.6666666667
0.337141140239,16.0833333333,18.75
0.371746145645,11.0833333333,16.9166666667
0.284145748328,13.4166666667,17.0833333333
0.3558168525,15.9166666667,17.75
0.318894043342,9.5,13.1666666667
0.321345428424,8.25,12.5
0.349004800158,11.5,15.8333333333
0.298595160055,8.41666666667,15
0.317786238121,15.75,17.8333333333
0.334502556314,9.16666666667,14.75
0.372399298355,10.1666666667,13.5
0.323649371264,9.75,13.9166666667
0.37364741905,13.5833333333,18
0.34276739072,9.83333333333,15.3333333333
0.385769975701,8.58333333333,13.5833333333
0.322470139792,7.41666666667,13.0833333333
0.362472154478,11.3333333333,17.0833333333
0.333351463891,14.5833333333,18.6666666667
0.334832348714,11,15.6666666667
0.377781929358,14.3333333333,17.25
0.322766093403,14.5,18.8333333333
0.331577211473,11.8333333333,15.4166666667
0.401160152476,14.5833333333,18.25
0.302046488,13.4166666667,16.8333333333
0.355716536462,13.8333333333,14.5833333333
0.335749485879,12.8333333333,16
0.314797896059,11.5,15.5833333333
0.346949891068,7.08333333333,12.3333333333
0.367578485277,11.4166666667,15
0.327698446131,11.75,18.1666666667
0.385000771283,9.5,16.0833333333
0.306865084747,10.0833333333,13.9166666667
0.322798234911,8.91666666667,13.8333333333
0.345608510267,7.41666666667,16.3333333333
0.351035884583,11.8333333333,15.5833333333
0.365279766339,14,17.75
0.342446531586,14.4166666667,18
0.353322351321,12.25,16.0833333333
0.317604925026,8.08333333333,15.5
0.300605960788,13.0833333333,18
0.346646801408,11.8333333333,17.0833333333
0.324000945004,14.5,20
0.348155491661,10.0833333333,15.0833333333
0.314690049162,14.4166666667,16.9166666667
0.321657800408,14.9166666667,18.8333333333
0.358883926592,14.8333333333,18.25
0.324459966293,12.4166666667,18.5
0.317657751499,12.25,17.4166666667
0.310403727157,10.5833333333,13.5833333333
0.352345091199,12.1666666667,18
0.387985532639,15.4166666667,17.5833333333
0.368752425191,14.9166666667,19.4166666667
0.376104200469,10.1666666667,17.5
0.339744243438,12.9166666667,19
0.397073444116,11.3333333333,17.3333333333
0.397420213527,11.3333333333,18.0833333333
0.342805342602,13.75,14.9166666667
0.301890204401,14.6666666667,17.25
0.336347773841,12.0833333333,16.6666666667
0.33463486788,12,17.75
0.287675476354,12.6666666667,17.25
0.299391630121,16.75,20.0833333333
0.347515102745,9.83333333333,15.25
0.328042617074,12.5833333333,16.75
0.316418938047,9.58333333333,12.5
0.355999570308,13.3333333333,18.5
0.341910034615,8.58333333333,12.6666666667
0.302691601694,13.5,16
0.320736253895,8.91666666667,14
0.319389533521,11.3333333333,15.8333333333
0.34355820798,14.3333333333,19.6666666667
0.357316760093,8.83333333333,16
0.358851169954,11.8333333333,14.6666666667
0.361167314125,13.4166666667,15.9166666667
0.328995903263,14.1666666667,17.75
0.380813615302,9.75,14.5
0.290829408563,10.3333333333,15.6666666667
0.379987934155,10.4166666667,12.9166666667
0.375903062875,11.25,14.4166666667
0.344854595764,6.33333333333,13.4166666667
0.292187800111,11.3333333333,14.1666666667
0.337752980234,12.5,14.25
0.363648943037,11.6666666667,14.3333333333
0.359931669102,16.25,20.3333333333
0.306596822227,12.25,16.75
0.335090028339,8.41666666667,13.1666666667
0.31733144826,12,16.5833333333
0.316419612315,12.0833333333,17.3333333333
0.338403863144,13.3333333333,17.0833333333
0.374945596913,10.25,14.5
0.337873485302,9.33333333333,15.4166666667
0.351618142946,13.4166666667,17.8333333333
0.349977504101,14.5,18.5833333333
0.359364996506,10.0833333333,15.4166666667
0.322869691878,6.58333333333,12.8333333333
0.3433610938,11.3333333333,14.5833333333
0.364615928132,10.3333333333,16
0.346615526033,10.3333333333,17.9166666667
0.338506264652,11.9166666667,15.9166666667
0.338924837897,13.25,16.1666666667
0.316101122993,13.25,17.0833333333
0.295642959888,9.41666666667,12.6666666667
0.324272147345,15.25,17.5833333333
0.332855146571,13.5,17.4166666667
0.346807832631,9,14.4166666667
0.393602225313,14.75,18.8333333333
0.34580632629,11,15.8333333333
0.317980771502,13.3333333333,16.5
0.268481171406,10.6666666667,14.5833333333
0.304710448452,12.1666666667,15.3333333333
0.371409768108,12.25,17.5
0.363255676278,11.6666666667,18.5833333333
0.277502685425,9.25,14.3333333333
0.339264065009,11.6666666667,15.6666666667
0.353898711553,13.75,17.75
0.331467601677,11.4166666667,16
0.330885997153,13.0833333333,18.0833333333
0.323318890076,14.5833333333,17.4166666667
0.288156440768,10.75,15.75
0.355451011141,8.5,12.0833333333
0.298369068659,12.5,15.25
0.337125459416,14.3333333333,17.8333333333
0.320380980928,13.1666666667,16.75
0.357372339676,12.9166666667,16.4166666667
0.262344979439,11.8333333333,14.8333333333
0.373313360066,9.5,14.8333333333
0.321844912687,12.0833333333,17.5833333333
0.321605487108,8.91666666667,16
0.29039020965,16.6666666667,19.9166666667
0.368283536542,13.3333333333,17.1666666667
0.328283150625,11.1666666667,13.4166666667
0.291049742059,8.33333333333,14.3333333333
0.343502699188,14.6666666667,17.4166666667
0.356057009632,11.8333333333,14.3333333333
0.27001201048,11.0833333333,14.9166666667
0.27028987198,8.25,13.1666666667
0.322243805178,8.75,12.5
0.313417219059,12,17.75
0.316766646981,10.75,13
0.369195131527,11.5833333333,14.5
0.327561802854,9.08333333333,15.25
0.321752331256,17.25,20.25
0.312960369482,15.5833333333,17.25
0.302881645409,11.5833333333,16
0.376240971795,13.9166666667,17.9166666667
0.314336742025,19.1666666667,21.5833333333
0.319844609906,15.3333333333,18.0833333333
0.345336894336,11.8333333333,16.1666666667
0.357552188935,10.3333333333,14.9166666667
0.309161041062,12.1666666667,14.5833333333
0.328527385616,9.75,13.8333333333
0.308881976047,10.9166666667,14.75
0.366479616632,10.0833333333,14.8333333333
0.350566633642,11.6666666667,15.3333333333
0.297236187975,12.5,17.1666666667
0.331560680752,10.4166666667,14.6666666667
0.299637416796,12.4166666667,16.9166666667
0.295016194524,12.25,15.5
0.308436622234,9.91666666667,12.5833333333
0.350378677144,11.1666666667,13.75
0.356545455046,8,16.4166666667
0.357508371006,11.8333333333,17.6666666667
0.295338514795,12,16.5833333333
0.321363285453,12.75,15.3333333333
0.373059775619,12.5833333333,14.5
0.371610037753,11.1666666667,15.8333333333
0.348999045689,11.9166666667,17
0.297594200226,11,15.4166666667
0.348964168066,11,15.1666666667
0.3097337537,9.33333333333,12.75
0.337024992696,12.8333333333,15.3333333333
0.285012780277,14.6666666667,18.9166666667
0.343164240952,8.41666666667,13.9166666667
0.332524802672,10.75,16.25
0.235863524693,11.9166666667,16.1666666667
0.347462505364,10.1666666667,14.4166666667
0.346964047647,12,17.25
0.360037692732,13.8333333333,16.5833333333
0.398245819249,14.0833333333,17.5833333333
0.336510741604,14.25,18.0833333333
0.336975058068,14.5833333333,18
0.416194916044,12,17
0.309350642264,11.25,15.25
0.320967475139,12,16.5833333333
0.339348753786,11.4166666667,15.8333333333
0.283856848036,15.9166666667,17.5
0.329486351085,12.25,14.4166666667
0.316470676118,12.5833333333,17.1666666667
0.305764068969,11,13.4166666667
0.331555300698,10.75,14
0.32524454749,8.25,14.6666666667
0.329538421907,11.8333333333,14.3333333333
0.310703643297,15.4166666667,18.9166666667
0.30897997906,15.75,19.0833333333
0.324708161881,11.9166666667,16.9166666667
0.395413232059,12.9166666667,19.25
0.329952170517,13.5833333333,17.9166666667
0.34688586027,10.1666666667,14.25
0.293216034196,13.0833333333,17.5
0.367909269564,15.0833333333,19.9166666667
0.332043952051,12,17.25
0.316167530066,14.0833333333,18.75
0.319871237799,12,15.9166666667
0.301260166421,10.5,17.1666666667
0.280678279128,14,16.75
0.35898824526,10.8333333333,15
0.302609297463,12.5,16.4166666667
0.409458939984,10.5,17.25
0.340470395486,13.8333333333,18.75
0.344585433266,15.1666666667,18.5
0.334112005606,9.91666666667,16.0833333333
0.320286586175,7.33333333333,13.25
0.357266736039,11.9166666667,17.4166666667
0.319928777077,14.9166666667,18.9166666667
0.356313826356,8.08333333333,13.5833333333
0.3707055036,10.5,15.3333333333
0.343372868587,15.5833333333,20.5833333333
0.333379030385,11.75,16.3333333333
0.317757945064,10.1666666667,14.6666666667
0.320216272202,10.5833333333,15.4166666667
0.327944063511,11.1666666667,16.9166666667
0.362508544953,13.0833333333,17.3333333333
0.301919766568,12.6666666667,16.5
0.358358032453,8.75,14.9166666667
0.329391988923,14.3333333333,17.75
0.357405126802,10.5833333333,14.9166666667
0.285067307993,15.25,17
0.309748241874,15.5,17.9166666667
0.381220792702,8.08333333333,14.1666666667
0.299923836806,11.1666666667,15.8333333333
0.3043702867,13.1666666667,18.25
0.315072948351,12.25,16
0.288498249772,15.1666666667,18.0833333333
0.397200559533,13.1666666667,16.8333333333
0.329748065419,10.6666666667,15.5833333333
0.344994015096,10.4166666667,13.6666666667
0.326078761432,14.0833333333,14.5
0.321340226633,10.6666666667,16.3333333333
0.364329786998,8.33333333333,11.8333333333
0.375016571656,12.3333333333,18.0833333333
0.304289120314,13.5,17.8333333333
0.35861289019,13.5833333333,19.25
0.313870895426,11.8333333333,14.8333333333
0.274741201448,13.9166666667,18.3333333333
0.363500058385,12.9166666667,15.9166666667
0.316040811005,12.1666666667,17.6666666667
0.294721272686,10.4166666667,15.75
0.329597338631,9.58333333333,13.6666666667
0.367744244463,10.75,13.4166666667
0.292164809489,12.1666666667,15.25
0.378387125575,12.5,17.3333333333
0.277077122031,14.25,16
0.310388460078,12.3333333333,16.4166666667
0.353829282498,8.83333333333,12.9166666667
0.285104430961,12.5,16.8333333333
0.333658504861,10,13.25
0.297248254131,11.9166666667,16.3333333333
0.370078389064,11.3333333333,14.5
0.290985877277,12.8333333333,19.4166666667
0.336371134909,11.1666666667,16.75
0.369142379383,10.75,15
0.291987638689,10.75,16.25
0.325460835337,10.8333333333,15.6666666667
0.311302953912,13.1666666667,13.5833333333
0.304975885735,12.1666666667,17.4166666667
0.300468962543,17.3333333333,20.9166666667
0.384581976113,11.8333333333,17.3333333333
0.381090505952,7.41666666667,16.25
0.303695461502,10.9166666667,16.75
0.316508234289,12.5833333333,17.3333333333
0.311964769534,9.75,17.6666666667
0.319787595033,15,17.4166666667
0.37695162962,12.5,19.4166666667
0.311266647225,12.6666666667,16.9166666667
0.304605558004,11.1666666667,15.5
0.350061401104,8.5,15.25
0.343208231549,11,15.75
0.296951233114,14.0833333333,18.5833333333
0.414312464382,10,15.4166666667
0.379687523014,7.83333333333,12.1666666667
0.340584521664,11.3333333333,13.25
0.325757768105,7.41666666667,14.5
0.275809180932,11.8333333333,17
0.321270109892,12,16.75
0.353833149911,12.5,17.8333333333
0.301323791887,14.4166666667,18
0.327742589404,12.0833333333,15
0.344701317156,11.4166666667,15.6666666667
0.394857128193,12.25,18.5
0.28612772272,8.58333333333,12.8333333333
0.332189116622,11.6666666667,14.6666666667
0.348489163622,11.5,17.1666666667
0.302872255237,8.58333333333,14.1666666667
0.360065987585,11.3333333333,17
0.281734372339,11.6666666667,13
0.289062210477,12.5,15.3333333333
0.364928446447,12.5,14.5833333333
0.333126799808,13.5833333333,17.9166666667
0.360600686428,8.08333333333,12.1666666667
0.329772515459,12,17.4166666667
0.290061431298,14.1666666667,17.1666666667
0.304647832314,9.66666666667,14.5
0.336148451171,9.08333333333,14.0833333333
0.358100776419,12.3333333333,16.5833333333
0.291900113371,14.8333333333,19.6666666667
0.353110097811,11.0833333333,15.25
0.31617391511,15.5833333333,18.5
0.345940969402,12,17.5833333333
0.336205008105,15.1666666667,18.6666666667
0.341675983516,12.75,17.1666666667
0.344106132158,11.4166666667,16.6666666667
0.317442336134,10.6666666667,15.5
0.291764206159,8.33333333333,14.8333333333
0.323878181355,11.8333333333,14.6666666667
0.338546766372,10,14.25
0.314027409513,9.41666666667,12.75
0.343776951687,4.91666666667,11.8333333333
0.250905506828,11.6666666667,16.25
0.308155802597,10.5,17.75
0.332482667936,11.0833333333,16.0833333333
0.327325394271,12.1666666667,13.75
0.329441073789,12,16.25
0.355622451904,9.33333333333,14.0833333333
0.262291348062,13.5833333333,16.5
0.351350547977,12.4166666667,17
0.299018518999,15.6666666667,19.9166666667
0.296811884597,14.5833333333,18.3333333333
0.326187272385,14.3333333333,14.6666666667
0.28005241425,14.8333333333,19.75
0.35956295999,12.25,17.5
0.3091289247,14.0833333333,15.3333333333
0.346615817542,10.9166666667,13.5833333333
0.308449418942,10.4166666667,15.25
0.347939116167,13.6666666667,16.0833333333
0.318387440128,12.3333333333,16.25
0.328161836755,11,15.1666666667
0.337896675496,9.41666666667,14.9166666667
0.318266773253,8.41666666667,14.1666666667
0.297646217516,10.1666666667,14.5833333333
0.274796268105,13.9166666667,16
0.296047129716,12.9166666667,17.3333333333
0.382324385984,13.25,17.5
0.272534310221,12.8333333333,15.25
0.356646405366,10.9166666667,14.8333333333
0.305248096117,13.3333333333,15.0833333333
0.312119854277,12.1666666667,16.6666666667
0.363734521038,14.1666666667,17.6666666667
0.307526399522,10.8333333333,14.75
0.326999770958,12.9166666667,17.4166666667
0.291041216176,13.6666666667,18.4166666667
0.354291326285,12.3333333333,17.3333333333
0.294615992455,8.16666666667,13.5
0.323573483935,16.1666666667,20.3333333333
0.325224068136,9.16666666667,13.8333333333
0.370527847892,9.58333333333,14.5
0.277061120296,12.5833333333,18.25
0.364924362588,9.83333333333,15.5
0.354539005447,13.3333333333,15.5833333333
0.324578303134,10.8333333333,15
0.321387414774,14.8333333333,17.9166666667
0.353066393645,8.83333333333,13
0.324663100052,9.58333333333,13.3333333333
0.404150940723,13.3333333333,19.0833333333
0.35674140073,7.75,12.25
0.363985381737,11,15.6666666667
0.35917362678,10.9166666667,15.8333333333
0.367464390197,9.91666666667,14.8333333333
0.352685351562,9.25,13.25
0.323799262089,12,18.25
0.28760659863,9.41666666667,14.6666666667
0.314646581437,15.3333333333,21.6666666667
0.35164129117,12.3333333333,17.25
0.367703574795,8.16666666667,13
0.323860483314,12.5833333333,19.8333333333
0.392563560524,9.91666666667,13.1666666667
0.364886381909,16,18.8333333333
0.375259707033,13.9166666667,16.9166666667
0.314275761022,9.08333333333,10.4166666667
0.397238893415,10.1666666667,15.75
0.365850970018,12.1666666667,14.3333333333
0.322363811958,12,14.25
0.327727347225,10.1666666667,16.9166666667
0.314175317152,8.5,14.3333333333
0.305022956421,11.75,18.3333333333
0.338086737072,14,16.8333333333
0.319298022778,15.8333333333,17.75
0.310849144705,13.3333333333,16.6666666667
0.337752002209,11.0833333333,15.0833333333
0.3644447287,13.8333333333,15.75
0.327458140698,7.66666666667,13
0.292511341101,13.0833333333,19.5
0.337238501971,13.0833333333,16.0833333333
0.32921949087,16.25,19.9166666667
0.314195786378,12,16.8333333333
0.293366679954,12.0833333333,15.5
0.356962687019,11.0833333333,15.8333333333
0.327902349527,10.6666666667,16.25
0.366557463657,15.8333333333,20.5833333333
0.335403445662,11,17.9166666667
0.309348264158,11.9166666667,17.8333333333
0.308047660399,12.1666666667,15.25
0.286964919387,12.0833333333,16.25
0.337177080808,9.08333333333,14.75
0.305350467562,10.75,12.9166666667
0.303733882431,13.8333333333,16.5
0.337200911714,13.5833333333,19.4166666667
0.362007189189,10,15.1666666667
0.34736748698,11.0833333333,15.1666666667
0.312949953512,12.1666666667,15.0833333333
0.324458981844,11.5,18.75
0.353826807757,11.3333333333,16
0.335437942876,12.4166666667,17.5
0.347326397863,15.1666666667,19.8333333333
0.267300456573,10.75,14.4166666667
0.366904325839,14.25,18.25
0.338680789857,12.6666666667,16.25
0.361465403237,10,15.25
0.305146714165,8.41666666667,13.5833333333
0.380304917803,12.8333333333,16.0833333333
0.369305551124,13.75,17.25
0.353973898583,11.9166666667,18
0.348411986312,14.6666666667,17.5
0.316783163653,13.75,14.8333333333
0.320949067363,12.6666666667,15.3333333333
0.337719954286,10.4166666667,15.4166666667
0.407505209404,11.3333333333,17.1666666667
0.259842276649,12.5,17.5833333333
0.331543038827,9.83333333333,18.0833333333
0.341770855418,13.0833333333,17.75
0.322457023037,13.75,18
0.29424992684,12.8333333333,16.0833333333
0.351027722108,8.25,12.3333333333
0.292071957415,11.25,13.4166666667
0.367536750332,10.6666666667,17
0.329477157652,12.8333333333,17
0.312204058443,16.1666666667,17.6666666667
0.298199169853,13.4166666667,18.1666666667
0.358622026974,10.0833333333,13.9166666667
0.348291533821,11.6666666667,16.5833333333
0.370586779053,14.0833333333,17.6666666667
0.326999770958,14.25,19.5
0.29386092383,12.6666666667,16.8333333333
0.385829863888,13.0833333333,19.1666666667
0.356857962224,14.8333333333,19.8333333333
0.357009083634,11.75,17.0833333333
0.313770681986,10.4166666667,14.3333333333
0.36959469453,13,17.9166666667
0.351500782936,10.5,14
0.372816177198,12.4166666667,14.9166666667
0.355790837579,11.5833333333,17
0.286488601503,14.9166666667,18.8333333333
0.328177001226,10.5,15.5
0.348489163622,10.1666666667,13.9166666667
0.354771950386,14.25,20.1666666667
0.314337319382,10.3333333333,16.75
0.353414737491,11.9166666667,17.6666666667
0.304143501708,14.1666666667,17.1666666667
0.342174387529,12.5,15.3333333333
0.306084229572,15.5,18.0833333333
0.28527528546,7.08333333333,10.75
0.328838584696,11.4166666667,16
0.321913490652,12.6666666667,17.3333333333
0.362777935706,14.5,18.1666666667
0.323409146923,10.25,13.8333333333
0.365842854101,9.08333333333,12.9166666667
0.355863967544,11.8333333333,17
0.274819988242,9.75,16.0833333333
0.298722598579,11.3333333333,17.3333333333
0.333325919665,10.6666666667,14.6666666667
0.366141876873,12.75,17.3333333333
0.334698358914,7.08333333333,10.1666666667
0.370814720514,11.5,14.6666666667
0.335942151232,10.3333333333,16
0.368856664468,10.1666666667,15.5833333333
0.338751461475,7.58333333333,13.4166666667
0.356564470268,12.1666666667,17.1666666667
0.313160422671,8.5,12.0833333333
0.316416448935,12.4166666667,16.9166666667
0.327977465805,10.9166666667,15.6666666667
0.297801018641,14.3333333333,19.4166666667
0.345618405834,13.4166666667,16.9166666667
0.331832363194,13,16.5
0.34580549083,11.5,14.8333333333
0.335689005982,12.5833333333,17.0833333333
0.336130304613,12,17.5833333333
0.311008735286,9.16666666667,15.25
0.359059885874,11.25,15.25
0.309618896009,11.5,14.5
0.324836290647,12.75,15.8333333333
0.316021348206,11.5833333333,18.3333333333
0.35384671815,7.66666666667,12.9166666667
0.321920830655,12.1666666667,15.4166666667
0.32759049479,13.5,17.4166666667
0.323192358615,14.5833333333,17.6666666667
0.351443230371,10,16.1666666667
0.370994827766,8.83333333333,14.8333333333
0.37303864648,9.75,14.5833333333
0.361068453488,13.75,16.9166666667
0.323069335288,13.25,17.25
0.304256187364,10.3333333333,17.4166666667
0.283021146506,13.4166666667,16.0833333333
0.28637293369,14,19
0.344695662179,8.75,16.3333333333
0.346103870268,8.25,15.0833333333
0.317637242065,10.9166666667,14.75
0.328725236865,14.6666666667,20
0.307502557128,11.1666666667,16.4166666667
0.354284239698,12.25,17.25
0.313996427423,12.8333333333,16.25
0.336552815191,7.41666666667,13.75
0.353208507722,11.4166666667,17.5
0.318104265403,11.75,16.3333333333
0.333789191849,13.75,17.8333333333
0.372532461188,11.6666666667,14.75
0.340702024294,8.25,12.5833333333
0.298812523442,12.9166666667,17.8333333333
0.356109894822,14.1666666667,18.8333333333
0.368749924789,15.5833333333,19.1666666667
0.360436452701,8.33333333333,11.8333333333
0.348448458877,9.5,16.5833333333
0.346176556949,9.66666666667,13.6666666667
0.337635413853,13.75,19.3333333333
0.276280759664,9.91666666667,15.5
0.313718367841,10.75,15.3333333333
0.385356637838,8.75,15.25
0.294075097917,10.5833333333,15.5
0.313510403113,13.25,16.75
0.332192393803,15.0833333333,18.5
0.338825945154,11.0833333333,15.6666666667
0.33480667699,15.3333333333,18.9166666667
0.314788777112,12.4166666667,16.6666666667
0.339811171031,10.4166666667,15.3333333333
0.316113365321,12.9166666667,15
0.29807969245,12.75,16.4166666667
0.287432384221,9.25,16.75
0.312003349398,12.0833333333,14.8333333333
0.358450404427,9.83333333333,15.8333333333
0.321689172303,10,14.3333333333
0.311606572355,12.9166666667,16.5833333333
0.333555472779,10.0833333333,14.5
0.314889008485,14.75,19.5
0.321001858155,10,14.5833333333
0.310433792291,11.75,16.5
0.298558983867,12.3333333333,16
0.335314542541,9,15.0833333333
0.300408435442,12.75,19.1666666667
0.336343786941,12.5,15.8333333333
0.317140077896,14,18.25
0.320261931518,13.1666666667,16
0.339945221894,11.6666666667,14.1666666667
0.33790376688,11.0833333333,12.8333333333
0.302730015403,11.6666666667,17.0833333333
0.361982193419,9.5,14
0.29355245724,11.6666666667,14.6666666667
0.356168153413,10.5,14.5833333333
0.3207001765,13.4166666667,18.8333333333
0.32953621499,12.6666666667,15.75
0.284113504327,9.66666666667,13.1666666667
0.358301594451,12.8333333333,15.1666666667
0.332480449538,9,12.6666666667
0.348463651725,15.1666666667,19.3333333333
0.382492972934,12.3333333333,17.3333333333
0.320888815025,14.4166666667,17.3333333333
0.332772975866,11.1666666667,16.5
0.3182080635,11.75,15.3333333333
0.358658784581,10.8333333333,15.75
0.345026786622,9.58333333333,16.0833333333
0.333242200722,10.6666666667,16.5833333333
0.258687981478,11.4166666667,18
0.299255718414,11.8333333333,14.9166666667
0.327193635653,12.3333333333,18.1666666667
0.375583350777,9.25,14.75
0.332315942305,9,14.75
0.323194294191,12.3333333333,16.5833333333
0.312698082844,13.1666666667,16.3333333333
0.366177267208,11.4166666667,17.3333333333
0.338013910363,11.75,16.6666666667
0.283926678788,12.6666666667,15.5
0.363215986915,14.8333333333,18.8333333333
0.303722653578,13.4166666667,15.5833333333
0.317560328085,12.6666666667,19.4166666667
0.40104702064,10.4166666667,15.4166666667
0.276318914286,15.4166666667,19.3333333333
0.348235652871,13,17
0.322536341946,14.0833333333,17.9166666667
0.344624722089,12.75,16.5
0.340273890281,12.3333333333,16.6666666667
0.356597332003,11.1666666667,14.9166666667
0.297842380699,13,17.3333333333
0.320046289233,9.83333333333,13.75
0.314063112823,12.3333333333,16.3333333333
0.314354498824,14.75,19.9166666667
0.376994699648,9.75,14.0833333333
0.329617844922,15.6666666667,19.0833333333
0.303829201336,6.66666666667,13.9166666667
0.37402439704,12.0833333333,18.4166666667
0.292567611571,15.8333333333,16.8333333333
0.316295298538,17.25,22.25
0.354333059203,13.5,17.0833333333
0.369526570213,12.3333333333,16.25
0.28595250006,12.6666666667,18.1666666667
0.333873798651,14.6666666667,17.5
0.35243699701,11.5833333333,15
0.309660358778,12.1666666667,17.4166666667
0.341091721134,12.0833333333,17.8333333333
0.348614224113,11.0833333333,18.3333333333
0.315915351721,11.3333333333,17
0.324156746032,13.5833333333,15.9166666667
0.344141136644,10.1666666667,18.1666666667
0.308811883128,8.25,12.3333333333
0.347281907375,11.1666666667,16.6666666667
0.331864068868,12.75,16.6666666667
0.393466102204,13.75,17.9166666667
0.311214982079,10.3333333333,14
0.297112749782,14.8333333333,18.4166666667
0.371560922226,11.25,14.4166666667
0.382732760092,8,14
0.327117302178,11.5,16.25
0.391531973508,12.5833333333,15.75
0.359706730904,11.5833333333,16.5
0.308082851843,9.83333333333,15.1666666667
0.337512993083,13.5,17.25
0.309794182697,13.75,17.75
0.326157432057,10.0833333333,14.6666666667
0.325010204793,8.91666666667,15
0.317301323541,12.1666666667,16
0.356792066414,9.33333333333,15.1666666667
0.30815730647,11.8333333333,16.4166666667
0.327539138193,11.6666666667,15.1666666667
0.302396466233,11.5,16.9166666667
0.32038089661,11,17.25
0.297466654731,7.58333333333,14.5833333333
0.342401979541,12,16.5
0.358871292807,13.4166666667,15.5833333333
0.348089003213,15,17.3333333333
0.327976912734,12.3333333333,14.9166666667
0.3399439043,10.3333333333,14.3333333333
0.299038611857,9.25,13.5833333333
0.351809560378,8.41666666667,14.0833333333
0.338632592163,10.6666666667,12.6666666667
0.299205082014,14.3333333333,17.0833333333
0.359562175724,11.6666666667,16.9166666667
0.32080084657,13.1666666667,18.6666666667
0.350586946843,13,14.4166666667
0.304246235921,16.5833333333,18.5833333333
0.370988500021,12.0833333333,18.3333333333
0.329394573176,10.3333333333,15.4166666667
0.325179822196,11.9166666667,17.4166666667
0.319945128144,14.9166666667,17.6666666667
0.31188388153,12.0833333333,16.6666666667
0.428604977248,12.25,15.3333333333
0.324137871834,10.4166666667,16
0.288521659326,14.8333333333,17.75
0.351765849864,14.25,16.0833333333
0.303505135184,12.9166666667,17.75
0.33065003659,12,16.75
0.343895056837,11.6666666667,11.8333333333
0.353368324576,14.3333333333,19.9166666667
0.356478692699,7.66666666667,12.75
0.309961814818,11.9166666667,14.0833333333
0.327317938207,12.5833333333,15.8333333333
0.326879261736,10.6666666667,17.0833333333
0.298416084168,12.25,16.4166666667
0.412015953936,11.3333333333,15.75
0.356026458651,9.16666666667,15.0833333333
0.299134637403,13.9166666667,20
0.278520628202,13.4166666667,18.75
0.302561689701,12.5,14.6666666667
0.33319001727,11.3333333333,15.5
0.367486957096,13.1666666667,15.1666666667
0.293745329554,8.66666666667,14.25
0.340136685615,10.75,15.25
0.317884801064,10.4166666667,15.0833333333
0.347541562999,8.75,13.9166666667
0.377502030745,13.25,16.4166666667
0.330491713398,8.83333333333,13.5
0.346921660341,10.6666666667,15.1666666667
0.329674050771,14.25,20.3333333333
0.337962343825,12.6666666667,17.1666666667
0.282899985466,9.66666666667,15.6666666667
0.421308959774,8.83333333333,14.5
0.276230960593,13.6666666667,17.5833333333
0.335333060511,11,13.75
0.285557240151,12.9166666667,16.8333333333
0.369991309946,12.4166666667,17.3333333333
0.289892690926,13,17.25
0.300979043473,11.5,15.9166666667
0.306106293553,10.4166666667,12.8333333333
0.364617836223,11.6666666667,16.25
0.336035745678,11.8333333333,13.4166666667
0.318359962609,12.5833333333,18
0.299541544918,13.25,16.5
0.358760434182,12.1666666667,17.3333333333
0.332028248735,14.0833333333,17.5
0.328244359882,11.25,15.8333333333
0.302029258142,14.9166666667,20.25
0.323271035694,14.4166666667,17.25
0.37353876459,11.0833333333,16.4166666667
0.362951653944,8.83333333333,14.8333333333
0.254654670605,14.6666666667,17.1666666667
0.310309889423,13.5833333333,18.3333333333
0.354347537465,14.5,16.5
0.289582062456,17.25,21.1666666667
0.365612346011,11.75,15.9166666667
0.350308129558,9.75,14
0.343764976976,11.9166666667,15.75
0.330992576262,13.5833333333,19.0833333333
0.288153984859,13.25,19.5
0.306968580843,11.5833333333,15.8333333333
0.324382531228,15.0833333333,17.5833333333
0.328999191752,11.9166666667,17.25
0.370648962245,9.91666666667,14.3333333333
0.345940211511,11.0833333333,13.9166666667
0.387450322901,8.25,11.5833333333
0.314207821378,16.5,18.9166666667
0.320057333988,12.6666666667,16.9166666667
0.360046000666,11.8333333333,16.5833333333
0.339199108664,12.4166666667,18
0.380993232843,14.9166666667,17.5
0.378053861918,10.25,14.4166666667
0.383500137654,13.1666666667,17.3333333333
0.301492670619,9.08333333333,14.75
0.407648629207,8.33333333333,11.5
0.333101166466,13.9166666667,16.6666666667
0.328702315109,9.66666666667,14.3333333333
0.336003633619,9.66666666667,13.8333333333
0.33201142785,9.66666666667,15.0833333333
0.267809263497,9.83333333333,15.0833333333
0.352117481287,12.5833333333,17.6666666667
0.368207852942,9.25,14.5833333333
0.328421184318,12.0833333333,16.9166666667
0.310120075082,15.1666666667,18.75
0.334134849716,15.75,19.5
0.389090264644,12.25,17.25
0.329364572598,13.75,17.9166666667
0.341602409287,10.0833333333,15
0.342141305153,10.9166666667,15.8333333333
0.385349779292,12.5,16.3333333333
0.346032061415,12.6666666667,15.6666666667
0.333459545962,12,13.5
0.296553376798,14.25,15.5833333333
0.306516694905,12.5833333333,15.6666666667
0.348443171723,14.4166666667,18.5
0.315987425785,10.5833333333,16.25
0.301516153082,9.5,15.8333333333
0.307906391399,13.0833333333,16.4166666667
0.360735066766,12.5833333333,19.5
0.319156955774,11.6666666667,16.4166666667
0.329130075809,11.5,15.9166666667
0.343101087559,12.3333333333,16.5
0.307574872693,9.75,12.6666666667
0.32155008755,12.6666666667,16.5
0.323004402118,13.25,15.5
0.299864880725,11.0833333333,12.9166666667
0.362668394213,13.25,14.3333333333
0.324077043057,14.8333333333,18.4166666667
0.356176718318,13.8333333333,17.0833333333
0.345236594987,11,16.75
0.344826578028,14.3333333333,20.5833333333
0.3244215582,13.1666666667,15.25
0.306940177806,9.25,16.4166666667
0.339602742684,13.8333333333,17.8333333333
0.300284003813,11.5,17.1666666667
0.299450911654,10.0833333333,15.3333333333
0.319990022953,10.5833333333,13.9166666667
0.31883264637,9.41666666667,13.3333333333
0.336766495503,11.5,14.6666666667
0.311313275755,11.5833333333,15.1666666667
0.333074619529,9.5,15.3333333333
0.371902126781,9.83333333333,15.4166666667
0.297100307994,11.3333333333,16.1666666667
0.31680147124,12.5833333333,18.25
0.310228617309,17.9166666667,21.3333333333
0.336126388838,13.5,15.0833333333
0.273803955432,14.25,18.9166666667
0.367513342801,13.5,19.75
0.292797862452,9.83333333333,12.8333333333
0.37871981162,10.75,13.4166666667
0.320923181996,11.6666666667,16.4166666667
0.338731455367,12.9166666667,19
0.348339099537,11.5833333333,13.5
0.302718054113,15.5833333333,18.3333333333
0.295832550273,10.5833333333,14.8333333333
0.321161628229,13.0833333333,16.25
0.323027237003,9.33333333333,15
0.370857128911,13.5833333333,19.4166666667
0.3432569002,12.75,17.75
0.337243356981,14.5833333333,17.4166666667
0.370372006282,14.1666666667,16
0.335844395312,10.9166666667,15
0.351956403838,10.5,13.5
0.30440311965,11.9166666667,16.3333333333
0.357520136768,10.3333333333,13.3333333333
0.281604238995,12.5833333333,12.6666666667
0.29818865532,9.33333333333,14.0833333333
0.373516373105,12.8333333333,15.0833333333
0.383631984892,9.58333333333,13.6666666667
0.323421101357,14.6666666667,18
0.289298074533,11.3333333333,17.3333333333
0.324318793454,14,19.1666666667
0.311063457185,15.3333333333,19.1666666667
0.357599705321,8.16666666667,13.4166666667
0.365420905285,11.3333333333,15.5833333333
0.333691989359,13.25,16.75
0.271762440306,16.4166666667,17.75
0.332014272079,12.9166666667,15.3333333333
0.345297125724,14.75,19.1666666667
0.347685545439,14,17.3333333333
0.376988254701,14.0833333333,17.25
0.322185447304,12.8333333333,17.25
0.315456254961,15.4166666667,17.6666666667
0.314046209534,14,15.3333333333
0.336096197922,9.16666666667,14.3333333333
0.325455205219,10.4166666667,14.5
0.353949059379,11.8333333333,14.5833333333
0.356584237242,14.1666666667,18.6666666667
0.329883332765,9.91666666667,17.6666666667
0.346052684784,10.5833333333,13.0833333333
0.332356173343,10.6666666667,15.4166666667
0.392061511555,14.1666666667,18.0833333333
0.330400661971,11,17.9166666667
0.361291479126,12.5,15.8333333333
0.346175929436,11.25,16.6666666667
0.326061607727,8.58333333333,14.4166666667
0.340542815969,8.08333333333,15.6666666667
0.286120263884,14.9166666667,19.5
0.39972637633,9.33333333333,14.5833333333
0.353441324628,17.75,22.1666666667
0.31847988532,12.75,16.75
0.32996804542,11.0833333333,12.4166666667
0.321437357872,10.0833333333,15.8333333333
0.299072622432,11.8333333333,16.5833333333
0.354896865047,10.5833333333,16
0.370108556606,10.0833333333,15.25
0.318441360433,9.33333333333,14.8333333333
0.339846149725,12.5833333333,16.5
0.291215930335,10.6666666667,13.25
0.318338010663,11.5833333333,17.9166666667
0.373147008528,9.5,15
0.356402192584,10.75,17.0833333333
0.361829602127,11.3333333333,15.0833333333
0.328982461459,13,16.5
0.339087672465,9,15.5
0.312622678831,10.5833333333,13.5833333333
0.322047241964,9.16666666667,15.5
0.300632439195,13.9166666667,17.4166666667
0.311963457742,11.0833333333,15.0833333333
0.350550982534,12.6666666667,18
0.30993017012,11.5,16.4166666667
0.258794897264,14.4166666667,19.0833333333
0.36662493178,18.0833333333,22.9166666667
0.344922274838,8.33333333333,14
0.292864728357,12.9166666667,17.25
0.289030681374,11.1666666667,17.9166666667
0.288145656046,10.1666666667,14.6666666667
0.354097271478,11.0833333333,14.75
0.357754825842,11.25,16.5
0.345664988897,12.4166666667,15.0833333333
0.344824833921,12.8333333333,17.5
0.324294555255,13.6666666667,16.0833333333
0.301508717478,13.1666666667,14.75
0.368386395812,14.3333333333,18.5
0.361044497735,14.5,18.75
0.388190737533,7,13.5833333333
0.302024635868,6.91666666667,11.25
0.376311969863,13.1666666667,19.5833333333
0.353428743838,10.0833333333,14.6666666667
0.345046251497,13,18.3333333333
0.321237316194,12.1666666667,17.25
0.332318936117,14.1666666667,20.6666666667
0.336418160924,14.5833333333,18.25
0.324864309507,12.9166666667,17.9166666667
0.361985171521,11.5833333333,15.75
0.280328972565,11.3333333333,16.6666666667
0.317923377885,13.8333333333,17.4166666667
0.314184847059,13.5833333333,17
0.348308773125,11.5833333333,18
0.35160696709,12.5,16.3333333333
0.28251952024,15.5,17.5833333333
0.304672086528,9.16666666667,15.75
0.290443832928,14.5,19.25
0.389156529589,10,14.75
0.348172203894,11.1666666667,15
0.307568674435,13.0833333333,17.75
0.378003697747,13.4166666667,16.25
0.338507517307,11.4166666667,18.1666666667
0.353032901205,14.1666666667,18.75
0.280440368463,13.8333333333,18
0.253997453233,12.4166666667,17
0.324761514109,11.1666666667,15.75
0.359438799491,10.6666666667,15.25
0.287368910129,8.75,16.1666666667
0.330726494111,13.0833333333,16.6666666667
0.301314195458,8.5,12.3333333333
0.373049386842,10.8333333333,16.6666666667
0.388038719876,10.0833333333,14.1666666667
0.325874686357,9.58333333333,15.4166666667
0.376718464109,11,15.9166666667
0.300944988573,13.0833333333,17.4166666667
0.329925900961,14.25,17.8333333333
0.324950626825,11.75,15.5
0.346349346774,12.3333333333,16.5
0.367233966524,10.3333333333,17
0.361464257201,11.0833333333,15.6666666667
0.368449985012,11,13.8333333333
0.34186841285,10.4166666667,15.0833333333
0.314386870432,15.25,19.0833333333
0.334391561928,12.9166666667,17.1666666667
0.318545775044,14.0833333333,17.8333333333
0.309923629457,12.3333333333,18.9166666667
0.320099464745,9,15.6666666667
0.305641565879,13.5,20
0.359080582654,14.5833333333,18.1666666667
0.36865997062,11.5,14.5833333333
0.349320773224,9,11.75
0.338378855421,11.9166666667,15.25
0.31658698907,11.5833333333,16.5833333333
0.299222521253,12.6666666667,15.6666666667
0.388567458836,11.6666666667,15
0.281985884949,14.4166666667,19.25
0.370216896361,11.9166666667,15.4166666667
0.369235604859,10.9166666667,14.5
0.275346908966,14,19.4166666667
0.286118201491,10.75,13.5833333333
0.327149259989,11.5833333333,14.25
0.350463341963,11.75,16.8333333333
0.359409507044,9.41666666667,13.8333333333
0.306030139982,9.66666666667,14.3333333333
0.308711837563,13.1666666667,15.9166666667
0.353153252449,10.4166666667,11.25
0.324724993938,15.5,19.75
0.324012551029,13.9166666667,17.5833333333
0.3901138922,9.58333333333,14.6666666667
0.329186216874,12.5,18.6666666667
0.275966183575,18.75,22.9166666667
0.378399834547,11.5833333333,16.25
0.406405224587,9.5,16.5
0.319185887084,7.41666666667,13.25
0.358747616773,13.8333333333,15.8333333333
0.300917827949,8.66666666667,14.25
0.318126319086,8.33333333333,14.3333333333
0.30386174509,9.66666666667,15.9166666667
0.340329950354,13.4166666667,15.5833333333
0.306932469219,11.3333333333,16.9166666667
0.266517372868,15.4166666667,17.0833333333
0.327170360638,11.5833333333,16.0833333333
0.341444200433,12.25,17.9166666667
0.352189339367,12.3333333333,16.0833333333
0.37533979522,17.4166666667,20.6666666667
0.325128973579,7.58333333333,13.1666666667
0.338300220751,14.5,18.8333333333
0.319897252926,15.25,18.3333333333
0.284868345063,8.75,12.75
0.294637300661,11.3333333333,14.25
0.367427650379,12.1666666667,17.5
0.353843090402,10.9166666667,16.0833333333
0.334591728864,12.3333333333,16.4166666667
0.322829168429,9,12.9166666667
0.342277570933,10.8333333333,14.5833333333
0.328829139515,10.4166666667,14.9166666667
0.30621882044,10.5833333333,16.1666666667
0.36073608748,11.1666666667,14.3333333333
0.340537628083,12,16.5
0.369370196146,10.4166666667,16.5
0.367254230652,11.8333333333,18
0.355198222048,13.5,17.5833333333
0.305456601007,13.1666666667,16.0833333333
0.340599722345,9.25,16.5
0.292040488023,12.3333333333,16.1666666667
0.332355215669,15.5,18
0.327996150963,11.3333333333,15.3333333333
0.389186776468,6.75,13.4166666667
0.366826107709,7.16666666667,12.6666666667
0.366909930753,11.3333333333,16.0833333333
0.302814027933,10.3333333333,18.25
0.296414620128,18,22.5833333333
0.353235918152,11.6666666667,16.0833333333
0.366087528552,7,11.8333333333
0.316445796065,9.5,15
0.351977129406,12.25,15.3333333333
0.284725369654,9.33333333333,15.3333333333
0.328665403122,11.8333333333,16.9166666667
0.332808096724,15.4166666667,19
0.40640509113,11.75,14
0.325010487006,10.4166666667,13.5
0.32748974797,11.1666666667,16.5833333333
0.361947135694,10.6666666667,13.1666666667
0.365385230574,10.6666666667,16.3333333333
0.378157601988,13.9166666667,19.0833333333
0.301662016112,12.9166666667,15.75
0.275265525856,13.75,19.4166666667
0.311503650433,13.4166666667,19.25
0.344760357433,10.1666666667,14.4166666667
0.385610985597,14.6666666667,21
0.32174529869,11.4166666667,15.5
0.300887458863,10.9166666667,16.0833333333
0.320104314975,10.6666666667,16.5833333333
0.286980954568,13.4166666667,18.75
0.300554925272,10.5833333333,15.8333333333
0.335399518145,9.91666666667,19.3333333333
0.323852549476,11.25,14.9166666667
0.351750238695,12.5,17.5
0.290971806904,13.6666666667,17.8333333333
0.313812693177,14.1666666667,17.8333333333
0.327246413825,10.3333333333,15.6666666667
0.318825665205,11.5833333333,14.8333333333
0.347918020443,10.4166666667,15.5833333333
0.330474015586,10.75,15.6666666667
0.380068028737,7.5,12.5
0.277793561232,17.1666666667,18.75
0.326092133209,14.8333333333,17.25
0.364409272684,11.6666666667,15.0833333333
0.340889740315,14.5833333333,16.75
0.334013761309,15.3333333333,16.9166666667
0.291055401507,10.6666666667,15.5833333333
0.396798973504,10.8333333333,15.75
0.359130554108,11.75,14.5833333333
0.295535377499,12.4166666667,15
0.302782093339,16,20.0833333333
0.284374586497,10.25,13.1666666667
0.354259647486,11,15.0833333333
0.346109144226,12.8333333333,15.3333333333
0.293122525971,14.1666666667,17.5833333333
0.280074236033,13.8333333333,17
0.307671554856,14.3333333333,21.1666666667
0.33144665647,11,16.6666666667
0.299713642098,13.3333333333,16.1666666667
0.362584109656,10.8333333333,15.5
0.332065409055,12.5833333333,17.5
0.308447173097,13.4166666667,16.3333333333
0.292019245287,11.75,16.3333333333
0.285373264556,13.25,14.75
0.327715092827,11,17.3333333333
0.34541053468,11.6666666667,14.4166666667
0.32572046308,13.4166666667,19.4166666667
0.330473262642,13.4166666667,18.3333333333
0.33793034513,14.6666666667,19
0.341652455984,7.91666666667,11.9166666667
0.332470064897,8.08333333333,15.0833333333
0.336038140792,11.5,17.75
0.316459635942,10.25,17
0.382822775323,14.25,17.0833333333
0.343478918584,10.9166666667,15.75
0.271309367106,10.5,15.5
0.328678633507,7.75,11.3333333333
0.350627387263,14,18.3333333333
0.35143519615,8.5,15.25
0.332981033419,10.9166666667,16.1666666667
0.292205821339,13.9166666667,18.9166666667
0.333883356359,12,16
0.330644405746,12.75,16.25
0.392521449751,12.5833333333,15.6666666667
0.345518255373,10.6666666667,16.4166666667
0.356117613266,10.25,14.5
0.368602592205,11.4166666667,16.3333333333
0.32937727861,8.5,15.4166666667
0.302180764443,14,16.8333333333
0.358499158615,10.0833333333,15.1666666667
0.365071450383,10.1666666667,11.8333333333
0.354562036486,13.5,17.6666666667
0.305627510498,12.5,15
0.362196125552,9.41666666667,14.5833333333
0.352907918069,13,18.5833333333
0.297897902859,13.75,19.25
0.309893963056,12,15.8333333333
0.347356931937,12.75,15.4166666667
0.303995928297,12.8333333333,16.1666666667
0.328207541198,8.91666666667,14.75
0.37010031531,10.9166666667,16.1666666667
0.290400281709,9.5,14.8333333333
0.295836847969,11.0833333333,15.1666666667
0.310154110558,15.3333333333,18.8333333333
0.314133640395,3.25,12.1666666667
0.343812441232,12.25,15.5
0.36534722839,9.5,14.6666666667
0.349235025233,16,20.75
0.28341425033,12.75,15.5833333333
0.36111588573,10.75,14.6666666667
0.430396993047,13.5833333333,16.6666666667
0.28249925198,12.0833333333,18.8333333333
0.313549824948,11,17.5833333333
0.345550778758,12.8333333333,17.5833333333
0.260858582404,12.0833333333,18.4166666667
0.369354236655,10.4166666667,17.5833333333
0.292807903565,13.9166666667,16.1666666667
0.332933976621,13.4166666667,15
0.37558697878,15.25,19
0.336740445968,10.4166666667,15.8333333333
0.332272471015,12.1666666667,16.25
0.392789857119,12.5833333333,19.5
0.334230165863,8.5,14.1666666667
0.313764130809,10.8333333333,16.25
0.313120558457,12.1666666667,18.0833333333
0.34126757358,13.1666666667,17.5833333333
0.329507693674,16.6666666667,18.3333333333
0.275997813756,14.0833333333,17.1666666667
0.350672769749,14.1666666667,17.0833333333
0.350791157176,12.8333333333,19.1666666667
0.346834049178,12.75,16
0.271269832089,13.8333333333,16.1666666667
0.267901706943,13,16.4166666667
0.360097697884,13.5,17.4166666667
0.299593942945,10.25,15.5833333333
0.297816793093,13.9166666667,15.9166666667
0.31479785748,11.75,12.6666666667
0.358415366589,12.6666666667,17.3333333333
0.360039823246,13.1666666667,17
0.336964090466,13.5,19.0833333333
0.342905062245,10,14
0.35932339982,14,18.75
0.288006698976,10,13.8333333333
0.317853891092,10.4166666667,13.9166666667
0.41466751927,9.66666666667,15.8333333333
0.302370369105,14.5833333333,17.5
0.311888985958,13.8333333333,16.3333333333
0.370724394557,10.3333333333,14.6666666667
0.350675384476,7.08333333333,12.4166666667
0.36678207104,15.3333333333,20.25
0.347230871424,13.0833333333,15.0833333333
0.329971557986,8.16666666667,13.6666666667
0.321266934286,10,13.5833333333
0.30264941356,12.75,16.8333333333
0.35757361575,12.6666666667,15.1666666667
0.31221510459,8.83333333333,12.4166666667
0.27722698153,16.8333333333,19.75
0.291212214556,13.25,17.9166666667
0.323065161239,8.5,14.25
0.374283877255,12.0833333333,16.8333333333
0.328180084589,13.4166666667,19.25
0.387542930287,10,14.4166666667
0.286711407468,11.75,15.1666666667
0.325214489471,13.4166666667,14.6666666667
0.302039054164,14.0833333333,16.5833333333
0.323132333556,13.1666666667,20.1666666667
0.294650560828,8.91666666667,15.5833333333
0.319483529519,8.83333333333,12.4166666667
0.341936924661,13.3333333333,17.1666666667
0.325645493029,14.8333333333,17.5
0.331256887885,12.5833333333,18
0.324066244242,11.5833333333,17.8333333333
0.304735575372,11.25,15.6666666667
0.329367198027,12.0833333333,15.3333333333
0.340416136732,12.0833333333,16.5833333333
0.317916679303,12.1666666667,16.1666666667
0.337871094358,13.75,18.1666666667
0.295410538988,12,15.8333333333
0.392430615359,6.16666666667,10.25
0.323183416141,9.33333333333,14
0.381489501736,12.25,19.0833333333
0.31006570919,12.25,17.4166666667
0.286765463054,9.5,13.75
0.298544987591,11.1666666667,14.8333333333
0.359711512505,12.75,16.75
0.346018138172,13.5833333333,17.75
0.300934354797,14.4166666667,18.1666666667
0.310054595317,13.5,16.5833333333
0.348573717377,9.83333333333,14
0.336068960957,12.8333333333,17.3333333333
0.374104281418,10,14.9166666667
0.302776483334,12.3333333333,15.0833333333
0.33551705235,15.3333333333,17.9166666667
0.395941299692,9.83333333333,15.9166666667
0.34707634796,10.6666666667,16.25
0.350773759292,10.5,15.6666666667
0.360806659194,13.6666666667,19.3333333333
0.370405747096,12.1666666667,18.75
0.344646189266,11.6666666667,17.5833333333
0.337095669001,14.5,19
0.320103385578,12.9166666667,15.8333333333
0.312659973685,13.8333333333,16.1666666667
0.277754560311,14.4166666667,17.4166666667
0.365393400807,14.5,16.3333333333
0.290601869897,10.9166666667,18.1666666667
0.336056157209,9.5,13.75
0.309902747174,10,15.6666666667
0.352594556063,12.5,18.0833333333
0.311300194305,10.6666666667,15.0833333333
0.297966424595,12,17
0.324166683822,11.1666666667,16.5833333333
0.322445882938,13.8333333333,17.25
0.337738666145,14,16.5
0.320462574392,10.25,14.5
0.276752800022,17.75,18.6666666667
0.335099441536,11.8333333333,18.4166666667
0.273254605242,13.0833333333,16.5
0.376776219389,13.25,17.0833333333
0.322734030086,12.75,15.1666666667
0.260001731727,13.0833333333,16
0.366101177103,13.8333333333,18.0833333333
0.30432369423,10.5,15.8333333333
0.35095249695,13.9166666667,19.25
0.360093745559,9,15.25
0.284919924924,12.6666666667,16.4166666667
0.383088699159,16.4166666667,17.9166666667
0.304693491966,10.9166666667,16.5833333333
0.378670014776,13.5833333333,19
0.366505963418,7.25,12.0833333333
0.36542093196,13.1666666667,17.3333333333
0.316927764592,11.1666666667,15.6666666667
0.349824664755,7.75,10.8333333333
0.382023278269,11.6666666667,17.0833333333
0.25793465473,13.4166666667,16.5
0.310293883696,12.3333333333,16.1666666667
0.307469238338,17.0833333333,20.5
0.379343205502,10.75,16
0.289772605203,9.5,15.3333333333
0.296951574755,13.3333333333,16.75
0.356965911767,11,16
0.341701253213,11.25,13.8333333333
0.278592485116,11.4166666667,15.6666666667
0.320328959108,13.0833333333,16.1666666667
0.294493269487,16.25,21.0833333333
0.360650141889,12.3333333333,16
0.331625971275,12.5,17.4166666667
0.288561641988,12.5,16.5833333333
0.368192567831,11.5833333333,14.8333333333
0.285384063982,10,16.0833333333
0.316889357314,14.8333333333,15.0833333333
0.311526611789,9.75,14.5
0.365120449082,6.25,12.5833333333
0.316738956211,11.6666666667,15.25
0.341722100371,9.41666666667,14.5833333333
0.319911738375,9,12.1666666667
0.31466984766,11.5,16.6666666667
0.356909225632,13.5,17.25
0.309470152244,12.5833333333,15.0833333333
0.292719994723,10.5833333333,15.0833333333
0.31408829358,13,17.25
0.27675836296,13.25,18.6666666667
0.355647691392,10.75,16.0833333333
0.346942269012,12.9166666667,18.1666666667
0.284402186216,11.9166666667,15.75
0.350013977666,10.5833333333,14.4166666667
0.310664246583,12.0833333333,13.75
0.338854143751,11.5,13.6666666667
0.335029712985,14.6666666667,18
0.324379479338,10.5833333333,13.3333333333
0.2775896793,9.08333333333,13.9166666667
0.255680923483,14.6666666667,18.75
0.317635428661,8.41666666667,14.1666666667
0.384985455137,9.08333333333,14.0833333333
0.320867359296,12.5833333333,18.8333333333
0.278137972354,12.1666666667,15.6666666667
0.318754873197,11.9166666667,18.9166666667
0.393038761659,13.8333333333,21.1666666667
0.323237571116,11.4166666667,17.3333333333
0.32417536122,13.75,16.8333333333
0.309221564345,13.1666666667,16.6666666667
0.292846360698,9.91666666667,16
0.365489865583,14.5,18.0833333333
0.342690094282,8.5,14.1666666667
0.251571620019,11.1666666667,15.4166666667
0.309493364735,13.8333333333,17.5
0.28116889368,8.91666666667,14.75
0.325277346035,9.25,13.4166666667
0.376197552724,13.4166666667,16.75
0.336195768931,13.4166666667,18.1666666667
0.349670299553,9.41666666667,14.4166666667
0.301236512979,12.0833333333,17.25
0.337751089275,12.4166666667,17.3333333333
0.293826427199,8.5,13.75
0.305370620762,12.75,14.5
0.307961285549,15.25,18.6666666667
0.308292364804,11.5833333333,16.8333333333
0.335484099328,11.1666666667,16.75
0.323331877226,11.3333333333,19.0833333333
0.371825235711,9.75,14.9166666667
0.38438943744,9.25,15
0.331575549165,13.3333333333,16.75
0.363622926762,15.9166666667,20.0833333333
0.298212794771,14.75,18.75
0.307729453385,12.0833333333,18.0833333333
0.296737328538,14.3333333333,16.5833333333
0.347728373996,12.9166666667,16
0.297289908931,12.5,16.1666666667
0.314844183215,11.4166666667,16
0.341817433697,8.25,14.25
0.305272742323,13.3333333333,19.75
0.378351077619,10.8333333333,17.1666666667
0.282525408594,13.25,14.5
0.295448368265,10.6666666667,12.6666666667
0.337538342839,15.0833333333,20.6666666667
0.347835983481,11.9166666667,16.5833333333
0.365120964659,13.5833333333,17.3333333333
0.356502800705,13.8333333333,18
0.356590970389,8.75,15.4166666667
0.33018460679,13.4166666667,16.5
0.354822378446,13.9166666667,17.6666666667
0.352994693561,14.6666666667,15.9166666667
0.303355734495,6.16666666667,10.8333333333
0.321601955979,13.75,17.9166666667
0.344480123911,10.0833333333,14.0833333333
0.31351077634,12.0833333333,14.5
0.364442593396,13.8333333333,20
0.366819174017,11.25,15.0833333333
0.27743334301,17.0833333333,20.6666666667
0.405352746338,11,14.5833333333
0.37532562259,8.33333333333,15.6666666667
0.26385301579,12.9166666667,14.5833333333
0.278037207605,9.83333333333,13.0833333333
0.384258646729,11.75,18.25
0.358443085856,14.5833333333,17.6666666667
0.280849601226,10.4166666667,16.4166666667
0.319317843451,13.8333333333,16.4166666667
0.331350279958,10.1666666667,14
0.339783221917,12,17.5833333333
0.336778228952,9.83333333333,12.6666666667
0.296630703701,16,19
0.247322947593,13.1666666667,14.8333333333
0.335653007457,14,16.25
0.32423510467,14.3333333333,17.5833333333
0.264273753269,10.0833333333,13.6666666667
0.363588110403,14.5833333333,17.1666666667
0.365107461973,9.91666666667,13.5
0.267138719022,14.25,18.6666666667
0.358860370029,11,17.5
0.336340396963,10.75,15.3333333333
0.388491544166,10.6666666667,16.25
0.304489620321,14.3333333333,17.8333333333
0.3503700177,12.75,17.9166666667
0.363985381737,10.1666666667,15.3333333333
0.324028936572,10.5833333333,14.5
0.389605288931,12.25,15.8333333333
0.354015442772,13.75,16.0833333333
0.329493991749,9.16666666667,15
0.359953526528,13.6666666667,18
0.319075310228,11.5833333333,17.75
0.327102061932,12.8333333333,18.9166666667
0.319204965538,10.6666666667,15.25
0.307915980456,12.6666666667,16.0833333333
0.30092832581,13.3333333333,16.25
0.294197974655,13.9166666667,15.25
0.360811420386,10.25,13.6666666667
0.311004110974,12.75,16.75
0.383186868787,6.08333333333,14.25
0.337099811676,15.25,19.9166666667
0.358281463779,11.5,16.3333333333
0.304673506927,14,18.4166666667
0.338944823939,9.33333333333,13.4166666667
0.313646938777,9.08333333333,12.25
0.321688627312,9.66666666667,13.8333333333
0.348924758961,10,15.5833333333
0.373323428198,11.0833333333,16.4166666667
0.282950432608,10.3333333333,13.9166666667
0.299303047544,12.0833333333,17.8333333333
0.286874586436,10.8333333333,16.1666666667
0.331707156278,11.25,16
0.322697687989,16,19
0.294443122263,11.5833333333,16.25
0.321144946183,9.66666666667,14.5833333333
0.24497046592,11.0833333333,16.5
0.363929947414,13.8333333333,17.8333333333
0.307693455754,11.25,16.25
0.336943904358,10,14
0.363240117503,14.0833333333,18.25
0.368940627643,12,18
0.308727885312,14.1666666667,16
0.342515014993,9.41666666667,16.0833333333
0.346615526033,7.83333333333,13.0833333333
0.354888971562,9.91666666667,15.5
0.298314362656,10.6666666667,15.75
0.282281222382,9.91666666667,11.75
0.34518626732,16.5,18.5833333333
0.320582673278,11.0833333333,17.1666666667
0.330346089592,13.25,16.4166666667
0.298431878679,14.3333333333,15.75
0.373806760771,7.33333333333,12.6666666667
0.29686819026,9.58333333333,15.5
0.368400599887,13,15.8333333333
0.383605982975,11.9166666667,14.8333333333
0.35114361588,13.75,17.9166666667
0.309340402876,10.5833333333,17.0833333333
0.336860334385,9.41666666667,16.8333333333
0.35012133087,10.6666666667,13.5833333333
0.354521097446,9.5,15.75
0.338546717132,11.8333333333,13.5
0.318123644241,15.5833333333,19.1666666667
0.371145584798,12.1666666667,16.1666666667
0.35775017416,13.1666666667,15.5833333333
0.287861931167,11.4166666667,16.25
0.310746070281,15.5,20.6666666667
0.354897360758,10.1666666667,16.25
0.269148815919,16,17.9166666667
0.312729930386,9.83333333333,14.25
0.271861363894,13.8333333333,16.5833333333
0.340940822092,15,18.0833333333
0.351222678653,17.9166666667,21.25
0.351604733325,17.75,21.8333333333
0.287998109694,14.3333333333,15.8333333333
0.303178184339,11.0833333333,16.9166666667
0.347608737545,11.0833333333,16.3333333333
0.323674705493,15.25,17.0833333333
0.358868811606,11.0833333333,17.1666666667
0.3589040783,9.08333333333,13.5
0.372735759892,10.9166666667,14.9166666667
0.298793193604,13.5833333333,17.75
0.371566294046,14.75,17.6666666667
0.340933880135,9.75,13.8333333333
0.358927701056,12.1666666667,18.4166666667
0.39227170956,10.75,12.6666666667
0.408913136359,13.0833333333,16.5833333333
0.35007043742,13.3333333333,17.3333333333
0.354028126928,13.3333333333,20.0833333333
0.390126187269,11.3333333333,15.75
0.283365986035,9.16666666667,13.0833333333
0.304488785035,9,15
0.322473326938,11.5833333333,16.5833333333
0.301314195458,12,14.25
0.305129628379,16.5,20.0833333333
0.261734586522,12.4166666667,15.6666666667
0.306685024241,10.6666666667,17.5
0.295437302413,16.6666666667,18.75
0.361514415327,9.33333333333,15.6666666667
0.33324977598,8.5,13.1666666667
0.311818901793,12.4166666667,17.9166666667
0.404892658516,13.3333333333,18.5833333333
0.324153339214,11,16.3333333333
0.343260527708,8.83333333333,15.8333333333
0.332832941026,6.83333333333,13
0.334907911217,12.1666666667,16.6666666667
0.316144076166,13,17.9166666667
0.294945619338,9.91666666667,14.25
0.329618182386,12.9166666667,17.9166666667
0.344315690633,11.3333333333,14.6666666667
0.369425197773,14.6666666667,18.0833333333
0.305064244905,10.0833333333,15.3333333333
0.313529612509,11.8333333333,16.9166666667
0.314551385157,14.1666666667,18.75
0.326365045001,9.75,15.3333333333
0.312705460205,10.5833333333,14.8333333333
0.331866150907,12.25,15.0833333333
0.355608854306,13.0833333333,16.25
0.369516225962,15.6666666667,19.4166666667
0.383750384455,11.5833333333,13.6666666667
0.308285858513,12.5,17.6666666667
0.330903605629,11.0833333333,14.5
0.313132123247,14.9166666667,17.0833333333
0.29839970422,12.5833333333,16.3333333333
0.346224598439,4.75,9.66666666667
0.321955531507,10.5,16.4166666667
0.322080433941,14.1666666667,17.5
0.338072226131,11.6666666667,15.75
0.361167314125,8.91666666667,13.5
0.35079951444,8.5,15.3333333333
0.325363059706,11.5833333333,14.5
0.30633151293,10.4166666667,14.25
0.285725196437,11.1666666667,15.9166666667
0.26407464526,13.5833333333,17.6666666667
0.357780164823,9.58333333333,15.5833333333
0.327148875919,10.1666666667,14
0.366416890392,14,17.25
0.33513132026,12,18.4166666667
0.347820450312,11.6666666667,17.5833333333
0.309620101454,11.1666666667,13.3333333333
0.236145191036,15.25,20.1666666667
0.361985171521,11.9166666667,16.8333333333
0.366742184385,11.8333333333,19.3333333333
0.314790880876,11.5,17
0.337138099303,11.6666666667,16.3333333333
0.303552990699,14.3333333333,18.75
0.323338431925,14.25,16.5833333333
0.272677437604,13.3333333333,14.8333333333
0.332930926296,10.9166666667,14.9166666667
0.414804535405,11.8333333333,16.0833333333
0.273491204864,10.1666666667,16.75
0.325833402023,10.1666666667,14.0833333333
0.339646369511,8.16666666667,15
0.403661926873,7.33333333333,11.8333333333
0.283612996162,13.0833333333,16.75
0.3503225894,11.0833333333,16.25
0.360152358794,10.5,14.75
0.328139170808,10.6666666667,15.4166666667
0.337138099303,10.8333333333,13.5833333333
0.343849475243,13.0833333333,18.4166666667
0.31889577534,6.58333333333,12.6666666667
0.321217902299,12.25,16.5
0.335392028292,9.5,13.6666666667
0.312259428035,12.5,17
0.342133020775,11,16.0833333333
0.335671279853,8.25,12.0833333333
0.375085925087,8,14.8333333333
0.348975653454,14.9166666667,17.5
0.321621077093,14.1666666667,15.9166666667
0.35812728318,9.83333333333,16.5
0.322502230838,12.25,16.8333333333
0.327402731147,12.25,15.5833333333
0.321384663692,11.9166666667,13.9166666667
0.352732718613,12.0833333333,18.1666666667
0.331103595741,9.08333333333,15.1666666667
0.327575971816,9.91666666667,14.75
0.35852467787,13.25,16.3333333333
0.296780992095,14.75,18.5833333333
0.357715683997,8.75,15.6666666667
0.380756652673,11.1666666667,17
0.282199797202,9.5,14.75
0.308439850206,12,16.8333333333
0.287924639434,11.3333333333,16.9166666667
0.287632228427,10.25,15.8333333333
0.351316692363,11.25,15.9166666667
0.306293919517,9.66666666667,13.9166666667
0.333906635604,8.5,13.9166666667
0.309404310894,11.5,14.3333333333
0.367116322215,13.25,18.6666666667
0.33044053937,15,18.9166666667
0.320849818282,16.1666666667,19.75
0.264250546968,11.4166666667,16.5
0.349830296206,13.5,18.25
0.333911166107,7.25,13.4166666667
0.329725740991,8.91666666667,14.6666666667
0.326757207935,10.3333333333,16.75
0.321355203691,7.16666666667,14.6666666667
0.343641593148,12,17.0833333333
0.365555462723,16.75,18.75
0.29979661056,13.5,16.0833333333
0.28325495203,14.8333333333,19.6666666667
0.338533150133,10.75,14.8333333333
0.296633728264,14.9166666667,20
0.323440439404,9.91666666667,12.5
0.378405183101,12.5833333333,15.0833333333
0.313291414853,8.41666666667,13.5
0.333697558703,8.33333333333,12.4166666667
0.340921079572,15.6666666667,18.0833333333
0.272649453389,11.1666666667,15.9166666667
0.335930288373,5.83333333333,12
0.374058913455,11.5833333333,18.25
0.289030383518,14.5,18.5
0.38571627916,11.4166666667,15.1666666667
0.384647765902,10.75,16.6666666667
0.355445776095,12.8333333333,15.75
0.275370285447,16.5,21
0.389964221704,11.75,14.5833333333
0.312213371589,17.8333333333,22.0833333333
0.32711241202,13.9166666667,16.25
0.335397888851,12.4166666667,17.1666666667
0.382204634234,8.91666666667,18.5
0.337202874516,12.9166666667,16.3333333333
0.34484859192,7.91666666667,12.3333333333
0.381051971535,13.4166666667,18.3333333333
0.320034741545,11.5,16
0.348589175935,11.75,16.3333333333
0.36247308735,11,17
0.304011387456,15.8333333333,20.5833333333
0.313410487317,10,15
0.354159185423,11.6666666667,15.3333333333
0.395792455067,12.9166666667,16
0.314823180387,15.1666666667,17.5
0.275004386185,14.1666666667,18.5
0.307336799538,13.5,17.9166666667
0.387552064003,12.9166666667,18.1666666667
0.325124623331,17.3333333333,20.4166666667
0.269936717489,7.25,13.5
0.332808845758,14.25,18.75
0.350465907265,14.0833333333,18.5
0.259144979268,9.75,14.1666666667
0.335938247584,8.75,14.1666666667
0.376174323037,11.0833333333,15.5
0.329952170517,12.25,18.1666666667
0.36296178648,7.75,12.0833333333
0.340760268812,10.5,15.75
0.366560185527,11.5833333333,15.25
0.365417613763,11.3333333333,17.25
0.308152558272,13.3333333333,17.5833333333
0.323132146762,10.0833333333,15.75
0.32118795832,13.5,20.3333333333
0.350822986687,13.8333333333,17.4166666667
0.345407729241,11.0833333333,17.0833333333
0.32281482706,12.1666666667,16.5833333333
0.324809967732,12.6666666667,15
0.337677958608,13.4166666667,17.75
0.322283510851,11.6666666667,17.5833333333
0.245609150124,11.6666666667,15.75
0.328533947117,13.25,15.9166666667
0.311429173243,13.3333333333,16.6666666667
0.362677543345,15.25,17.25
0.311704438677,12.6666666667,15.75
0.350693866684,15.3333333333,16.4166666667
0.333695843778,15.1666666667,19.4166666667
0.346564847808,9.83333333333,16
0.334087474843,9.5,13.9166666667
0.334874260355,7,13.9166666667
0.297441699107,14.5,19
0.34281906758,9.25,16
0.319334395222,7.16666666667,13.25
0.336198033023,13.6666666667,18.8333333333
0.357729703706,10.6666666667,15.0833333333
0.361439709603,13.9166666667,17.25
0.34188604405,15.4166666667,21
0.359156182067,12.6666666667,17.4166666667
0.3560741468,10.9166666667,13.6666666667
0.3461091148,10.0833333333,15.9166666667
0.398863438841,12.3333333333,14.25
0.35194742705,10.1666666667,16.1666666667
0.336650050427,14,17.5833333333
0.355362374476,11.6666666667,15.5
0.344143250236,12.25,19
0.312510477148,10.1666666667,15.1666666667
0.303495044961,13.5833333333,16
0.322198869949,11.1666666667,16.4166666667
0.350702952291,11.3333333333,15.0833333333
0.374149121016,17.25,20.8333333333
0.31117310412,12.0833333333,15.3333333333
0.329056498191,13.4166666667,17.25
0.342517871124,9.91666666667,15.0833333333
0.375398164304,10.5,14.9166666667
0.318179525208,10.75,16.6666666667
0.331285606249,14.75,17
0.331876704695,12.5833333333,17.6666666667
0.343405837204,11,15
0.28799775684,11.5,15.3333333333
0.355367207616,14.25,15.1666666667
0.368656171352,10,15.75
0.322227210002,13.8333333333,15.5
0.332483181569,12.3333333333,17
0.330235628682,13.0833333333,17.9166666667
0.323429861208,6.58333333333,11.4166666667
0.306844721069,12,16.8333333333
0.370936829301,12.9166666667,16.4166666667
0.286648546295,10.0833333333,15.8333333333
0.321771123378,6.33333333333,13.5833333333
0.363551123045,14.3333333333,16.6666666667
0.311703222312,12.5,16.0833333333
0.273677369648,13.3333333333,16.0833333333
0.357619423663,12,18.5833333333
0.355528050648,11,17.1666666667
0.338632592163,13.4166666667,17.5833333333
0.33162604969,10.25,15.5
0.334985877996,12.0833333333,15.6666666667
0.316052498786,11.9166666667,16.3333333333
0.309098569645,9.83333333333,14.5
0.352683378901,8.75,14.75
0.343078105688,13.1666666667,18.75
0.32842806935,14.8333333333,18.3333333333
0.325684109071,10.5833333333,15.6666666667
0.383705058296,7.58333333333,11.25
0.382545637391,11.3333333333,16.0833333333
0.311008067849,15,16.75
0.338962796076,7.83333333333,14.5833333333
0.310747285115,9.83333333333,14.25
0.347493627028,12.25,14.8333333333
0.329862235014,15.8333333333,22.5
0.27129141432,12.5833333333,15
0.366647360153,13.6666666667,17.3333333333
0.370515995197,10.6666666667,15.5
0.336374119722,11.75,19.25
0.332830744101,11.25,17.75
0.333461152585,15.0833333333,19.9166666667
0.308175911443,11.0833333333,14.75
0.333213568184,9.25,15.5833333333
0.288993063636,13.75,16.75
0.359402529951,14.4166666667,20.1666666667
0.341220648738,11.5,17
0.317237059393,11.9166666667,18
0.395337518288,11.75,15.25
0.285604034902,12.25,16.5833333333
0.336255682485,12.5,17.5833333333
0.283252198076,12.25,18.4166666667
0.340571334457,13.4166666667,16.3333333333
0.376616419464,7.91666666667,11.75
0.358333592438,10.25,13.75
0.31594627776,9.41666666667,15.4166666667
0.323180524416,13.9166666667,15.8333333333
0.351473782365,12.25,17.75
0.320326326201,8.83333333333,12
0.318303182861,10.3333333333,15.9166666667
0.282663260649,8.83333333333,13.5833333333
0.279005329435,12.5,16.3333333333
0.391541454559,11.25,16.1666666667
0.303979366592,12.75,17.9166666667
0.308110546406,11.4166666667,15.25
0.299825677703,12.1666666667,17.25
0.313102927721,10.3333333333,14.4166666667
0.352490631519,11.6666666667,16.9166666667
0.336391867311,9.5,15.1666666667
0.338842743754,10.25,15.6666666667
0.338792645938,6.75,11.5
0.307328116202,16.5833333333,18.5833333333
0.306387256578,10.25,15.8333333333
0.305848586227,11.75,17.0833333333
0.373203882705,12.5,17.5
0.342787654372,14.3333333333,19.6666666667
0.324220676909,12,16.8333333333
0.297309487678,14.75,19.4166666667
0.304190029585,7.16666666667,12.9166666667
0.368569386533,12.5,15
0.400315348066,9.91666666667,14.3333333333
0.321508263718,11.3333333333,16.0833333333
0.305089094625,10.1666666667,14.25
0.304272549357,12.4166666667,14.4166666667
0.291583301964,11.5833333333,16.25
0.31925981975,15.25,20.1666666667
0.356545288044,12,17.5833333333
0.315567052685,12.75,16.9166666667
0.373805541564,14.3333333333,18.25
0.332366516877,9.5,13.3333333333
0.331712495454,6.41666666667,13.5833333333
0.334181115766,11.0833333333,14.8333333333
0.31656646263,12,16.8333333333
0.312671719467,13,16.25
0.331486846589,10.5,15.4166666667
0.341806827889,10.75,16.1666666667
0.323137779599,11.0833333333,17.5833333333
0.308162487369,13.0833333333,16.3333333333
0.334742230007,8.91666666667,13.4166666667
0.303509490723,6.66666666667,14.1666666667
0.374850275774,10.25,15.9166666667
0.347228709214,12.5,15
0.369139597353,13.3333333333,18.25
0.371978596002,9.58333333333,13.25
0.295856293319,9.41666666667,15.5
0.351089595618,15.4166666667,18.0833333333
0.28204016377,12.6666666667,14.5
0.323618121895,13.4166666667,16.5833333333
0.32368054016,8.16666666667,14.8333333333
0.324771591598,12.8333333333,18.0833333333
0.338837106844,13,18.4166666667
0.346270300789,13.9166666667,20.75
0.303974258069,9.33333333333,14.4166666667
0.369888172507,9.91666666667,13.9166666667
0.325319805702,9.66666666667,14.5
0.31462949329,10.3333333333,15.4166666667
0.29654791595,13.6666666667,18.25
0.313048436485,12.0833333333,16.25
0.336209319558,11.8333333333,15.5833333333
0.412154697197,11.75,16.6666666667
0.346481126838,10.25,14.4166666667
0.326507136433,15.8333333333,18.6666666667
0.33025492284,14.8333333333,18.25
0.311631241466,11.6666666667,17.4166666667
0.260202628313,14.1666666667,18.3333333333
0.352545484036,10.75,16
0.342948931691,11,17.5833333333
0.297199045863,14.9166666667,17.8333333333
0.340885373031,10.25,15.75
0.379445646806,10,15.8333333333
0.326619772064,12,17
0.352142655208,14.75,19.4166666667
0.379534580663,9.16666666667,14.25
0.324523812252,13.0833333333,18.3333333333
0.303582274514,10.5,14.1666666667
0.36140994332,11.4166666667,14.75
0.307519429483,9.08333333333,15.3333333333
0.353897925411,10.5833333333,14.0833333333
0.320620718633,16.9166666667,21.0833333333
0.375971597897,15.3333333333,19.0833333333
0.319723239771,11.9166666667,15.3333333333
0.328880061699,10.5,15.4166666667
0.335779822008,9.5,16.0833333333
0.363926313249,9.75,14.4166666667
0.381097403603,8.33333333333,12.8333333333
0.355150487328,7.66666666667,14.0833333333
0.326689397333,10.4166666667,15.8333333333
0.310989192002,11.0833333333,15.8333333333
0.282542557006,11.8333333333,16.6666666667
0.364933882733,14.1666666667,17.9166666667
0.298092865129,15.5,18.0833333333
0.260152244569,10.3333333333,14.5
0.335054727822,11.8333333333,18.25
0.316753876305,11.4166666667,15.1666666667
0.293139592316,7.91666666667,13.25
0.340625797787,8.08333333333,13.8333333333
0.337676685621,11.3333333333,15.1666666667
0.325606037565,11.3333333333,16.5833333333
0.24009108492,15.5,17.6666666667
0.298127079085,16,18.5833333333
0.322795026248,10,13.9166666667
0.324895158289,14.5833333333,17.75
0.314640781211,11.8333333333,15.75
0.313240626944,8.83333333333,14.3333333333
0.327649688743,9.91666666667,14.9166666667
0.360374498641,10.75,16.25
0.327849359892,9.58333333333,11.9166666667
0.364827739863,11.5,15.1666666667
0.311287173532,3.91666666667,10.25
0.32123618525,12.6666666667,15.4166666667
0.371129854943,8.83333333333,15.4166666667
0.320168209701,6.33333333333,12
0.305248859322,11,13.8333333333
0.286960971427,8.83333333333,14.4166666667
0.37509091687,6.91666666667,13.25
0.291031205025,9.91666666667,12.9166666667
0.281324355148,8,12.25
0.270657952981,14.1666666667,18.8333333333
0.317264792738,9.66666666667,13.3333333333
0.300885488066,12.3333333333,17
0.337720308404,12.8333333333,18.25
0.324803387278,14.3333333333,18.75
0.289416670789,12.0833333333,12.4166666667
0.372183405654,10.0833333333,15.3333333333
0.313784900873,11.75,14.1666666667
0.303030477148,10.75,15.25
0.361766953013,11.6666666667,17.5
0.321121478364,13.25,16.1666666667
0.297884758608,11.6666666667,17.3333333333
0.291406578479,14.3333333333,17.6666666667
0.360932544532,12,13.9166666667
0.334248132985,12.5,14.5
0.273891482272,12,13.6666666667
0.345340408267,10.1666666667,15.5
0.299695381418,13.5833333333,18.3333333333
0.363545340412,11.3333333333,16.5
0.373749771547,14.6666666667,16
0.386484685806,8.75,14.75
0.388191297968,13.5833333333,15.1666666667
0.295452006755,8.16666666667,13
0.370852305185,13.5,16.9166666667
0.314197304423,11.4166666667,17.8333333333
0.372593267127,12.5,15
0.322674841223,16.5833333333,20.3333333333
0.384439967167,11.1666666667,16
0.375352973289,11.1666666667,15.9166666667
0.394629951099,10.9166666667,18.75
0.343925072246,12.6666666667,18.25
0.302200650463,14.3333333333,19
0.353063249682,7.41666666667,13.5
0.326319465997,9.5,16.5833333333
0.342503141383,15.75,19.5
0.33393522383,12.6666666667,14.5
0.348214469366,10.5833333333,15.0833333333
0.320799153395,13.9166666667,19.0833333333
0.346083496423,9.41666666667,15.8333333333
0.304101321976,8.75,15.8333333333
0.385129894332,11.6666666667,17.25
0.317067910536,12.4166666667,16.4166666667
0.341460422609,10,15.9166666667
0.254734618761,13.5833333333,19.8333333333
0.348003184726,16.0833333333,19.9166666667
0.331659089615,8.33333333333,15.9166666667
0.318763966296,13.6666666667,15.25
0.30858245224,10.25,15.25
0.258430494411,12.5833333333,17.5833333333
0.340274340761,13.6666666667,18.25
0.345317921413,13.9166666667,16.8333333333
0.296732536448,13.9166666667,17.5833333333
0.299041280317,10.6666666667,16
0.299798449287,14.9166666667,17.9166666667
0.343092912778,11.0833333333,18
0.314714170692,9.66666666667,13.1666666667
0.327618569251,10.75,14.3333333333
0.358473128678,10.3333333333,14.6666666667
0.29708614379,8.5,12.5
0.286633668617,13.1666666667,18.0833333333
0.301819113502,14.0833333333,17.5
0.329925412797,12.4166666667,17
0.275618628133,12,15.5
0.298928889115,11.4166666667,16.1666666667
0.398018554564,9.75,14.25
0.327229555423,11.6666666667,16.8333333333
0.338946946345,11,14.0833333333
0.292794460462,12.9166666667,15.1666666667
0.352685536527,9,13.25
0.400194228173,10.25,16.4166666667
0.34092026884,11.4166666667,14.4166666667
0.268142920087,13,16
0.335786371316,9.58333333333,11.9166666667
0.363127304648,14.9166666667,19
0.347096787496,11.9166666667,15.8333333333
0.352678549909,10,12.1666666667
0.358192399537,14.5,16.3333333333
0.304862131349,16.8333333333,18.5
0.354410343239,13.75,17.75
0.315885454138,13,17.5
0.315910808877,9.91666666667,16
0.376083117977,10.75,14.75
0.359805295334,14.1666666667,18.5833333333
0.301158105471,9.16666666667,14.1666666667
0.354798887049,10.25,14.8333333333
0.307477880634,11.1666666667,14.9166666667
0.341157599103,12,16.6666666667
0.315487967671,10.9166666667,16
0.290486780885,10.6666666667,15.8333333333
0.312855896001,9,12.5
0.357979669309,9.75,14.6666666667
0.27736985485,14.9166666667,19.9166666667
0.314019097222,10.0833333333,13.6666666667
0.270348394949,12.5833333333,15.5
0.289332169452,12.75,18.6666666667
0.356429404901,11.5833333333,14.0833333333
0.330099610796,10.5,14.8333333333
0.261452531966,13.5,15
0.355909139834,8,10.9166666667
0.354975626033,11.1666666667,17.5
0.283795037775,12.3333333333,14.0833333333
0.293539951614,11.75,14.1666666667
0.335893424622,5.66666666667,10.9166666667
0.268980056116,11.6666666667,15.0833333333
0.341906772692,10.6666666667,15.6666666667
0.30582435942,12.25,18.1666666667
0.374635851261,14.1666666667,15
0.351358568066,13.1666666667,15
0.326990348548,12.0833333333,14.5833333333
0.321956823289,9.75,15.25
0.355401007928,6.66666666667,11.0833333333
0.334643862887,12.4166666667,17.8333333333
0.346188256199,11.3333333333,15.25
0.306322291476,10.0833333333,14.75
0.367837712286,14.1666666667,16.75
0.320055604187,11.75,15.5833333333
0.340860404598,12.5,15.1666666667
0.35041716329,15.4166666667,19.0833333333
0.33265762269,12.25,17.75
0.3247931116,12.8333333333,17.3333333333
0.286429846066,8,13.25
0.343693741045,10.75,14.8333333333
0.298784769479,11.8333333333,18.5833333333
0.341403789698,12.8333333333,17.9166666667
0.360527711599,12.6666666667,18.75
0.26734392806,9.33333333333,14.0833333333
0.328816340093,9.58333333333,16.6666666667
0.292940787004,13.75,18
0.338269075471,10,14.6666666667
0.30086627335,13.25,18
0.374480740313,9.33333333333,15.5
0.273991198452,9.41666666667,14.5
0.33893513907,9.33333333333,16.25
0.305051951484,12,15.25
0.333437015225,9.91666666667,16.1666666667
0.346642005823,12.0833333333,16.9166666667
0.304619550501,15.25,18.75
0.288270349443,7.66666666667,13.9166666667
0.307222645678,10.75,14.9166666667
0.318578751216,13.0833333333,16.4166666667
0.335662019067,10.5833333333,14
0.365975298027,12.0833333333,16.8333333333
0.343480590894,10.8333333333,13.8333333333
0.296901488448,12.0833333333,14.5
0.341354637741,12.9166666667,19.25
0.295193280974,11.1666666667,16
0.331040922759,9.91666666667,16.6666666667
0.340570410916,16.5833333333,19.25
0.339343420083,17,18.9166666667
0.321371840385,12.25,16.6666666667
0.338349476501,15.5833333333,17.75
0.369703501827,12.1666666667,17.5833333333
0.320774089996,14.1666666667,19.3333333333
0.353270475517,10.75,14.8333333333
0.331011824683,14.4166666667,19.1666666667
0.284864985765,12.6666666667,16.3333333333
0.295553869742,13.8333333333,16.9166666667
0.342419926204,13.0833333333,16.4166666667
0.345867921657,9.41666666667,13.8333333333
0.30858245224,10.0833333333,15.0833333333
0.384394125489,12.75,16.9166666667
0.33551359466,14.6666666667,18.4166666667
0.345615654316,13.25,17.4166666667
0.347666194368,11.5833333333,16
0.309378371696,15.1666666667,18.3333333333
0.33591771495,10,14.3333333333
0.290736048292,11.3333333333,14.5
0.344753899782,11.6666666667,14.9166666667
0.355099088158,12.3333333333,16.8333333333
0.321367054347,13.1666666667,14.75
0.334693726297,12.3333333333,14.5
0.39262701563,14.5,19.8333333333
0.319874377259,17.9166666667,21.1666666667
0.278452204939,11.5,17.0833333333
0.325114673326,8.75,12
0.305241607834,11.6666666667,16.75
0.343385093716,9.91666666667,15.0833333333
0.279578203717,11.3333333333,14.5
0.327392019709,13.8333333333,15.5833333333
0.36982510548,10.0833333333,14.5833333333
0.366259153336,12,14.75
0.305792780013,14.5833333333,18.75
0.30885475171,13.4166666667,16.3333333333
0.331168054531,13.8333333333,19.8333333333
0.368272892863,11.6666666667,16.75
0.289521935748,8,14.5
0.323819257583,11.5833333333,15.6666666667
0.314309265827,10.75,13.8333333333
0.344802926778,9,14.25
0.358058203633,9.41666666667,13.25
0.341997067106,11.5833333333,14.9166666667
0.343370260162,12.6666666667,17
0.290279065276,15.5833333333,18.5
0.321246143884,12.6666666667,15.4166666667
0.32759049479,11.8333333333,14.5833333333
0.345785361779,13.3333333333,16
0.319238208657,8.25,12.6666666667
0.349745649994,15.75,19.75
0.278556769708,14.0833333333,15.8333333333
0.306529671433,9.16666666667,12.75
0.338794734875,14.4166666667,17.6666666667
0.276323731139,12.8333333333,17.5
0.368826281458,11.5833333333,17.1666666667
0.286633668617,18.4166666667,21.8333333333
0.303498442805,11.1666666667,14.8333333333
0.284606941191,13.75,16
0.284770449416,12.25,16.6666666667
0.3530815202,8.08333333333,13.6666666667
0.314622431583,12.9166666667,16.75
0.398719554791,10.8333333333,15.0833333333
0.348882605719,11.9166666667,15.4166666667
0.33341894306,13.9166666667,16.3333333333
0.333244654072,7.58333333333,11.6666666667
0.336693682387,9.58333333333,15.0833333333
0.345488663018,7.83333333333,12.9166666667
0.311400684942,13.0833333333,16.4166666667
0.308219144421,13.5833333333,16.9166666667
0.30622739901,11,16.5
0.365843879427,15.6666666667,18.5
0.318797291916,13.25,15.9166666667
0.332377104417,12.25,16.5
0.325164985463,14,19.0833333333
0.333807967258,11.75,16.4166666667
0.376644397619,12.6666666667,16.5833333333
0.325798862038,8.66666666667,11.4166666667
0.327400182621,13.9166666667,17
0.368400599887,9.08333333333,11.9166666667
0.371569100659,13.25,18
0.384485028469,11.6666666667,18.4166666667
0.326868115347,11.1666666667,15.5833333333
0.320931742603,9.66666666667,13.25
0.323171456032,11.25,18.3333333333
0.275039244685,9.33333333333,15
0.384827782281,11.1666666667,15.25
0.308685184596,8.66666666667,15.25
0.319984001493,13,17.1666666667
0.333361034192,13.5,17.1666666667
0.337235540429,8.08333333333,13.75
0.322828419745,13.1666666667,17.0833333333
0.357177309543,10.5,16.25
0.340850335629,10.75,14.9166666667
0.359417139637,10.5833333333,15.75
0.37105208694,12.75,16.5833333333
0.351809560378,12,17.5833333333
0.294513668401,10.3333333333,15.4166666667
0.286158430465,13.25,17.5833333333
0.285393198457,12.75,15.0833333333
0.306613866621,8.5,14.8333333333
0.391635507148,11.1666666667,13.9166666667
0.336965291006,9.25,15.3333333333
0.347945346862,11.75,15.6666666667
0.269750259153,14.8333333333,17.75
0.378861101043,10.9166666667,13.8333333333
0.33262606352,11.0833333333,15
0.319093379616,13.9166666667,16.0833333333
0.337431868506,14.8333333333,19.4166666667
0.305921612695,14.5833333333,18
0.27327579212,10.6666666667,15.3333333333
0.285840334634,11.5833333333,13.4166666667
0.354694986115,14.1666666667,20
0.330222873938,8.33333333333,14.4166666667
0.322914848297,9.75,12.5
0.307767914475,13,17.6666666667
0.382544994158,9,14
0.325698184446,12,16.1666666667
0.321642036503,9.08333333333,15.3333333333
0.359264929162,9.75,13.75
0.275230657426,12.5833333333,16.6666666667
0.323687744886,10.8333333333,18.0833333333
0.296771288965,9.33333333333,13.1666666667
0.357388979189,7.58333333333,12.1666666667
0.320214916043,15.3333333333,17.5
0.337564666426,10.1666666667,16.3333333333
0.328853283898,11.5,14.9166666667
0.317097987427,10.8333333333,15.9166666667
0.27977701349,6.91666666667,13.5833333333
0.336231034046,10.8333333333,15.5833333333
0.34524394615,12.5,15.9166666667
0.352857490557,14.6666666667,20.75
0.337302219266,12.3333333333,18.4166666667
0.379621621672,14.0833333333,19
0.292458541735,11.1666666667,15.9166666667
0.314604712071,14.3333333333,17.75
0.30949873034,9.5,16.5833333333
0.307783396544,14.8333333333,16.3333333333
0.390237144926,7.25,11.1666666667
0.357235611248,8,14.4166666667
0.385753869164,12.5833333333,18.5
0.334528173167,16.25,20.1666666667
0.260729119985,17.4166666667,19.3333333333
0.294907400192,10.25,13.75
0.284740021739,12.1666666667,16.0833333333
0.391052462182,13.0833333333,18.1666666667
0.356479384106,11.5,16.4166666667
0.319916221259,13.6666666667,17.3333333333
0.366652515924,11.75,15.4166666667
0.329776691299,12.4166666667,17.6666666667
0.314888542407,6.41666666667,12.4166666667
0.347896827471,8.58333333333,12.4166666667
0.325143135142,13.75,16.9166666667
0.34485908699,11.5,16
0.298666913793,11.75,16.9166666667
0.296978356654,11,15.25
0.339641247359,12.5,17.25
0.276638779162,7.16666666667,13.25
0.340148871112,13.0833333333,16.5833333333
0.379661763034,11.3333333333,14.5833333333
0.321571618359,9.5,15.25
0.312181684231,12.75,16.5
0.336925560795,9.08333333333,10.8333333333
0.378770782481,17.1666666667,19.25
0.330738462628,11.75,15.6666666667
0.356208848212,10,15.75
0.302051255757,11.75,17.4166666667
0.359222099398,8.75,12.4166666667
0.302320766399,10.5,13.8333333333
0.312068627773,12.6666666667,15.6666666667
0.359482484284,14.3333333333,18.8333333333
0.321617978698,14.4166666667,17.75
0.319847780355,10.4166666667,14.75
0.34969377433,16.0833333333,19.9166666667
0.346006994578,12.75,17
0.311386760046,14.5,16.9166666667
0.316675108005,8.91666666667,12.9166666667
0.347325203686,11.3333333333,14.8333333333
0.309608772446,12.8333333333,18.0833333333
0.283987648017,11.6666666667,15.8333333333
0.351283292801,5.66666666667,11.1666666667
0.303807623962,13.6666666667,18.3333333333
0.290296714447,10.75,15.0833333333
0.371407869008,7.33333333333,13.75
0.317892783979,12.1666666667,15.0833333333
0.349953714785,10.1666666667,14.6666666667
0.359762983633,12.6666666667,16.8333333333
0.320300488289,10.5,15.1666666667
0.315956744857,12.3333333333,15.9166666667
0.353886814943,14.3333333333,17.0833333333
0.312097671803,9.66666666667,14.0833333333
0.297700163616,11.5833333333,16.8333333333
0.303488458635,8.91666666667,12.75
0.275030207729,15.5,20.9166666667
0.277748580877,15,17.8333333333
0.290601705868,11.9166666667,14.0833333333
0.331612327036,14.5,19.1666666667
0.342415909303,11.1666666667,15.25
0.351144758463,9.66666666667,15.3333333333
0.285105935238,13.25,15.9166666667
0.325116971751,11.4166666667,14.9166666667
0.327781958888,12.6666666667,16.5
0.341772740807,12.5833333333,13.9166666667
0.358912507551,11.6666666667,18.75
0.273930131976,11.75,15.1666666667
0.354028126928,12.75,15.4166666667
0.340468043455,11.75,16.75
0.345271589751,17.4166666667,19.8333333333
0.344305716518,9.83333333333,15
0.291205285879,11.8333333333,15.5
0.315283800188,10.25,14
0.349607630959,11.1666666667,15.8333333333
0.307585361669,10.3333333333,13.5833333333
0.308351538516,6.91666666667,12.75
0.335321777767,15.3333333333,22.1666666667
0.383967086663,12.75,15.6666666667
0.279609552439,8.25,12.9166666667
0.33745199954,13.3333333333,18.1666666667
0.348871896588,13.4166666667,16.1666666667
0.302688009853,13.5833333333,18.4166666667
0.323991812498,13.8333333333,18.5
0.358560936697,11.8333333333,14.8333333333
0.299719286642,13.5833333333,17.5
0.360296998613,15.9166666667,21.0833333333
0.30575897452,11.25,17.5
0.374754001873,12.0833333333,18
0.304859595811,12.1666666667,15.3333333333
0.307962064825,9.66666666667,17.0833333333
0.309992330323,12.9166666667,18.8333333333
0.329899911961,10.5833333333,15.0833333333
0.323211838541,12.1666666667,15.8333333333
0.331823794593,11.5833333333,14.5
0.346541968553,12.8333333333,17.75
0.31060455783,13.1666666667,16.5
0.335938247584,10.8333333333,17.3333333333
0.380510483329,11.1666666667,15.3333333333
0.30363641554,8.91666666667,13.6666666667
0.388925360381,12.1666666667,16.5833333333
0.263918360278,16.3333333333,17.5
0.339440318191,13,16.4166666667
0.324040294259,9.91666666667,14.6666666667
0.425311893486,9.91666666667,15.4166666667
0.281740751234,14.9166666667,19.5
0.314477186974,11.3333333333,16.6666666667
0.292193662645,10.3333333333,15.4166666667
0.353786961196,7.5,13.5
0.312042935493,9.41666666667,14.75
0.33953510459,13.5,15.9166666667
0.345625894583,10.5,18.3333333333
0.361358205026,14.9166666667,19.3333333333
0.359160005083,9.08333333333,14.8333333333
0.334492233842,13.75,17
0.325223665057,16.25,19.25
0.325892703563,11.1666666667,15.0833333333
0.323095775544,11,15.0833333333
0.312753050656,11.8333333333,15.75
0.322689703772,10.5,14.6666666667
0.323181269486,14.5833333333,17.1666666667
0.344623306091,16.1666666667,20.1666666667
0.322205603236,12.4166666667,16.8333333333
0.292397660819,11.5,16
0.327817500454,13.3333333333,18.0833333333
0.339186352939,13.5833333333,15.75
0.392695971681,9,12.0833333333
0.361667312578,9.25,14.0833333333
0.311953686216,9.41666666667,13.9166666667
0.328003241605,14.8333333333,20.6666666667
0.333128975885,16.9166666667,19.6666666667
0.324147731784,13.6666666667,18
0.345777512259,13.4166666667,18.4166666667
0.282969680783,13.5,17.6666666667
0.28191891954,10.75,16.3333333333
0.352150649173,12.1666666667,16
0.286109433122,11.3333333333,18.1666666667
0.337027961043,11.3333333333,14.4166666667
0.319668722577,13.5,17.9166666667
0.342741475822,9.66666666667,14.1666666667
0.302065700604,14.9166666667,18.5833333333
0.343847475939,12.5833333333,16.9166666667
0.347210583358,10.5,15.6666666667
0.325922148871,11,15.5833333333
0.383734048053,8.83333333333,14.3333333333
0.334976190175,8.58333333333,14.5833333333
0.323642637508,13.4166666667,18.5833333333
0.32580610101,11.8333333333,16.5833333333
0.331934808307,14.9166666667,18.8333333333
0.329192488474,9,13.4166666667
0.272033240205,11.5,17
0.309792359753,13.25,17.0833333333
0.3452384703,11.9166666667,16.25
0.411369472649,14.75,19
0.368261599763,12.5833333333,16.4166666667
0.286892825761,11.6666666667,16.5
0.321520055792,15.5,20.5833333333
0.371801516297,12.75,15.0833333333
0.363845862635,12.5833333333,13.6666666667
0.333545218474,13.25,18.0833333333
0.349017440033,14.9166666667,18.6666666667
0.303184717192,13.0833333333,16
0.361202260838,11.9166666667,14.9166666667
0.395774662563,13.75,18.25
0.336225485416,10.3333333333,16.5833333333
0.287982383337,9.75,17.5
0.38087470111,13.9166666667,20
0.348491860656,15.0833333333,17.9166666667
0.366744978955,10.1666666667,15.25
0.330334510522,11.5833333333,16.8333333333
0.295362048044,13.0833333333,18.4166666667
0.362233464636,8.66666666667,13.5
0.372184465213,14.0833333333,19.6666666667
0.291146144729,13.1666666667,15.4166666667
0.298824447487,13.25,16.8333333333
0.355074046781,6.41666666667,11.4166666667
0.377471608593,13,18.8333333333
0.344637221706,11.75,15.4166666667
0.317337581486,9.41666666667,12.8333333333
0.36380185769,10.1666666667,13.0833333333
0.317597912397,11.1666666667,16.25
0.342417434347,10.4166666667,15
0.314478213002,15.1666666667,18.5833333333
0.347281907375,14.5833333333,17.5833333333
0.339007549935,11.8333333333,17
0.30011664882,9.75,16.5
0.355944320782,14.4166666667,19
0.337150621307,15.25,19
0.384592400103,16.25,19.75
0.355687188691,10.5833333333,17
0.32741123257,13,18.0833333333
0.286666923475,9.91666666667,16.6666666667
0.325846048808,14.3333333333,15.75
0.355235811351,14.9166666667,19.4166666667
0.332832941026,10.75,17.5
0.306328635982,9.41666666667,13.8333333333
0.324359674264,12.0833333333,17
0.312911423052,12.5833333333,18.5
0.308537220249,13.4166666667,17.9166666667
0.285676073291,11.4166666667,14.1666666667
0.364753403523,12.3333333333,15.75
0.34346884657,9,17.1666666667
0.376323258337,8,13.0833333333
0.324714383471,14.8333333333,18.3333333333
0.332433791342,11.1666666667,17.4166666667
0.323769238407,8.66666666667,14.5833333333
0.388402185991,11.8333333333,19.25
0.350350099588,10.3333333333,14.6666666667
0.335402500994,14.4166666667,17.6666666667
0.375974547095,15.9166666667,19.5
0.365573098677,9.08333333333,10.8333333333
0.335070457188,13,16.8333333333
0.327662845388,10.75,14
0.362220394787,11.8333333333,18.5833333333
0.341624797518,12.5833333333,16.1666666667
0.388235966419,15.5833333333,20.25
0.313776400463,14.9166666667,17.6666666667
0.366995631907,11.25,15.9166666667
0.34146074944,13.1666666667,15.3333333333
0.28535137927,18.5833333333,21.9166666667
0.339504962513,14.1666666667,16.4166666667
0.338798311427,14.75,17.4166666667
0.342160457816,15.0833333333,20.3333333333
0.329806371362,11.0833333333,16.4166666667
0.347169619603,14.0833333333,16.5833333333
0.351909560162,7.66666666667,14.9166666667
0.383658557127,10.4166666667,15.3333333333
0.387291416891,14.5833333333,17
0.312767872889,10,15.25
0.321470783288,12,14.6666666667
0.309837226595,9.58333333333,14.9166666667
0.322310713034,13.0833333333,16.4166666667
0.315836474076,10,15.1666666667
0.330882629651,12.0833333333,15.1666666667
0.324058205077,16.4166666667,17.4166666667
0.361247142419,10.5833333333,13.4166666667
0.332016978211,10.1666666667,16.25
0.242902087286,16.5833333333,17.75
0.33728979189,12.1666666667,16.5833333333
0.389040057738,12.4166666667,17
0.311567162263,8.83333333333,12.25
0.391514260049,10.25,15.0833333333
0.345785808877,13.9166666667,17.5833333333
0.365424117419,15.4166666667,17.3333333333
0.322638894504,13.8333333333,18.25
0.347471496586,6.83333333333,14.0833333333
0.318560156055,12.0833333333,14.75
0.37209793552,11.6666666667,18.1666666667
0.353188159818,9.25,14.5833333333
0.362870379007,9.16666666667,14.5
0.330082800541,11.9166666667,17.25
0.333875694576,9.58333333333,12.9166666667
0.329301729735,9.75,14.5833333333
0.330358226903,9.33333333333,17.6666666667
0.346106979408,13.3333333333,17.6666666667
0.379845055953,10.5,17.25
0.315482618308,12.75,18.5833333333
0.329710266256,13.25,17.25
0.335254322457,8.75,11.9166666667
0.337475221378,11.6666666667,15.6666666667
0.331232750912,10.6666666667,15.25
0.309669804531,12.5,15.5833333333
0.380668948545,8.75,15.1666666667
0.295425314884,9.83333333333,13.75
0.295566666566,14.8333333333,18.4166666667
0.393295838606,9.41666666667,14
0.329664830871,15,21
0.326931078411,12.1666666667,15.0833333333
0.341239529266,10.6666666667,16.4166666667
0.282500909687,15.1666666667,16.9166666667
0.362351597415,15.3333333333,16.9166666667
0.335643832305,16.75,19.0833333333
0.320084544798,8.08333333333,15
0.32418206507,15.1666666667,17.9166666667
0.347787091864,12.0833333333,16.5
0.319078013309,16.9166666667,22
0.281014474009,13.0833333333,14.5
0.340780154265,11.0833333333,17.25
0.352977055095,11.25,16.0833333333
0.322766093403,10.3333333333,14.3333333333
0.335510212828,11.25,14.4166666667
0.326948277481,12.5833333333,17.0833333333
0.33613392885,8.25,13.3333333333
0.346231354785,13.0833333333,17.0833333333
0.304963211429,11.8333333333,15.8333333333
0.28778985392,10.3333333333,13.9166666667
0.395567163056,12.75,17.75
0.358816492718,13.4166666667,20.3333333333
0.356526896243,12.4166666667,16.8333333333
0.361308247902,12.75,16.5833333333
0.303462169126,10,14.9166666667
0.270178662642,8.5,13.75
0.325416365999,15.8333333333,18.1666666667
0.359091644279,12.3333333333,15.5
0.291609139645,11.0833333333,15.4166666667
0.329795657408,11.75,13.0833333333
0.379035759289,11.75,16.25
0.354721248121,14.1666666667,15.9166666667
0.343159392263,8.91666666667,15.5833333333
0.293339227085,15.5833333333,19.75
0.315409833602,11,13.0833333333
0.353757213238,13.8333333333,18.75
0.350508011173,12.0833333333,16
0.340617245672,9.91666666667,13.5
0.326970422521,7.33333333333,15
0.294193740064,11.75,16.3333333333
0.373723781452,11.8333333333,15.8333333333
0.349444274498,11.3333333333,15.25
0.397413975121,11.25,16.3333333333
0.369739911048,11.4166666667,16.6666666667
0.326786706317,8.16666666667,11.6666666667
0.363399340326,10.1666666667,17.25
0.370314608496,12.0833333333,16.75
0.364303959132,8.91666666667,14
0.327623753431,10.75,16.3333333333
0.368844578462,13.3333333333,16.1666666667
0.326575417756,12.3333333333,18.0833333333
0.3091588661,8.5,14.8333333333
0.263605427136,10.75,15
0.319606979448,10.4166666667,14.9166666667
0.378590806593,12.75,19.0833333333
0.3224526041,9.91666666667,17.25
0.362063468042,12.1666666667,14.5833333333
0.33237118615,13.6666666667,18.4166666667
0.344178375179,10.8333333333,17.1666666667
0.344748851715,10.9166666667,17.6666666667
0.345542609705,12.0833333333,16.6666666667
0.335692519414,11.75,17.3333333333
0.321013590104,9.66666666667,13.8333333333
0.312269432588,10.9166666667,15.6666666667
0.289100210857,11.9166666667,16.8333333333
0.334859603285,12.4166666667,18.8333333333
0.303183491232,11.4166666667,15.25
0.31660308156,9.41666666667,13.9166666667
0.34370334346,9.08333333333,12.0833333333
0.309832982274,10.5833333333,16.75
0.348195641593,11.0833333333,15.4166666667
0.310468801921,12.9166666667,17.5833333333
0.371228119906,15.4166666667,18.9166666667
0.371624863192,9.75,16.6666666667
0.394545976893,12.0833333333,16.4166666667
0.340353425321,10.9166666667,13.9166666667
0.325548723099,8.41666666667,12.8333333333
0.369281091472,14.0833333333,18.3333333333
0.279163518002,12.5833333333,14.5833333333
0.350037443137,6.83333333333,14.8333333333
0.323814829334,10.3333333333,14.75
0.343044334861,10.4166666667,16.9166666667
0.348340915235,12.1666666667,16.8333333333
0.347835983481,14.6666666667,18.9166666667
0.326999717944,12.75,16.5833333333
0.360664330924,16.6666666667,20.0833333333
0.334913249595,13.0833333333,16.25
0.351007248423,16.8333333333,19.4166666667
0.384905052842,12.0833333333,17
0.341218933909,11.5,15.75
0.360457053302,13.6666666667,19.1666666667
0.337720620826,11.4166666667,15.4166666667
0.358601376769,10.5833333333,15.25
0.243120386495,13.3333333333,17
0.300263346999,14.8333333333,20.3333333333
0.308649763882,13.3333333333,18.75
0.381278175072,13.6666666667,17.3333333333
0.295158507021,11.6666666667,16.0833333333
0.296869766402,17.0833333333,21
0.322945803622,15.0833333333,16.9166666667
0.294315191802,10.3333333333,13.0833333333
0.359306430372,16.5833333333,19.4166666667
0.344982305788,9.33333333333,14
0.323721430534,10,15.25
0.331358102687,13.25,16.4166666667
