model,repeat_seed,arm,target,hate_n,recall,original_analysis_recall,original_csv_recall,max_abs_difference
kcelectra,20260901,S,gender,232,0.5818965517241379,0.5818965517241379,0.5818965517241379,0
kcelectra,20260901,S,age,102,0.56862745098039214,0.56862745098039214,0.56862745098039214,0
kcelectra,20260901,S,race_or_region_of_origin,893,0.66629339305711088,0.66629339305711088,0.66629339305711088,0
kcelectra,20260901,S,religion,46,0.65217391304347827,0.65217391304347827,0.65217391304347827,0
kcelectra,20260901,S,politics,1790,0.47541899441340785,0.47541899441340785,0.47541899441340785,0
kcelectra,20260901,S,occupation,365,0.36986301369863012,0.36986301369863012,0.36986301369863012,0
kcelectra,20260901,S,disability,99,0.5252525252525253,0.5252525252525253,0.5252525252525253,0
kcelectra,20260901,L,gender,232,0.56896551724137934,0.56896551724137934,0.56896551724137934,0
kcelectra,20260901,L,age,102,0.66666666666666663,0.66666666666666663,0.66666666666666663,0
kcelectra,20260901,L,race_or_region_of_origin,893,0.87346024636058228,0.87346024636058228,0.87346024636058228,0
kcelectra,20260901,L,religion,46,0.80434782608695654,0.80434782608695654,0.80434782608695654,0
kcelectra,20260901,L,politics,1790,0.79776536312849167,0.79776536312849167,0.79776536312849167,0
kcelectra,20260901,L,occupation,365,0.61643835616438358,0.61643835616438358,0.61643835616438358,0
kcelectra,20260901,L,disability,99,0.59595959595959591,0.59595959595959591,0.59595959595959591,0
kcelectra,20260901,W,gender,232,0.68965517241379315,0.68965517241379315,0.68965517241379315,0
kcelectra,20260901,W,age,102,0.74509803921568629,0.74509803921568629,0.74509803921568629,0
kcelectra,20260901,W,race_or_region_of_origin,893,0.78387458006718924,0.78387458006718924,0.78387458006718924,0
kcelectra,20260901,W,religion,46,0.63043478260869568,0.63043478260869568,0.63043478260869568,0
kcelectra,20260901,W,politics,1790,0.70223463687150833,0.70223463687150833,0.70223463687150833,0
kcelectra,20260901,W,occupation,365,0.59452054794520548,0.59452054794520548,0.59452054794520548,0
kcelectra,20260901,W,disability,99,0.70707070707070707,0.70707070707070707,0.70707070707070707,0
kcelectra,20260901,P,gender,232,0.051724137931034482,0.051724137931034482,0.051724137931034482,0
kcelectra,20260901,P,age,102,0.12745098039215685,0.12745098039215685,0.12745098039215685,0
kcelectra,20260901,P,race_or_region_of_origin,893,0.086226203807390822,0.086226203807390822,0.086226203807390822,0
kcelectra,20260901,P,religion,46,0.10869565217391304,0.10869565217391304,0.10869565217391304,0
kcelectra,20260901,P,politics,1790,0.070391061452513962,0.070391061452513962,0.070391061452513962,0
kcelectra,20260901,P,occupation,365,0.063013698630136991,0.063013698630136991,0.063013698630136991,0
kcelectra,20260901,P,disability,99,0.070707070707070704,0.070707070707070704,0.070707070707070704,0
kcelectra,20260902,S,gender,232,0.73706896551724133,0.73706896551724133,0.73706896551724133,0
kcelectra,20260902,S,age,102,0.69607843137254899,0.69607843137254899,0.69607843137254899,0
kcelectra,20260902,S,race_or_region_of_origin,893,0.72340425531914898,0.72340425531914898,0.72340425531914898,0
kcelectra,20260902,S,religion,46,0.71739130434782605,0.71739130434782605,0.71739130434782605,0
kcelectra,20260902,S,politics,1790,0.6061452513966481,0.6061452513966481,0.6061452513966481,0
kcelectra,20260902,S,occupation,365,0.54794520547945202,0.54794520547945202,0.54794520547945202,0
kcelectra,20260902,S,disability,99,0.58585858585858586,0.58585858585858586,0.58585858585858586,0
kcelectra,20260902,L,gender,232,0.5431034482758621,0.5431034482758621,0.5431034482758621,0
kcelectra,20260902,L,age,102,0.56862745098039214,0.56862745098039214,0.56862745098039214,0
kcelectra,20260902,L,race_or_region_of_origin,893,0.82754759238521836,0.82754759238521836,0.82754759238521836,0
kcelectra,20260902,L,religion,46,0.60869565217391308,0.60869565217391308,0.60869565217391308,0
kcelectra,20260902,L,politics,1790,0.7787709497206704,0.7787709497206704,0.7787709497206704,0
kcelectra,20260902,L,occupation,365,0.55890410958904113,0.55890410958904113,0.55890410958904113,0
kcelectra,20260902,L,disability,99,0.47474747474747475,0.47474747474747475,0.47474747474747475,0
kcelectra,20260902,W,gender,232,0.7931034482758621,0.7931034482758621,0.7931034482758621,0
kcelectra,20260902,W,age,102,0.76470588235294112,0.76470588235294112,0.76470588235294112,0
kcelectra,20260902,W,race_or_region_of_origin,893,0.79059350503919368,0.79059350503919368,0.79059350503919368,0
kcelectra,20260902,W,religion,46,0.71739130434782605,0.71739130434782605,0.71739130434782605,0
kcelectra,20260902,W,politics,1790,0.74692737430167599,0.74692737430167599,0.74692737430167599,0
kcelectra,20260902,W,occupation,365,0.73150684931506849,0.73150684931506849,0.73150684931506849,0
kcelectra,20260902,W,disability,99,0.71717171717171713,0.71717171717171713,0.71717171717171713,0
kcelectra,20260902,P,gender,232,0.71551724137931039,0.71551724137931039,0.71551724137931039,0
kcelectra,20260902,P,age,102,0.66666666666666663,0.66666666666666663,0.66666666666666663,0
kcelectra,20260902,P,race_or_region_of_origin,893,0.66629339305711088,0.66629339305711088,0.66629339305711088,0
kcelectra,20260902,P,religion,46,0.69565217391304346,0.69565217391304346,0.69565217391304346,0
kcelectra,20260902,P,politics,1790,0.68715083798882681,0.68715083798882681,0.68715083798882681,0
kcelectra,20260902,P,occupation,365,0.66301369863013704,0.66301369863013704,0.66301369863013704,0
kcelectra,20260902,P,disability,99,0.60606060606060608,0.60606060606060608,0.60606060606060608,0
kcelectra,20260903,S,gender,232,0.48275862068965519,0.48275862068965519,0.48275862068965519,0
kcelectra,20260903,S,age,102,0.40196078431372551,0.40196078431372551,0.40196078431372551,0
kcelectra,20260903,S,race_or_region_of_origin,893,0.50839865621500557,0.50839865621500557,0.50839865621500557,0
kcelectra,20260903,S,religion,46,0.36956521739130432,0.36956521739130432,0.36956521739130432,0
kcelectra,20260903,S,politics,1790,0.35195530726256985,0.35195530726256985,0.35195530726256985,0
kcelectra,20260903,S,occupation,365,0.28493150684931506,0.28493150684931506,0.28493150684931506,0
kcelectra,20260903,S,disability,99,0.42424242424242425,0.42424242424242425,0.42424242424242425,0
kcelectra,20260903,L,gender,232,0.64655172413793105,0.64655172413793105,0.64655172413793105,0
kcelectra,20260903,L,age,102,0.76470588235294112,0.76470588235294112,0.76470588235294112,0
kcelectra,20260903,L,race_or_region_of_origin,893,0.88689809630459127,0.88689809630459127,0.88689809630459127,0
kcelectra,20260903,L,religion,46,0.76086956521739135,0.76086956521739135,0.76086956521739135,0
kcelectra,20260903,L,politics,1790,0.84748603351955309,0.84748603351955309,0.84748603351955309,0
kcelectra,20260903,L,occupation,365,0.72602739726027399,0.72602739726027399,0.72602739726027399,0
kcelectra,20260903,L,disability,99,0.61616161616161613,0.61616161616161613,0.61616161616161613,0
kcelectra,20260903,W,gender,232,0.86637931034482762,0.86637931034482762,0.86637931034482762,0
kcelectra,20260903,W,age,102,0.87254901960784315,0.87254901960784315,0.87254901960784315,0
kcelectra,20260903,W,race_or_region_of_origin,893,0.8600223964165733,0.8600223964165733,0.8600223964165733,0
kcelectra,20260903,W,religion,46,0.76086956521739135,0.76086956521739135,0.76086956521739135,0
kcelectra,20260903,W,politics,1790,0.77765363128491616,0.77765363128491616,0.77765363128491616,0
kcelectra,20260903,W,occupation,365,0.76438356164383559,0.76438356164383559,0.76438356164383559,0
kcelectra,20260903,W,disability,99,0.78787878787878785,0.78787878787878785,0.78787878787878785,0
kcelectra,20260903,P,gender,232,0,0,0,0
kcelectra,20260903,P,age,102,0,0,0,0
kcelectra,20260903,P,race_or_region_of_origin,893,0,0,0,0
kcelectra,20260903,P,religion,46,0,0,0,0
kcelectra,20260903,P,politics,1790,0,0,0,0
kcelectra,20260903,P,occupation,365,0,0,0,0
kcelectra,20260903,P,disability,99,0,0,0,0
kcelectra,20260904,S,gender,232,0.65086206896551724,0.65086206896551724,0.65086206896551724,0
kcelectra,20260904,S,age,102,0.49019607843137253,0.49019607843137253,0.49019607843137253,0
kcelectra,20260904,S,race_or_region_of_origin,893,0.48264277715565512,0.48264277715565512,0.48264277715565512,0
kcelectra,20260904,S,religion,46,0.54347826086956519,0.54347826086956519,0.54347826086956519,0
kcelectra,20260904,S,politics,1790,0.41564245810055866,0.41564245810055866,0.41564245810055866,0
kcelectra,20260904,S,occupation,365,0.33150684931506852,0.33150684931506852,0.33150684931506852,0
kcelectra,20260904,S,disability,99,0.51515151515151514,0.51515151515151514,0.51515151515151514,0
kcelectra,20260904,L,gender,232,0.43534482758620691,0.43534482758620691,0.43534482758620691,0
kcelectra,20260904,L,age,102,0.47058823529411764,0.47058823529411764,0.47058823529411764,0
kcelectra,20260904,L,race_or_region_of_origin,893,0.7592385218365062,0.7592385218365062,0.7592385218365062,0
kcelectra,20260904,L,religion,46,0.60869565217391308,0.60869565217391308,0.60869565217391308,0
kcelectra,20260904,L,politics,1790,0.76648044692737427,0.76648044692737427,0.76648044692737427,0
kcelectra,20260904,L,occupation,365,0.53424657534246578,0.53424657534246578,0.53424657534246578,0
kcelectra,20260904,L,disability,99,0.46464646464646464,0.46464646464646464,0.46464646464646464,0
kcelectra,20260904,W,gender,232,0.48706896551724138,0.48706896551724138,0.48706896551724138,0
kcelectra,20260904,W,age,102,0.38235294117647056,0.38235294117647056,0.38235294117647056,0
kcelectra,20260904,W,race_or_region_of_origin,893,0.38185890257558791,0.38185890257558791,0.38185890257558791,0
kcelectra,20260904,W,religion,46,0.28260869565217389,0.28260869565217389,0.28260869565217389,0
kcelectra,20260904,W,politics,1790,0.29608938547486036,0.29608938547486036,0.29608938547486036,0
kcelectra,20260904,W,occupation,365,0.18630136986301371,0.18630136986301371,0.18630136986301371,0
kcelectra,20260904,W,disability,99,0.37373737373737376,0.37373737373737376,0.37373737373737376,0
kcelectra,20260904,P,gender,232,0.051724137931034482,0.051724137931034482,0.051724137931034482,0
kcelectra,20260904,P,age,102,0.029411764705882353,0.029411764705882353,0.029411764705882353,0
kcelectra,20260904,P,race_or_region_of_origin,893,0.064949608062709968,0.064949608062709968,0.064949608062709968,0
kcelectra,20260904,P,religion,46,0,0,0,0
kcelectra,20260904,P,politics,1790,0.076536312849162014,0.076536312849162014,0.076536312849162014,0
kcelectra,20260904,P,occupation,365,0.041095890410958902,0.041095890410958902,0.041095890410958902,0
kcelectra,20260904,P,disability,99,0.010101010101010102,0.010101010101010102,0.010101010101010102,0
kcelectra,20260905,S,gender,232,0.48706896551724138,0.48706896551724138,0.48706896551724138,0
kcelectra,20260905,S,age,102,0.39215686274509803,0.39215686274509803,0.39215686274509803,0
kcelectra,20260905,S,race_or_region_of_origin,893,0.45240761478163494,0.45240761478163494,0.45240761478163494,0
kcelectra,20260905,S,religion,46,0.32608695652173914,0.32608695652173914,0.32608695652173914,0
kcelectra,20260905,S,politics,1790,0.32905027932960895,0.32905027932960895,0.32905027932960895,0
kcelectra,20260905,S,occupation,365,0.22739726027397261,0.22739726027397261,0.22739726027397261,0
kcelectra,20260905,S,disability,99,0.42424242424242425,0.42424242424242425,0.42424242424242425,0
kcelectra,20260905,L,gender,232,0.49137931034482757,0.49137931034482757,0.49137931034482757,0
kcelectra,20260905,L,age,102,0.48039215686274511,0.48039215686274511,0.48039215686274511,0
kcelectra,20260905,L,race_or_region_of_origin,893,0.87346024636058228,0.87346024636058228,0.87346024636058228,0
kcelectra,20260905,L,religion,46,0.73913043478260865,0.73913043478260865,0.73913043478260865,0
kcelectra,20260905,L,politics,1790,0.75027932960893851,0.75027932960893851,0.75027932960893851,0
kcelectra,20260905,L,occupation,365,0.44657534246575342,0.44657534246575342,0.44657534246575342,0
kcelectra,20260905,L,disability,99,0.45454545454545453,0.45454545454545453,0.45454545454545453,0
kcelectra,20260905,W,gender,232,0.7931034482758621,0.7931034482758621,0.7931034482758621,0
kcelectra,20260905,W,age,102,0.76470588235294112,0.76470588235294112,0.76470588235294112,0
kcelectra,20260905,W,race_or_region_of_origin,893,0.75475923852183646,0.75475923852183646,0.75475923852183646,0
kcelectra,20260905,W,religion,46,0.78260869565217395,0.78260869565217395,0.78260869565217395,0
kcelectra,20260905,W,politics,1790,0.67597765363128492,0.67597765363128492,0.67597765363128492,0
kcelectra,20260905,W,occupation,365,0.63561643835616444,0.63561643835616444,0.63561643835616444,0
kcelectra,20260905,W,disability,99,0.70707070707070707,0.70707070707070707,0.70707070707070707,0
kcelectra,20260905,P,gender,232,0.57327586206896552,0.57327586206896552,0.57327586206896552,0
kcelectra,20260905,P,age,102,0.60784313725490191,0.60784313725490191,0.60784313725490191,0
kcelectra,20260905,P,race_or_region_of_origin,893,0.65957446808510634,0.65957446808510634,0.65957446808510634,0
kcelectra,20260905,P,religion,46,0.52173913043478259,0.52173913043478259,0.52173913043478259,0
kcelectra,20260905,P,politics,1790,0.59385474860335197,0.59385474860335197,0.59385474860335197,0
kcelectra,20260905,P,occupation,365,0.60821917808219184,0.60821917808219184,0.60821917808219184,0
kcelectra,20260905,P,disability,99,0.58585858585858586,0.58585858585858586,0.58585858585858586,0
kcelectra,20260906,S,gender,232,0.27586206896551724,0.27586206896551724,0.27586206896551724,0
kcelectra,20260906,S,age,102,0.25490196078431371,0.25490196078431371,0.25490196078431371,0
kcelectra,20260906,S,race_or_region_of_origin,893,0.32138857782754759,0.32138857782754759,0.32138857782754759,0
kcelectra,20260906,S,religion,46,0.19565217391304349,0.19565217391304349,0.19565217391304349,0
kcelectra,20260906,S,politics,1790,0.22681564245810057,0.22681564245810057,0.22681564245810057,0
kcelectra,20260906,S,occupation,365,0.15342465753424658,0.15342465753424658,0.15342465753424658,0
kcelectra,20260906,S,disability,99,0.28282828282828282,0.28282828282828282,0.28282828282828282,0
kcelectra,20260906,L,gender,232,0.37068965517241381,0.37068965517241381,0.37068965517241381,0
kcelectra,20260906,L,age,102,0.44117647058823528,0.44117647058823528,0.44117647058823528,0
kcelectra,20260906,L,race_or_region_of_origin,893,0.72340425531914898,0.72340425531914898,0.72340425531914898,0
kcelectra,20260906,L,religion,46,0.58695652173913049,0.58695652173913049,0.58695652173913049,0
kcelectra,20260906,L,politics,1790,0.71899441340782122,0.71899441340782122,0.71899441340782122,0
kcelectra,20260906,L,occupation,365,0.47397260273972602,0.47397260273972602,0.47397260273972602,0
kcelectra,20260906,L,disability,99,0.33333333333333331,0.33333333333333331,0.33333333333333331,0
kcelectra,20260906,W,gender,232,0.28879310344827586,0.28879310344827586,0.28879310344827586,0
kcelectra,20260906,W,age,102,0.28431372549019607,0.28431372549019607,0.28431372549019607,0
kcelectra,20260906,W,race_or_region_of_origin,893,0.30907054871220607,0.30907054871220607,0.30907054871220607,0
kcelectra,20260906,W,religion,46,0.32608695652173914,0.32608695652173914,0.32608695652173914,0
kcelectra,20260906,W,politics,1790,0.24972067039106144,0.24972067039106144,0.24972067039106144,0
kcelectra,20260906,W,occupation,365,0.15890410958904111,0.15890410958904111,0.15890410958904111,0
kcelectra,20260906,W,disability,99,0.27272727272727271,0.27272727272727271,0.27272727272727271,0
kcelectra,20260906,P,gender,232,0.060344827586206899,0.060344827586206899,0.060344827586206899,0
kcelectra,20260906,P,age,102,0.10784313725490197,0.10784313725490197,0.10784313725490197,0
kcelectra,20260906,P,race_or_region_of_origin,893,0.094064949608062706,0.094064949608062706,0.094064949608062706,0
kcelectra,20260906,P,religion,46,0.10869565217391304,0.10869565217391304,0.10869565217391304,0
kcelectra,20260906,P,politics,1790,0.080446927374301674,0.080446927374301674,0.080446927374301674,0
kcelectra,20260906,P,occupation,365,0.06575342465753424,0.06575342465753424,0.06575342465753424,0
kcelectra,20260906,P,disability,99,0.080808080808080815,0.080808080808080815,0.080808080808080815,0
kcelectra,20260907,S,gender,232,0.80603448275862066,0.80603448275862066,0.80603448275862066,0
kcelectra,20260907,S,age,102,0.80392156862745101,0.80392156862745101,0.80392156862745101,0
kcelectra,20260907,S,race_or_region_of_origin,893,0.7928331466965286,0.7928331466965286,0.7928331466965286,0
kcelectra,20260907,S,religion,46,0.67391304347826086,0.67391304347826086,0.67391304347826086,0
kcelectra,20260907,S,politics,1790,0.73016759776536311,0.73016759776536311,0.73016759776536311,0
kcelectra,20260907,S,occupation,365,0.66301369863013704,0.66301369863013704,0.66301369863013704,0
kcelectra,20260907,S,disability,99,0.73737373737373735,0.73737373737373735,0.73737373737373735,0
kcelectra,20260907,L,gender,232,0.60775862068965514,0.60775862068965514,0.60775862068965514,0
kcelectra,20260907,L,age,102,0.67647058823529416,0.67647058823529416,0.67647058823529416,0
kcelectra,20260907,L,race_or_region_of_origin,893,0.90593505039193734,0.90593505039193734,0.90593505039193734,0
kcelectra,20260907,L,religion,46,0.73913043478260865,0.73913043478260865,0.73913043478260865,0
kcelectra,20260907,L,politics,1790,0.91396648044692741,0.91396648044692741,0.91396648044692741,0
kcelectra,20260907,L,occupation,365,0.66849315068493154,0.66849315068493154,0.66849315068493154,0
kcelectra,20260907,L,disability,99,0.61616161616161613,0.61616161616161613,0.61616161616161613,0
kcelectra,20260907,W,gender,232,0.83620689655172409,0.83620689655172409,0.83620689655172409,0
kcelectra,20260907,W,age,102,0.84313725490196079,0.84313725490196079,0.84313725490196079,0
kcelectra,20260907,W,race_or_region_of_origin,893,0.86674132138857785,0.86674132138857785,0.86674132138857785,0
kcelectra,20260907,W,religion,46,0.73913043478260865,0.73913043478260865,0.73913043478260865,0
kcelectra,20260907,W,politics,1790,0.88044692737430164,0.88044692737430164,0.88044692737430164,0
kcelectra,20260907,W,occupation,365,0.80273972602739729,0.80273972602739729,0.80273972602739729,0
kcelectra,20260907,W,disability,99,0.82828282828282829,0.82828282828282829,0.82828282828282829,0
kcelectra,20260907,P,gender,232,0.68103448275862066,0.68103448275862066,0.68103448275862066,0
kcelectra,20260907,P,age,102,0.68627450980392157,0.68627450980392157,0.68627450980392157,0
kcelectra,20260907,P,race_or_region_of_origin,893,0.62486002239641658,0.62486002239641658,0.62486002239641658,0
kcelectra,20260907,P,religion,46,0.58695652173913049,0.58695652173913049,0.58695652173913049,0
kcelectra,20260907,P,politics,1790,0.66424581005586592,0.66424581005586592,0.66424581005586592,0
kcelectra,20260907,P,occupation,365,0.65479452054794518,0.65479452054794518,0.65479452054794518,0
kcelectra,20260907,P,disability,99,0.55555555555555558,0.55555555555555558,0.55555555555555558,0
kcelectra,20260908,S,gender,232,0.80603448275862066,0.80603448275862066,0.80603448275862066,0
kcelectra,20260908,S,age,102,0.70588235294117652,0.70588235294117652,0.70588235294117652,0
kcelectra,20260908,S,race_or_region_of_origin,893,0.75587905935050392,0.75587905935050392,0.75587905935050392,0
kcelectra,20260908,S,religion,46,0.71739130434782605,0.71739130434782605,0.71739130434782605,0
kcelectra,20260908,S,politics,1790,0.6061452513966481,0.6061452513966481,0.6061452513966481,0
kcelectra,20260908,S,occupation,365,0.58904109589041098,0.58904109589041098,0.58904109589041098,0
kcelectra,20260908,S,disability,99,0.68686868686868685,0.68686868686868685,0.68686868686868685,0
kcelectra,20260908,L,gender,232,0.65517241379310343,0.65517241379310343,0.65517241379310343,0
kcelectra,20260908,L,age,102,0.66666666666666663,0.66666666666666663,0.66666666666666663,0
kcelectra,20260908,L,race_or_region_of_origin,893,0.88017917133258683,0.88017917133258683,0.88017917133258683,0
kcelectra,20260908,L,religion,46,0.71739130434782605,0.71739130434782605,0.71739130434782605,0
kcelectra,20260908,L,politics,1790,0.84860335195530723,0.84860335195530723,0.84860335195530723,0
kcelectra,20260908,L,occupation,365,0.65205479452054793,0.65205479452054793,0.65205479452054793,0
kcelectra,20260908,L,disability,99,0.53535353535353536,0.53535353535353536,0.53535353535353536,0
kcelectra,20260908,W,gender,232,0.88793103448275867,0.88793103448275867,0.88793103448275867,0
kcelectra,20260908,W,age,102,0.89215686274509809,0.89215686274509809,0.89215686274509809,0
kcelectra,20260908,W,race_or_region_of_origin,893,0.8857782754759238,0.8857782754759238,0.8857782754759238,0
kcelectra,20260908,W,religion,46,0.84782608695652173,0.84782608695652173,0.84782608695652173,0
kcelectra,20260908,W,politics,1790,0.76145251396648039,0.76145251396648039,0.76145251396648039,0
kcelectra,20260908,W,occupation,365,0.80000000000000004,0.80000000000000004,0.80000000000000004,0
kcelectra,20260908,W,disability,99,0.81818181818181823,0.81818181818181823,0.81818181818181823,0
kcelectra,20260908,P,gender,232,0.056034482758620691,0.056034482758620691,0.056034482758620691,0
kcelectra,20260908,P,age,102,0.068627450980392163,0.068627450980392163,0.068627450980392163,0
kcelectra,20260908,P,race_or_region_of_origin,893,0.1276595744680851,0.1276595744680851,0.1276595744680851,0
kcelectra,20260908,P,religion,46,0.021739130434782608,0.021739130434782608,0.021739130434782608,0
kcelectra,20260908,P,politics,1790,0.13184357541899441,0.13184357541899441,0.13184357541899441,0
kcelectra,20260908,P,occupation,365,0.1095890410958904,0.1095890410958904,0.1095890410958904,0
kcelectra,20260908,P,disability,99,0.1111111111111111,0.1111111111111111,0.1111111111111111,0
kcelectra,20260909,S,gender,232,0.45689655172413796,0.45689655172413796,0.45689655172413796,0
kcelectra,20260909,S,age,102,0.42156862745098039,0.42156862745098039,0.42156862745098039,0
kcelectra,20260909,S,race_or_region_of_origin,893,0.34042553191489361,0.34042553191489361,0.34042553191489361,0
kcelectra,20260909,S,religion,46,0.36956521739130432,0.36956521739130432,0.36956521739130432,0
kcelectra,20260909,S,politics,1790,0.28826815642458098,0.28826815642458098,0.28826815642458098,0
kcelectra,20260909,S,occupation,365,0.18904109589041096,0.18904109589041096,0.18904109589041096,0
kcelectra,20260909,S,disability,99,0.43434343434343436,0.43434343434343436,0.43434343434343436,0
kcelectra,20260909,L,gender,232,0.52155172413793105,0.52155172413793105,0.52155172413793105,0
kcelectra,20260909,L,age,102,0.59803921568627449,0.59803921568627449,0.59803921568627449,0
kcelectra,20260909,L,race_or_region_of_origin,893,0.82306830907054873,0.82306830907054873,0.82306830907054873,0
kcelectra,20260909,L,religion,46,0.67391304347826086,0.67391304347826086,0.67391304347826086,0
kcelectra,20260909,L,politics,1790,0.85474860335195535,0.85474860335195535,0.85474860335195535,0
kcelectra,20260909,L,occupation,365,0.51780821917808217,0.51780821917808217,0.51780821917808217,0
kcelectra,20260909,L,disability,99,0.50505050505050508,0.50505050505050508,0.50505050505050508,0
kcelectra,20260909,W,gender,232,0.64655172413793105,0.64655172413793105,0.64655172413793105,0
kcelectra,20260909,W,age,102,0.66666666666666663,0.66666666666666663,0.66666666666666663,0
kcelectra,20260909,W,race_or_region_of_origin,893,0.59686450167973126,0.59686450167973126,0.59686450167973126,0
kcelectra,20260909,W,religion,46,0.63043478260869568,0.63043478260869568,0.63043478260869568,0
kcelectra,20260909,W,politics,1790,0.59441340782122909,0.59441340782122909,0.59441340782122909,0
kcelectra,20260909,W,occupation,365,0.47945205479452052,0.47945205479452052,0.47945205479452052,0
kcelectra,20260909,W,disability,99,0.68686868686868685,0.68686868686868685,0.68686868686868685,0
kcelectra,20260909,P,gender,232,0.29741379310344829,0.29741379310344829,0.29741379310344829,0
kcelectra,20260909,P,age,102,0.27450980392156865,0.27450980392156865,0.27450980392156865,0
kcelectra,20260909,P,race_or_region_of_origin,893,0.27771556550951848,0.27771556550951848,0.27771556550951848,0
kcelectra,20260909,P,religion,46,0.2391304347826087,0.2391304347826087,0.2391304347826087,0
kcelectra,20260909,P,politics,1790,0.31899441340782125,0.31899441340782125,0.31899441340782125,0
kcelectra,20260909,P,occupation,365,0.21917808219178081,0.21917808219178081,0.21917808219178081,0
kcelectra,20260909,P,disability,99,0.35353535353535354,0.35353535353535354,0.35353535353535354,0
kcelectra,20260910,S,gender,232,0.68103448275862066,0.68103448275862066,0.68103448275862066,0
kcelectra,20260910,S,age,102,0.59803921568627449,0.59803921568627449,0.59803921568627449,0
kcelectra,20260910,S,race_or_region_of_origin,893,0.68421052631578949,0.68421052631578949,0.68421052631578949,0
kcelectra,20260910,S,religion,46,0.60869565217391308,0.60869565217391308,0.60869565217391308,0
kcelectra,20260910,S,politics,1790,0.49888268156424581,0.49888268156424581,0.49888268156424581,0
kcelectra,20260910,S,occupation,365,0.40547945205479452,0.40547945205479452,0.40547945205479452,0
kcelectra,20260910,S,disability,99,0.59595959595959591,0.59595959595959591,0.59595959595959591,0
kcelectra,20260910,L,gender,232,0.71982758620689657,0.71982758620689657,0.71982758620689657,0
kcelectra,20260910,L,age,102,0.72549019607843135,0.72549019607843135,0.72549019607843135,0
kcelectra,20260910,L,race_or_region_of_origin,893,0.88129899216125418,0.88129899216125418,0.88129899216125418,0
kcelectra,20260910,L,religion,46,0.76086956521739135,0.76086956521739135,0.76086956521739135,0
kcelectra,20260910,L,politics,1790,0.87597765363128488,0.87597765363128488,0.87597765363128488,0
kcelectra,20260910,L,occupation,365,0.77260273972602744,0.77260273972602744,0.77260273972602744,0
kcelectra,20260910,L,disability,99,0.66666666666666663,0.66666666666666663,0.66666666666666663,0
kcelectra,20260910,W,gender,232,0.90517241379310343,0.90517241379310343,0.90517241379310343,0
kcelectra,20260910,W,age,102,0.93137254901960786,0.93137254901960786,0.93137254901960786,0
kcelectra,20260910,W,race_or_region_of_origin,893,0.89697648376259798,0.89697648376259798,0.89697648376259798,0
kcelectra,20260910,W,religion,46,0.80434782608695654,0.80434782608695654,0.80434782608695654,0
kcelectra,20260910,W,politics,1790,0.86256983240223462,0.86256983240223462,0.86256983240223462,0
kcelectra,20260910,W,occupation,365,0.84931506849315064,0.84931506849315064,0.84931506849315064,0
kcelectra,20260910,W,disability,99,0.83838383838383834,0.83838383838383834,0.83838383838383834,0
kcelectra,20260910,P,gender,232,0.22844827586206898,0.22844827586206898,0.22844827586206898,0
kcelectra,20260910,P,age,102,0.25490196078431371,0.25490196078431371,0.25490196078431371,0
kcelectra,20260910,P,race_or_region_of_origin,893,0.26203807390817468,0.26203807390817468,0.26203807390817468,0
kcelectra,20260910,P,religion,46,0.13043478260869565,0.13043478260869565,0.13043478260869565,0
kcelectra,20260910,P,politics,1790,0.41340782122905029,0.41340782122905029,0.41340782122905029,0
kcelectra,20260910,P,occupation,365,0.27945205479452057,0.27945205479452057,0.27945205479452057,0
kcelectra,20260910,P,disability,99,0.25252525252525254,0.25252525252525254,0.25252525252525254,0
kcelectra,20260911,S,gender,232,0.70258620689655171,0.70258620689655171,0.70258620689655171,0
kcelectra,20260911,S,age,102,0.56862745098039214,0.56862745098039214,0.56862745098039214,0
kcelectra,20260911,S,race_or_region_of_origin,893,0.63941769316909292,0.63941769316909292,0.63941769316909292,0
kcelectra,20260911,S,religion,46,0.67391304347826086,0.67391304347826086,0.67391304347826086,0
kcelectra,20260911,S,politics,1790,0.50893854748603351,0.50893854748603351,0.50893854748603351,0
kcelectra,20260911,S,occupation,365,0.50410958904109593,0.50410958904109593,0.50410958904109593,0
kcelectra,20260911,S,disability,99,0.60606060606060608,0.60606060606060608,0.60606060606060608,0
kcelectra,20260911,L,gender,232,0.56465517241379315,0.56465517241379315,0.56465517241379315,0
kcelectra,20260911,L,age,102,0.56862745098039214,0.56862745098039214,0.56862745098039214,0
kcelectra,20260911,L,race_or_region_of_origin,893,0.80179171332586785,0.80179171332586785,0.80179171332586785,0
kcelectra,20260911,L,religion,46,0.63043478260869568,0.63043478260869568,0.63043478260869568,0
kcelectra,20260911,L,politics,1790,0.74189944134078212,0.74189944134078212,0.74189944134078212,0
kcelectra,20260911,L,occupation,365,0.51506849315068493,0.51506849315068493,0.51506849315068493,0
kcelectra,20260911,L,disability,99,0.50505050505050508,0.50505050505050508,0.50505050505050508,0
kcelectra,20260911,W,gender,232,0.77155172413793105,0.77155172413793105,0.77155172413793105,0
kcelectra,20260911,W,age,102,0.74509803921568629,0.74509803921568629,0.74509803921568629,0
kcelectra,20260911,W,race_or_region_of_origin,893,0.72340425531914898,0.72340425531914898,0.72340425531914898,0
kcelectra,20260911,W,religion,46,0.63043478260869568,0.63043478260869568,0.63043478260869568,0
kcelectra,20260911,W,politics,1790,0.61229050279329611,0.61229050279329611,0.61229050279329611,0
kcelectra,20260911,W,occupation,365,0.65753424657534243,0.65753424657534243,0.65753424657534243,0
kcelectra,20260911,W,disability,99,0.6767676767676768,0.6767676767676768,0.6767676767676768,0
kcelectra,20260911,P,gender,232,0.69396551724137934,0.69396551724137934,0.69396551724137934,0
kcelectra,20260911,P,age,102,0.69607843137254899,0.69607843137254899,0.69607843137254899,0
kcelectra,20260911,P,race_or_region_of_origin,893,0.58566629339305709,0.58566629339305709,0.58566629339305709,0
kcelectra,20260911,P,religion,46,0.5,0.5,0.5,0
kcelectra,20260911,P,politics,1790,0.57709497206703908,0.57709497206703908,0.57709497206703908,0
kcelectra,20260911,P,occupation,365,0.62465753424657533,0.62465753424657533,0.62465753424657533,0
kcelectra,20260911,P,disability,99,0.61616161616161613,0.61616161616161613,0.61616161616161613,0
kcelectra,20260912,S,gender,232,0.60344827586206895,0.60344827586206895,0.60344827586206895,0
kcelectra,20260912,S,age,102,0.51960784313725494,0.51960784313725494,0.51960784313725494,0
kcelectra,20260912,S,race_or_region_of_origin,893,0.52631578947368418,0.52631578947368418,0.52631578947368418,0
kcelectra,20260912,S,religion,46,0.56521739130434778,0.56521739130434778,0.56521739130434778,0
kcelectra,20260912,S,politics,1790,0.42569832402234636,0.42569832402234636,0.42569832402234636,0
kcelectra,20260912,S,occupation,365,0.39452054794520547,0.39452054794520547,0.39452054794520547,0
kcelectra,20260912,S,disability,99,0.44444444444444442,0.44444444444444442,0.44444444444444442,0
kcelectra,20260912,L,gender,232,0.7068965517241379,0.7068965517241379,0.7068965517241379,0
kcelectra,20260912,L,age,102,0.75490196078431371,0.75490196078431371,0.75490196078431371,0
kcelectra,20260912,L,race_or_region_of_origin,893,0.87905935050391937,0.87905935050391937,0.87905935050391937,0
kcelectra,20260912,L,religion,46,0.73913043478260865,0.73913043478260865,0.73913043478260865,0
kcelectra,20260912,L,politics,1790,0.86480446927374299,0.86480446927374299,0.86480446927374299,0
kcelectra,20260912,L,occupation,365,0.72602739726027399,0.72602739726027399,0.72602739726027399,0
kcelectra,20260912,L,disability,99,0.63636363636363635,0.63636363636363635,0.63636363636363635,0
kcelectra,20260912,W,gender,232,0.86637931034482762,0.86637931034482762,0.86637931034482762,0
kcelectra,20260912,W,age,102,0.86274509803921573,0.86274509803921573,0.86274509803921573,0
kcelectra,20260912,W,race_or_region_of_origin,893,0.87458006718924974,0.87458006718924974,0.87458006718924974,0
kcelectra,20260912,W,religion,46,0.80434782608695654,0.80434782608695654,0.80434782608695654,0
kcelectra,20260912,W,politics,1790,0.81955307262569832,0.81955307262569832,0.81955307262569832,0
kcelectra,20260912,W,occupation,365,0.76986301369863008,0.76986301369863008,0.76986301369863008,0
kcelectra,20260912,W,disability,99,0.82828282828282829,0.82828282828282829,0.82828282828282829,0
kcelectra,20260912,P,gender,232,0.875,0.875,0.875,0
kcelectra,20260912,P,age,102,0.86274509803921573,0.86274509803921573,0.86274509803921573,0
kcelectra,20260912,P,race_or_region_of_origin,893,0.84210526315789469,0.84210526315789469,0.84210526315789469,0
kcelectra,20260912,P,religion,46,0.86956521739130432,0.86956521739130432,0.86956521739130432,0
kcelectra,20260912,P,politics,1790,0.85139664804469273,0.85139664804469273,0.85139664804469273,0
kcelectra,20260912,P,occupation,365,0.8794520547945206,0.8794520547945206,0.8794520547945206,0
kcelectra,20260912,P,disability,99,0.78787878787878785,0.78787878787878785,0.78787878787878785,0
kcelectra,20260913,S,gender,232,0.49568965517241381,0.49568965517241381,0.49568965517241381,0
kcelectra,20260913,S,age,102,0.46078431372549017,0.46078431372549017,0.46078431372549017,0
kcelectra,20260913,S,race_or_region_of_origin,893,0.47368421052631576,0.47368421052631576,0.47368421052631576,0
kcelectra,20260913,S,religion,46,0.39130434782608697,0.39130434782608697,0.39130434782608697,0
kcelectra,20260913,S,politics,1790,0.42737430167597767,0.42737430167597767,0.42737430167597767,0
kcelectra,20260913,S,occupation,365,0.30410958904109592,0.30410958904109592,0.30410958904109592,0
kcelectra,20260913,S,disability,99,0.42424242424242425,0.42424242424242425,0.42424242424242425,0
kcelectra,20260913,L,gender,232,0.60775862068965514,0.60775862068965514,0.60775862068965514,0
kcelectra,20260913,L,age,102,0.61764705882352944,0.61764705882352944,0.61764705882352944,0
kcelectra,20260913,L,race_or_region_of_origin,893,0.87234042553191493,0.87234042553191493,0.87234042553191493,0
kcelectra,20260913,L,religion,46,0.76086956521739135,0.76086956521739135,0.76086956521739135,0
kcelectra,20260913,L,politics,1790,0.86424581005586587,0.86424581005586587,0.86424581005586587,0
kcelectra,20260913,L,occupation,365,0.63013698630136983,0.63013698630136983,0.63013698630136983,0
kcelectra,20260913,L,disability,99,0.56565656565656564,0.56565656565656564,0.56565656565656564,0
kcelectra,20260913,W,gender,232,0.69827586206896552,0.69827586206896552,0.69827586206896552,0
kcelectra,20260913,W,age,102,0.63725490196078427,0.63725490196078427,0.63725490196078427,0
kcelectra,20260913,W,race_or_region_of_origin,893,0.71444568868980962,0.71444568868980962,0.71444568868980962,0
kcelectra,20260913,W,religion,46,0.63043478260869568,0.63043478260869568,0.63043478260869568,0
kcelectra,20260913,W,politics,1790,0.66312849162011178,0.66312849162011178,0.66312849162011178,0
kcelectra,20260913,W,occupation,365,0.55342465753424652,0.55342465753424652,0.55342465753424652,0
kcelectra,20260913,W,disability,99,0.66666666666666663,0.66666666666666663,0.66666666666666663,0
kcelectra,20260913,P,gender,232,0.57327586206896552,0.57327586206896552,0.57327586206896552,0
kcelectra,20260913,P,age,102,0.57843137254901966,0.57843137254901966,0.57843137254901966,0
kcelectra,20260913,P,race_or_region_of_origin,893,0.44680851063829785,0.44680851063829785,0.44680851063829785,0
kcelectra,20260913,P,religion,46,0.36956521739130432,0.36956521739130432,0.36956521739130432,0
kcelectra,20260913,P,politics,1790,0.53407821229050279,0.53407821229050279,0.53407821229050279,0
kcelectra,20260913,P,occupation,365,0.52602739726027392,0.52602739726027392,0.52602739726027392,0
kcelectra,20260913,P,disability,99,0.49494949494949497,0.49494949494949497,0.49494949494949497,0
kcelectra,20260914,S,gender,232,0.40517241379310343,0.40517241379310343,0.40517241379310343,0
kcelectra,20260914,S,age,102,0.41176470588235292,0.41176470588235292,0.41176470588235292,0
kcelectra,20260914,S,race_or_region_of_origin,893,0.47816349384098544,0.47816349384098544,0.47816349384098544,0
kcelectra,20260914,S,religion,46,0.39130434782608697,0.39130434782608697,0.39130434782608697,0
kcelectra,20260914,S,politics,1790,0.47821229050279329,0.47821229050279329,0.47821229050279329,0
kcelectra,20260914,S,occupation,365,0.30684931506849317,0.30684931506849317,0.30684931506849317,0
kcelectra,20260914,S,disability,99,0.44444444444444442,0.44444444444444442,0.44444444444444442,0
kcelectra,20260914,L,gender,232,0.63362068965517238,0.63362068965517238,0.63362068965517238,0
kcelectra,20260914,L,age,102,0.71568627450980393,0.71568627450980393,0.71568627450980393,0
kcelectra,20260914,L,race_or_region_of_origin,893,0.88913773796192608,0.88913773796192608,0.88913773796192608,0
kcelectra,20260914,L,religion,46,0.82608695652173914,0.82608695652173914,0.82608695652173914,0
kcelectra,20260914,L,politics,1790,0.91229050279329604,0.91229050279329604,0.91229050279329604,0
kcelectra,20260914,L,occupation,365,0.76712328767123283,0.76712328767123283,0.76712328767123283,0
kcelectra,20260914,L,disability,99,0.6767676767676768,0.6767676767676768,0.6767676767676768,0
kcelectra,20260914,W,gender,232,0.7931034482758621,0.7931034482758621,0.7931034482758621,0
kcelectra,20260914,W,age,102,0.71568627450980393,0.71568627450980393,0.71568627450980393,0
kcelectra,20260914,W,race_or_region_of_origin,893,0.79955207166853304,0.79955207166853304,0.79955207166853304,0
kcelectra,20260914,W,religion,46,0.73913043478260865,0.73913043478260865,0.73913043478260865,0
kcelectra,20260914,W,politics,1790,0.82793296089385471,0.82793296089385471,0.82793296089385471,0
kcelectra,20260914,W,occupation,365,0.71780821917808224,0.71780821917808224,0.71780821917808224,0
kcelectra,20260914,W,disability,99,0.81818181818181823,0.81818181818181823,0.81818181818181823,0
kcelectra,20260914,P,gender,232,0.77586206896551724,0.77586206896551724,0.77586206896551724,0
kcelectra,20260914,P,age,102,0.69607843137254899,0.69607843137254899,0.69607843137254899,0
kcelectra,20260914,P,race_or_region_of_origin,893,0.68309070548712203,0.68309070548712203,0.68309070548712203,0
kcelectra,20260914,P,religion,46,0.69565217391304346,0.69565217391304346,0.69565217391304346,0
kcelectra,20260914,P,politics,1790,0.74245810055865924,0.74245810055865924,0.74245810055865924,0
kcelectra,20260914,P,occupation,365,0.72328767123287674,0.72328767123287674,0.72328767123287674,0
kcelectra,20260914,P,disability,99,0.61616161616161613,0.61616161616161613,0.61616161616161613,0
kcelectra,20260915,S,gender,232,0.51724137931034486,0.51724137931034486,0.51724137931034486,0
kcelectra,20260915,S,age,102,0.36274509803921567,0.36274509803921567,0.36274509803921567,0
kcelectra,20260915,S,race_or_region_of_origin,893,0.41545352743561031,0.41545352743561031,0.41545352743561031,0
kcelectra,20260915,S,religion,46,0.32608695652173914,0.32608695652173914,0.32608695652173914,0
kcelectra,20260915,S,politics,1790,0.22849162011173185,0.22849162011173185,0.22849162011173185,0
kcelectra,20260915,S,occupation,365,0.19726027397260273,0.19726027397260273,0.19726027397260273,0
kcelectra,20260915,S,disability,99,0.36363636363636365,0.36363636363636365,0.36363636363636365,0
kcelectra,20260915,L,gender,232,0.45258620689655171,0.45258620689655171,0.45258620689655171,0
kcelectra,20260915,L,age,102,0.55882352941176472,0.55882352941176472,0.55882352941176472,0
kcelectra,20260915,L,race_or_region_of_origin,893,0.82194848824188127,0.82194848824188127,0.82194848824188127,0
kcelectra,20260915,L,religion,46,0.69565217391304346,0.69565217391304346,0.69565217391304346,0
kcelectra,20260915,L,politics,1790,0.75474860335195526,0.75474860335195526,0.75474860335195526,0
kcelectra,20260915,L,occupation,365,0.51780821917808217,0.51780821917808217,0.51780821917808217,0
kcelectra,20260915,L,disability,99,0.46464646464646464,0.46464646464646464,0.46464646464646464,0
kcelectra,20260915,W,gender,232,0.74137931034482762,0.74137931034482762,0.74137931034482762,0
kcelectra,20260915,W,age,102,0.63725490196078427,0.63725490196078427,0.63725490196078427,0
kcelectra,20260915,W,race_or_region_of_origin,893,0.71108622620380735,0.71108622620380735,0.71108622620380735,0
kcelectra,20260915,W,religion,46,0.56521739130434778,0.56521739130434778,0.56521739130434778,0
kcelectra,20260915,W,politics,1790,0.54245810055865917,0.54245810055865917,0.54245810055865917,0
kcelectra,20260915,W,occupation,365,0.49041095890410957,0.49041095890410957,0.49041095890410957,0
kcelectra,20260915,W,disability,99,0.66666666666666663,0.66666666666666663,0.66666666666666663,0
kcelectra,20260915,P,gender,232,0.64224137931034486,0.64224137931034486,0.64224137931034486,0
kcelectra,20260915,P,age,102,0.6470588235294118,0.6470588235294118,0.6470588235294118,0
kcelectra,20260915,P,race_or_region_of_origin,893,0.59014557670772672,0.59014557670772672,0.59014557670772672,0
kcelectra,20260915,P,religion,46,0.54347826086956519,0.54347826086956519,0.54347826086956519,0
kcelectra,20260915,P,politics,1790,0.51229050279329613,0.51229050279329613,0.51229050279329613,0
kcelectra,20260915,P,occupation,365,0.55890410958904113,0.55890410958904113,0.55890410958904113,0
kcelectra,20260915,P,disability,99,0.54545454545454541,0.54545454545454541,0.54545454545454541,0
kcelectra,20260916,S,gender,232,0.53448275862068961,0.53448275862068961,0.53448275862068961,0
kcelectra,20260916,S,age,102,0.39215686274509803,0.39215686274509803,0.39215686274509803,0
kcelectra,20260916,S,race_or_region_of_origin,893,0.42889137737961924,0.42889137737961924,0.42889137737961924,0
kcelectra,20260916,S,religion,46,0.34782608695652173,0.34782608695652173,0.34782608695652173,0
kcelectra,20260916,S,politics,1790,0.35810055865921786,0.35810055865921786,0.35810055865921786,0
kcelectra,20260916,S,occupation,365,0.21369863013698631,0.21369863013698631,0.21369863013698631,0
kcelectra,20260916,S,disability,99,0.46464646464646464,0.46464646464646464,0.46464646464646464,0
kcelectra,20260916,L,gender,232,0.29310344827586204,0.29310344827586204,0.29310344827586204,0
kcelectra,20260916,L,age,102,0.3235294117647059,0.3235294117647059,0.3235294117647059,0
kcelectra,20260916,L,race_or_region_of_origin,893,0.63829787234042556,0.63829787234042556,0.63829787234042556,0
kcelectra,20260916,L,religion,46,0.43478260869565216,0.43478260869565216,0.43478260869565216,0
kcelectra,20260916,L,politics,1790,0.64860335195530727,0.64860335195530727,0.64860335195530727,0
kcelectra,20260916,L,occupation,365,0.37534246575342467,0.37534246575342467,0.37534246575342467,0
kcelectra,20260916,L,disability,99,0.34343434343434343,0.34343434343434343,0.34343434343434343,0
kcelectra,20260916,W,gender,232,0.62931034482758619,0.62931034482758619,0.62931034482758619,0
kcelectra,20260916,W,age,102,0.55882352941176472,0.55882352941176472,0.55882352941176472,0
kcelectra,20260916,W,race_or_region_of_origin,893,0.59014557670772672,0.59014557670772672,0.59014557670772672,0
kcelectra,20260916,W,religion,46,0.47826086956521741,0.47826086956521741,0.47826086956521741,0
kcelectra,20260916,W,politics,1790,0.60726256983240223,0.60726256983240223,0.60726256983240223,0
kcelectra,20260916,W,occupation,365,0.48767123287671232,0.48767123287671232,0.48767123287671232,0
kcelectra,20260916,W,disability,99,0.58585858585858586,0.58585858585858586,0.58585858585858586,0
kcelectra,20260916,P,gender,232,0.39224137931034481,0.39224137931034481,0.39224137931034481,0
kcelectra,20260916,P,age,102,0.17647058823529413,0.17647058823529413,0.17647058823529413,0
kcelectra,20260916,P,race_or_region_of_origin,893,0.21612541993281076,0.21612541993281076,0.21612541993281076,0
kcelectra,20260916,P,religion,46,0.13043478260869565,0.13043478260869565,0.13043478260869565,0
kcelectra,20260916,P,politics,1790,0.23296089385474861,0.23296089385474861,0.23296089385474861,0
kcelectra,20260916,P,occupation,365,0.15342465753424658,0.15342465753424658,0.15342465753424658,0
kcelectra,20260916,P,disability,99,0.20202020202020202,0.20202020202020202,0.20202020202020202,0
kcelectra,20260917,S,gender,232,0.39655172413793105,0.39655172413793105,0.39655172413793105,0
kcelectra,20260917,S,age,102,0.38235294117647056,0.38235294117647056,0.38235294117647056,0
kcelectra,20260917,S,race_or_region_of_origin,893,0.36618141097424411,0.36618141097424411,0.36618141097424411,0
kcelectra,20260917,S,religion,46,0.34782608695652173,0.34782608695652173,0.34782608695652173,0
kcelectra,20260917,S,politics,1790,0.25307262569832401,0.25307262569832401,0.25307262569832401,0
kcelectra,20260917,S,occupation,365,0.16438356164383561,0.16438356164383561,0.16438356164383561,0
kcelectra,20260917,S,disability,99,0.25252525252525254,0.25252525252525254,0.25252525252525254,0
kcelectra,20260917,L,gender,232,0.43534482758620691,0.43534482758620691,0.43534482758620691,0
kcelectra,20260917,L,age,102,0.5,0.5,0.5,0
kcelectra,20260917,L,race_or_region_of_origin,893,0.79507278835386341,0.79507278835386341,0.79507278835386341,0
kcelectra,20260917,L,religion,46,0.67391304347826086,0.67391304347826086,0.67391304347826086,0
kcelectra,20260917,L,politics,1790,0.74022346368715086,0.74022346368715086,0.74022346368715086,0
kcelectra,20260917,L,occupation,365,0.44109589041095892,0.44109589041095892,0.44109589041095892,0
kcelectra,20260917,L,disability,99,0.42424242424242425,0.42424242424242425,0.42424242424242425,0
kcelectra,20260917,W,gender,232,0.31465517241379309,0.31465517241379309,0.31465517241379309,0
kcelectra,20260917,W,age,102,0.33333333333333331,0.33333333333333331,0.33333333333333331,0
kcelectra,20260917,W,race_or_region_of_origin,893,0.3471444568868981,0.3471444568868981,0.3471444568868981,0
kcelectra,20260917,W,religion,46,0.32608695652173914,0.32608695652173914,0.32608695652173914,0
kcelectra,20260917,W,politics,1790,0.27709497206703909,0.27709497206703909,0.27709497206703909,0
kcelectra,20260917,W,occupation,365,0.15616438356164383,0.15616438356164383,0.15616438356164383,0
kcelectra,20260917,W,disability,99,0.24242424242424243,0.24242424242424243,0.24242424242424243,0
kcelectra,20260917,P,gender,232,0.03017241379310345,0.03017241379310345,0.03017241379310345,0
kcelectra,20260917,P,age,102,0.019607843137254902,0.019607843137254902,0.019607843137254902,0
kcelectra,20260917,P,race_or_region_of_origin,893,0.021276595744680851,0.021276595744680851,0.021276595744680851,0
kcelectra,20260917,P,religion,46,0,0,0,0
kcelectra,20260917,P,politics,1790,0.028491620111731845,0.028491620111731845,0.028491620111731845,0
kcelectra,20260917,P,occupation,365,0.0054794520547945206,0.0054794520547945206,0.0054794520547945206,0
kcelectra,20260917,P,disability,99,0.020202020202020204,0.020202020202020204,0.020202020202020204,0
kcelectra,20260918,S,gender,232,0.5818965517241379,0.5818965517241379,0.5818965517241379,0
kcelectra,20260918,S,age,102,0.45098039215686275,0.45098039215686275,0.45098039215686275,0
kcelectra,20260918,S,race_or_region_of_origin,893,0.48600223964165734,0.48600223964165734,0.48600223964165734,0
kcelectra,20260918,S,religion,46,0.43478260869565216,0.43478260869565216,0.43478260869565216,0
kcelectra,20260918,S,politics,1790,0.42849162011173186,0.42849162011173186,0.42849162011173186,0
kcelectra,20260918,S,occupation,365,0.26575342465753427,0.26575342465753427,0.26575342465753427,0
kcelectra,20260918,S,disability,99,0.36363636363636365,0.36363636363636365,0.36363636363636365,0
kcelectra,20260918,L,gender,232,0.61206896551724133,0.61206896551724133,0.61206896551724133,0
kcelectra,20260918,L,age,102,0.63725490196078427,0.63725490196078427,0.63725490196078427,0
kcelectra,20260918,L,race_or_region_of_origin,893,0.85330347144456886,0.85330347144456886,0.85330347144456886,0
kcelectra,20260918,L,religion,46,0.73913043478260865,0.73913043478260865,0.73913043478260865,0
kcelectra,20260918,L,politics,1790,0.81061452513966481,0.81061452513966481,0.81061452513966481,0
kcelectra,20260918,L,occupation,365,0.61917808219178083,0.61917808219178083,0.61917808219178083,0
kcelectra,20260918,L,disability,99,0.5757575757575758,0.5757575757575758,0.5757575757575758,0
kcelectra,20260918,W,gender,232,0.80172413793103448,0.80172413793103448,0.80172413793103448,0
kcelectra,20260918,W,age,102,0.70588235294117652,0.70588235294117652,0.70588235294117652,0
kcelectra,20260918,W,race_or_region_of_origin,893,0.68421052631578949,0.68421052631578949,0.68421052631578949,0
kcelectra,20260918,W,religion,46,0.65217391304347827,0.65217391304347827,0.65217391304347827,0
kcelectra,20260918,W,politics,1790,0.62905027932960889,0.62905027932960889,0.62905027932960889,0
kcelectra,20260918,W,occupation,365,0.53424657534246578,0.53424657534246578,0.53424657534246578,0
kcelectra,20260918,W,disability,99,0.64646464646464652,0.64646464646464652,0.64646464646464652,0
kcelectra,20260918,P,gender,232,0.15517241379310345,0.15517241379310345,0.15517241379310345,0
kcelectra,20260918,P,age,102,0.17647058823529413,0.17647058823529413,0.17647058823529413,0
kcelectra,20260918,P,race_or_region_of_origin,893,0.11758118701007839,0.11758118701007839,0.11758118701007839,0
kcelectra,20260918,P,religion,46,0.15217391304347827,0.15217391304347827,0.15217391304347827,0
kcelectra,20260918,P,politics,1790,0.10223463687150838,0.10223463687150838,0.10223463687150838,0
kcelectra,20260918,P,occupation,365,0.084931506849315067,0.084931506849315067,0.084931506849315067,0
kcelectra,20260918,P,disability,99,0.12121212121212122,0.12121212121212122,0.12121212121212122,0
kcelectra,20260919,S,gender,232,0.34051724137931033,0.34051724137931033,0.34051724137931033,0
kcelectra,20260919,S,age,102,0.38235294117647056,0.38235294117647056,0.38235294117647056,0
kcelectra,20260919,S,race_or_region_of_origin,893,0.43784994400895855,0.43784994400895855,0.43784994400895855,0
kcelectra,20260919,S,religion,46,0.41304347826086957,0.41304347826086957,0.41304347826086957,0
kcelectra,20260919,S,politics,1790,0.36089385474860336,0.36089385474860336,0.36089385474860336,0
kcelectra,20260919,S,occupation,365,0.20547945205479451,0.20547945205479451,0.20547945205479451,0
kcelectra,20260919,S,disability,99,0.34343434343434343,0.34343434343434343,0.34343434343434343,0
kcelectra,20260919,L,gender,232,0.5818965517241379,0.5818965517241379,0.5818965517241379,0
kcelectra,20260919,L,age,102,0.56862745098039214,0.56862745098039214,0.56862745098039214,0
kcelectra,20260919,L,race_or_region_of_origin,893,0.82530795072788354,0.82530795072788354,0.82530795072788354,0
kcelectra,20260919,L,religion,46,0.67391304347826086,0.67391304347826086,0.67391304347826086,0
kcelectra,20260919,L,politics,1790,0.80782122905027931,0.80782122905027931,0.80782122905027931,0
kcelectra,20260919,L,occupation,365,0.56986301369863013,0.56986301369863013,0.56986301369863013,0
kcelectra,20260919,L,disability,99,0.51515151515151514,0.51515151515151514,0.51515151515151514,0
kcelectra,20260919,W,gender,232,0.69396551724137934,0.69396551724137934,0.69396551724137934,0
kcelectra,20260919,W,age,102,0.66666666666666663,0.66666666666666663,0.66666666666666663,0
kcelectra,20260919,W,race_or_region_of_origin,893,0.71444568868980962,0.71444568868980962,0.71444568868980962,0
kcelectra,20260919,W,religion,46,0.67391304347826086,0.67391304347826086,0.67391304347826086,0
kcelectra,20260919,W,politics,1790,0.69776536312849158,0.69776536312849158,0.69776536312849158,0
kcelectra,20260919,W,occupation,365,0.62739726027397258,0.62739726027397258,0.62739726027397258,0
kcelectra,20260919,W,disability,99,0.72727272727272729,0.72727272727272729,0.72727272727272729,0
kcelectra,20260919,P,gender,232,0.18103448275862069,0.18103448275862069,0.18103448275862069,0
kcelectra,20260919,P,age,102,0.17647058823529413,0.17647058823529413,0.17647058823529413,0
kcelectra,20260919,P,race_or_region_of_origin,893,0.1858902575587906,0.1858902575587906,0.1858902575587906,0
kcelectra,20260919,P,religion,46,0.2608695652173913,0.2608695652173913,0.2608695652173913,0
kcelectra,20260919,P,politics,1790,0.1782122905027933,0.1782122905027933,0.1782122905027933,0
kcelectra,20260919,P,occupation,365,0.10410958904109589,0.10410958904109589,0.10410958904109589,0
kcelectra,20260919,P,disability,99,0.14141414141414141,0.14141414141414141,0.14141414141414141,0
kcelectra,20260920,S,gender,232,0.68103448275862066,0.68103448275862066,0.68103448275862066,0
kcelectra,20260920,S,age,102,0.50980392156862742,0.50980392156862742,0.50980392156862742,0
kcelectra,20260920,S,race_or_region_of_origin,893,0.67637178051511759,0.67637178051511759,0.67637178051511759,0
kcelectra,20260920,S,religion,46,0.56521739130434778,0.56521739130434778,0.56521739130434778,0
kcelectra,20260920,S,politics,1790,0.63407821229050276,0.63407821229050276,0.63407821229050276,0
kcelectra,20260920,S,occupation,365,0.51232876712328768,0.51232876712328768,0.51232876712328768,0
kcelectra,20260920,S,disability,99,0.55555555555555558,0.55555555555555558,0.55555555555555558,0
kcelectra,20260920,L,gender,232,0.56896551724137934,0.56896551724137934,0.56896551724137934,0
kcelectra,20260920,L,age,102,0.59803921568627449,0.59803921568627449,0.59803921568627449,0
kcelectra,20260920,L,race_or_region_of_origin,893,0.7670772676371781,0.7670772676371781,0.7670772676371781,0
kcelectra,20260920,L,religion,46,0.52173913043478259,0.52173913043478259,0.52173913043478259,0
kcelectra,20260920,L,politics,1790,0.78715083798882679,0.78715083798882679,0.78715083798882679,0
kcelectra,20260920,L,occupation,365,0.55342465753424652,0.55342465753424652,0.55342465753424652,0
kcelectra,20260920,L,disability,99,0.49494949494949497,0.49494949494949497,0.49494949494949497,0
kcelectra,20260920,W,gender,232,0.68103448275862066,0.68103448275862066,0.68103448275862066,0
kcelectra,20260920,W,age,102,0.63725490196078427,0.63725490196078427,0.63725490196078427,0
kcelectra,20260920,W,race_or_region_of_origin,893,0.7021276595744681,0.7021276595744681,0.7021276595744681,0
kcelectra,20260920,W,religion,46,0.52173913043478259,0.52173913043478259,0.52173913043478259,0
kcelectra,20260920,W,politics,1790,0.62458100558659213,0.62458100558659213,0.62458100558659213,0
kcelectra,20260920,W,occupation,365,0.60547945205479448,0.60547945205479448,0.60547945205479448,0
kcelectra,20260920,W,disability,99,0.60606060606060608,0.60606060606060608,0.60606060606060608,0
kcelectra,20260920,P,gender,232,0.5818965517241379,0.5818965517241379,0.5818965517241379,0
kcelectra,20260920,P,age,102,0.57843137254901966,0.57843137254901966,0.57843137254901966,0
kcelectra,20260920,P,race_or_region_of_origin,893,0.5699888017917133,0.5699888017917133,0.5699888017917133,0
kcelectra,20260920,P,religion,46,0.47826086956521741,0.47826086956521741,0.47826086956521741,0
kcelectra,20260920,P,politics,1790,0.53016759776536315,0.53016759776536315,0.53016759776536315,0
kcelectra,20260920,P,occupation,365,0.53698630136986303,0.53698630136986303,0.53698630136986303,0
kcelectra,20260920,P,disability,99,0.56565656565656564,0.56565656565656564,0.56565656565656564,0
kcelectra,20260921,S,gender,232,0.45258620689655171,0.45258620689655171,0.45258620689655171,0
kcelectra,20260921,S,age,102,0.40196078431372551,0.40196078431372551,0.40196078431372551,0
kcelectra,20260921,S,race_or_region_of_origin,893,0.49384098544232924,0.49384098544232924,0.49384098544232924,0
kcelectra,20260921,S,religion,46,0.45652173913043476,0.45652173913043476,0.45652173913043476,0
kcelectra,20260921,S,politics,1790,0.44413407821229051,0.44413407821229051,0.44413407821229051,0
kcelectra,20260921,S,occupation,365,0.33972602739726027,0.33972602739726027,0.33972602739726027,0
kcelectra,20260921,S,disability,99,0.37373737373737376,0.37373737373737376,0.37373737373737376,0
kcelectra,20260921,L,gender,232,0.56465517241379315,0.56465517241379315,0.56465517241379315,0
kcelectra,20260921,L,age,102,0.62745098039215685,0.62745098039215685,0.62745098039215685,0
kcelectra,20260921,L,race_or_region_of_origin,893,0.84994400895856659,0.84994400895856659,0.84994400895856659,0
kcelectra,20260921,L,religion,46,0.65217391304347827,0.65217391304347827,0.65217391304347827,0
kcelectra,20260921,L,politics,1790,0.85307262569832398,0.85307262569832398,0.85307262569832398,0
kcelectra,20260921,L,occupation,365,0.70136986301369864,0.70136986301369864,0.70136986301369864,0
kcelectra,20260921,L,disability,99,0.54545454545454541,0.54545454545454541,0.54545454545454541,0
kcelectra,20260921,W,gender,232,0.78017241379310343,0.78017241379310343,0.78017241379310343,0
kcelectra,20260921,W,age,102,0.82352941176470584,0.82352941176470584,0.82352941176470584,0
kcelectra,20260921,W,race_or_region_of_origin,893,0.85330347144456886,0.85330347144456886,0.85330347144456886,0
kcelectra,20260921,W,religion,46,0.71739130434782605,0.71739130434782605,0.71739130434782605,0
kcelectra,20260921,W,politics,1790,0.79162011173184355,0.79162011173184355,0.79162011173184355,0
kcelectra,20260921,W,occupation,365,0.73972602739726023,0.73972602739726023,0.73972602739726023,0
kcelectra,20260921,W,disability,99,0.80808080808080807,0.80808080808080807,0.80808080808080807,0
kcelectra,20260921,P,gender,232,0.61637931034482762,0.61637931034482762,0.61637931034482762,0
kcelectra,20260921,P,age,102,0.6470588235294118,0.6470588235294118,0.6470588235294118,0
kcelectra,20260921,P,race_or_region_of_origin,893,0.78051511758118697,0.78051511758118697,0.78051511758118697,0
kcelectra,20260921,P,religion,46,0.69565217391304346,0.69565217391304346,0.69565217391304346,0
kcelectra,20260921,P,politics,1790,0.80782122905027931,0.80782122905027931,0.80782122905027931,0
kcelectra,20260921,P,occupation,365,0.78630136986301369,0.78630136986301369,0.78630136986301369,0
kcelectra,20260921,P,disability,99,0.6767676767676768,0.6767676767676768,0.6767676767676768,0
kcelectra,20260922,S,gender,232,0.59482758620689657,0.59482758620689657,0.59482758620689657,0
kcelectra,20260922,S,age,102,0.5490196078431373,0.5490196078431373,0.5490196078431373,0
kcelectra,20260922,S,race_or_region_of_origin,893,0.5879059350503919,0.5879059350503919,0.5879059350503919,0
kcelectra,20260922,S,religion,46,0.54347826086956519,0.54347826086956519,0.54347826086956519,0
kcelectra,20260922,S,politics,1790,0.49944134078212288,0.49944134078212288,0.49944134078212288,0
kcelectra,20260922,S,occupation,365,0.37534246575342467,0.37534246575342467,0.37534246575342467,0
kcelectra,20260922,S,disability,99,0.54545454545454541,0.54545454545454541,0.54545454545454541,0
kcelectra,20260922,L,gender,232,0.5818965517241379,0.5818965517241379,0.5818965517241379,0
kcelectra,20260922,L,age,102,0.6470588235294118,0.6470588235294118,0.6470588235294118,0
kcelectra,20260922,L,race_or_region_of_origin,893,0.82866741321388582,0.82866741321388582,0.82866741321388582,0
kcelectra,20260922,L,religion,46,0.71739130434782605,0.71739130434782605,0.71739130434782605,0
kcelectra,20260922,L,politics,1790,0.76983240223463689,0.76983240223463689,0.76983240223463689,0
kcelectra,20260922,L,occupation,365,0.58630136986301373,0.58630136986301373,0.58630136986301373,0
kcelectra,20260922,L,disability,99,0.58585858585858586,0.58585858585858586,0.58585858585858586,0
kcelectra,20260922,W,gender,232,0.7931034482758621,0.7931034482758621,0.7931034482758621,0
kcelectra,20260922,W,age,102,0.8529411764705882,0.8529411764705882,0.8529411764705882,0
kcelectra,20260922,W,race_or_region_of_origin,893,0.82754759238521836,0.82754759238521836,0.82754759238521836,0
kcelectra,20260922,W,religion,46,0.69565217391304346,0.69565217391304346,0.69565217391304346,0
kcelectra,20260922,W,politics,1790,0.76759776536312851,0.76759776536312851,0.76759776536312851,0
kcelectra,20260922,W,occupation,365,0.68219178082191778,0.68219178082191778,0.68219178082191778,0
kcelectra,20260922,W,disability,99,0.81818181818181823,0.81818181818181823,0.81818181818181823,0
kcelectra,20260922,P,gender,232,0.26293103448275862,0.26293103448275862,0.26293103448275862,0
kcelectra,20260922,P,age,102,0.26470588235294118,0.26470588235294118,0.26470588235294118,0
kcelectra,20260922,P,race_or_region_of_origin,893,0.23852183650615902,0.23852183650615902,0.23852183650615902,0
kcelectra,20260922,P,religion,46,0.19565217391304349,0.19565217391304349,0.19565217391304349,0
kcelectra,20260922,P,politics,1790,0.32569832402234639,0.32569832402234639,0.32569832402234639,0
kcelectra,20260922,P,occupation,365,0.27945205479452057,0.27945205479452057,0.27945205479452057,0
kcelectra,20260922,P,disability,99,0.26262626262626265,0.26262626262626265,0.26262626262626265,0
kcelectra,20260923,S,gender,232,0.65086206896551724,0.65086206896551724,0.65086206896551724,0
kcelectra,20260923,S,age,102,0.6470588235294118,0.6470588235294118,0.6470588235294118,0
kcelectra,20260923,S,race_or_region_of_origin,893,0.68197088465845468,0.68197088465845468,0.68197088465845468,0
kcelectra,20260923,S,religion,46,0.54347826086956519,0.54347826086956519,0.54347826086956519,0
kcelectra,20260923,S,politics,1790,0.54860335195530729,0.54860335195530729,0.54860335195530729,0
kcelectra,20260923,S,occupation,365,0.43561643835616437,0.43561643835616437,0.43561643835616437,0
kcelectra,20260923,S,disability,99,0.61616161616161613,0.61616161616161613,0.61616161616161613,0
kcelectra,20260923,L,gender,232,0.65086206896551724,0.65086206896551724,0.65086206896551724,0
kcelectra,20260923,L,age,102,0.72549019607843135,0.72549019607843135,0.72549019607843135,0
kcelectra,20260923,L,race_or_region_of_origin,893,0.90369540873460241,0.90369540873460241,0.90369540873460241,0
kcelectra,20260923,L,religion,46,0.78260869565217395,0.78260869565217395,0.78260869565217395,0
kcelectra,20260923,L,politics,1790,0.876536312849162,0.876536312849162,0.876536312849162,0
kcelectra,20260923,L,occupation,365,0.73424657534246573,0.73424657534246573,0.73424657534246573,0
kcelectra,20260923,L,disability,99,0.59595959595959591,0.59595959595959591,0.59595959595959591,0
kcelectra,20260923,W,gender,232,0.81896551724137934,0.81896551724137934,0.81896551724137934,0
kcelectra,20260923,W,age,102,0.87254901960784315,0.87254901960784315,0.87254901960784315,0
kcelectra,20260923,W,race_or_region_of_origin,893,0.84994400895856659,0.84994400895856659,0.84994400895856659,0
kcelectra,20260923,W,religion,46,0.80434782608695654,0.80434782608695654,0.80434782608695654,0
kcelectra,20260923,W,politics,1790,0.81229050279329607,0.81229050279329607,0.81229050279329607,0
kcelectra,20260923,W,occupation,365,0.77534246575342469,0.77534246575342469,0.77534246575342469,0
kcelectra,20260923,W,disability,99,0.77777777777777779,0.77777777777777779,0.77777777777777779,0
kcelectra,20260923,P,gender,232,0.6681034482758621,0.6681034482758621,0.6681034482758621,0
kcelectra,20260923,P,age,102,0.81372549019607843,0.81372549019607843,0.81372549019607843,0
kcelectra,20260923,P,race_or_region_of_origin,893,0.80515117581187012,0.80515117581187012,0.80515117581187012,0
kcelectra,20260923,P,religion,46,0.73913043478260865,0.73913043478260865,0.73913043478260865,0
kcelectra,20260923,P,politics,1790,0.76089385474860338,0.76089385474860338,0.76089385474860338,0
kcelectra,20260923,P,occupation,365,0.80000000000000004,0.80000000000000004,0.80000000000000004,0
kcelectra,20260923,P,disability,99,0.71717171717171713,0.71717171717171713,0.71717171717171713,0
xlmr,20260901,S,gender,232,0.68103448275862066,0.68103448275862066,0.68103448275862066,0
xlmr,20260901,S,age,102,0.69607843137254899,0.69607843137254899,0.69607843137254899,0
xlmr,20260901,S,race_or_region_of_origin,893,0.77715565509518481,0.77715565509518481,0.77715565509518481,0
xlmr,20260901,S,religion,46,0.71739130434782605,0.71739130434782605,0.71739130434782605,0
xlmr,20260901,S,politics,1790,0.66424581005586592,0.66424581005586592,0.66424581005586592,0
xlmr,20260901,S,occupation,365,0.52054794520547942,0.52054794520547942,0.52054794520547942,0
xlmr,20260901,S,disability,99,0.56565656565656564,0.56565656565656564,0.56565656565656564,0
xlmr,20260901,L,gender,232,0.41379310344827586,0.41379310344827586,0.41379310344827586,0
xlmr,20260901,L,age,102,0.50980392156862742,0.50980392156862742,0.50980392156862742,0
xlmr,20260901,L,race_or_region_of_origin,893,0.82754759238521836,0.82754759238521836,0.82754759238521836,0
xlmr,20260901,L,religion,46,0.67391304347826086,0.67391304347826086,0.67391304347826086,0
xlmr,20260901,L,politics,1790,0.79106145251396653,0.79106145251396653,0.79106145251396653,0
xlmr,20260901,L,occupation,365,0.40273972602739727,0.40273972602739727,0.40273972602739727,0
xlmr,20260901,L,disability,99,0.35353535353535354,0.35353535353535354,0.35353535353535354,0
xlmr,20260901,W,gender,232,0.57327586206896552,0.57327586206896552,0.57327586206896552,0
xlmr,20260901,W,age,102,0.56862745098039214,0.56862745098039214,0.56862745098039214,0
xlmr,20260901,W,race_or_region_of_origin,893,0.68085106382978722,0.68085106382978722,0.68085106382978722,0
xlmr,20260901,W,religion,46,0.65217391304347827,0.65217391304347827,0.65217391304347827,0
xlmr,20260901,W,politics,1790,0.61284916201117323,0.61284916201117323,0.61284916201117323,0
xlmr,20260901,W,occupation,365,0.40273972602739727,0.40273972602739727,0.40273972602739727,0
xlmr,20260901,W,disability,99,0.46464646464646464,0.46464646464646464,0.46464646464646464,0
xlmr,20260901,P,gender,232,0,0,0,0
xlmr,20260901,P,age,102,0,0,0,0
xlmr,20260901,P,race_or_region_of_origin,893,0,0,0,0
xlmr,20260901,P,religion,46,0,0,0,0
xlmr,20260901,P,politics,1790,0,0,0,0
xlmr,20260901,P,occupation,365,0,0,0,0
xlmr,20260901,P,disability,99,0,0,0,0
xlmr,20260902,S,gender,232,0.82327586206896552,0.82327586206896552,0.82327586206896552,0
xlmr,20260902,S,age,102,0.77450980392156865,0.77450980392156865,0.77450980392156865,0
xlmr,20260902,S,race_or_region_of_origin,893,0.83202687569988798,0.83202687569988798,0.83202687569988798,0
xlmr,20260902,S,religion,46,0.84782608695652173,0.84782608695652173,0.84782608695652173,0
xlmr,20260902,S,politics,1790,0.73072625698324023,0.73072625698324023,0.73072625698324023,0
xlmr,20260902,S,occupation,365,0.66301369863013704,0.66301369863013704,0.66301369863013704,0
xlmr,20260902,S,disability,99,0.66666666666666663,0.66666666666666663,0.66666666666666663,0
xlmr,20260902,L,gender,232,0.43965517241379309,0.43965517241379309,0.43965517241379309,0
xlmr,20260902,L,age,102,0.49019607843137253,0.49019607843137253,0.49019607843137253,0
xlmr,20260902,L,race_or_region_of_origin,893,0.7670772676371781,0.7670772676371781,0.7670772676371781,0
xlmr,20260902,L,religion,46,0.76086956521739135,0.76086956521739135,0.76086956521739135,0
xlmr,20260902,L,politics,1790,0.80223463687150842,0.80223463687150842,0.80223463687150842,0
xlmr,20260902,L,occupation,365,0.48219178082191783,0.48219178082191783,0.48219178082191783,0
xlmr,20260902,L,disability,99,0.39393939393939392,0.39393939393939392,0.39393939393939392,0
xlmr,20260902,W,gender,232,0.65517241379310343,0.65517241379310343,0.65517241379310343,0
xlmr,20260902,W,age,102,0.68627450980392157,0.68627450980392157,0.68627450980392157,0
xlmr,20260902,W,race_or_region_of_origin,893,0.75811870100783874,0.75811870100783874,0.75811870100783874,0
xlmr,20260902,W,religion,46,0.78260869565217395,0.78260869565217395,0.78260869565217395,0
xlmr,20260902,W,politics,1790,0.64245810055865926,0.64245810055865926,0.64245810055865926,0
xlmr,20260902,W,occupation,365,0.54520547945205478,0.54520547945205478,0.54520547945205478,0
xlmr,20260902,W,disability,99,0.58585858585858586,0.58585858585858586,0.58585858585858586,0
xlmr,20260902,P,gender,232,0,0,0,0
xlmr,20260902,P,age,102,0,0,0,0
xlmr,20260902,P,race_or_region_of_origin,893,0,0,0,0
xlmr,20260902,P,religion,46,0,0,0,0
xlmr,20260902,P,politics,1790,0,0,0,0
xlmr,20260902,P,occupation,365,0,0,0,0
xlmr,20260902,P,disability,99,0,0,0,0
xlmr,20260903,S,gender,232,0.84051724137931039,0.84051724137931039,0.84051724137931039,0
xlmr,20260903,S,age,102,0.65686274509803921,0.65686274509803921,0.65686274509803921,0
xlmr,20260903,S,race_or_region_of_origin,893,0.70772676371780519,0.70772676371780519,0.70772676371780519,0
xlmr,20260903,S,religion,46,0.71739130434782605,0.71739130434782605,0.71739130434782605,0
xlmr,20260903,S,politics,1790,0.66201117318435754,0.66201117318435754,0.66201117318435754,0
xlmr,20260903,S,occupation,365,0.57808219178082187,0.57808219178082187,0.57808219178082187,0
xlmr,20260903,S,disability,99,0.50505050505050508,0.50505050505050508,0.50505050505050508,0
xlmr,20260903,L,gender,232,0.44827586206896552,0.44827586206896552,0.44827586206896552,0
xlmr,20260903,L,age,102,0.52941176470588236,0.52941176470588236,0.52941176470588236,0
xlmr,20260903,L,race_or_region_of_origin,893,0.78275475923852189,0.78275475923852189,0.78275475923852189,0
xlmr,20260903,L,religion,46,0.52173913043478259,0.52173913043478259,0.52173913043478259,0
xlmr,20260903,L,politics,1790,0.78212290502793291,0.78212290502793291,0.78212290502793291,0
xlmr,20260903,L,occupation,365,0.48767123287671232,0.48767123287671232,0.48767123287671232,0
xlmr,20260903,L,disability,99,0.37373737373737376,0.37373737373737376,0.37373737373737376,0
xlmr,20260903,W,gender,232,0.53448275862068961,0.53448275862068961,0.53448275862068961,0
xlmr,20260903,W,age,102,0.52941176470588236,0.52941176470588236,0.52941176470588236,0
xlmr,20260903,W,race_or_region_of_origin,893,0.60134378499440089,0.60134378499440089,0.60134378499440089,0
xlmr,20260903,W,religion,46,0.56521739130434778,0.56521739130434778,0.56521739130434778,0
xlmr,20260903,W,politics,1790,0.49050279329608937,0.49050279329608937,0.49050279329608937,0
xlmr,20260903,W,occupation,365,0.36164383561643837,0.36164383561643837,0.36164383561643837,0
xlmr,20260903,W,disability,99,0.37373737373737376,0.37373737373737376,0.37373737373737376,0
xlmr,20260903,P,gender,232,0,0,0,0
xlmr,20260903,P,age,102,0,0,0,0
xlmr,20260903,P,race_or_region_of_origin,893,0,0,0,0
xlmr,20260903,P,religion,46,0,0,0,0
xlmr,20260903,P,politics,1790,0,0,0,0
xlmr,20260903,P,occupation,365,0,0,0,0
xlmr,20260903,P,disability,99,0,0,0,0
xlmr,20260904,S,gender,232,0.69827586206896552,0.69827586206896552,0.69827586206896552,0
xlmr,20260904,S,age,102,0.55882352941176472,0.55882352941176472,0.55882352941176472,0
xlmr,20260904,S,race_or_region_of_origin,893,0.67749160134378494,0.67749160134378494,0.67749160134378494,0
xlmr,20260904,S,religion,46,0.60869565217391308,0.60869565217391308,0.60869565217391308,0
xlmr,20260904,S,politics,1790,0.6435754189944134,0.6435754189944134,0.6435754189944134,0
xlmr,20260904,S,occupation,365,0.46027397260273972,0.46027397260273972,0.46027397260273972,0
xlmr,20260904,S,disability,99,0.50505050505050508,0.50505050505050508,0.50505050505050508,0
xlmr,20260904,L,gender,232,0.33620689655172414,0.33620689655172414,0.33620689655172414,0
xlmr,20260904,L,age,102,0.48039215686274511,0.48039215686274511,0.48039215686274511,0
xlmr,20260904,L,race_or_region_of_origin,893,0.7021276595744681,0.7021276595744681,0.7021276595744681,0
xlmr,20260904,L,religion,46,0.60869565217391308,0.60869565217391308,0.60869565217391308,0
xlmr,20260904,L,politics,1790,0.78324022346368716,0.78324022346368716,0.78324022346368716,0
xlmr,20260904,L,occupation,365,0.46575342465753422,0.46575342465753422,0.46575342465753422,0
xlmr,20260904,L,disability,99,0.34343434343434343,0.34343434343434343,0.34343434343434343,0
xlmr,20260904,W,gender,232,0.77586206896551724,0.77586206896551724,0.77586206896551724,0
xlmr,20260904,W,age,102,0.72549019607843135,0.72549019607843135,0.72549019607843135,0
xlmr,20260904,W,race_or_region_of_origin,893,0.72676371780515114,0.72676371780515114,0.72676371780515114,0
xlmr,20260904,W,religion,46,0.78260869565217395,0.78260869565217395,0.78260869565217395,0
xlmr,20260904,W,politics,1790,0.63240223463687151,0.63240223463687151,0.63240223463687151,0
xlmr,20260904,W,occupation,365,0.50958904109589043,0.50958904109589043,0.50958904109589043,0
xlmr,20260904,W,disability,99,0.56565656565656564,0.56565656565656564,0.56565656565656564,0
xlmr,20260904,P,gender,232,0,0,0,0
xlmr,20260904,P,age,102,0,0,0,0
xlmr,20260904,P,race_or_region_of_origin,893,0,0,0,0
xlmr,20260904,P,religion,46,0,0,0,0
xlmr,20260904,P,politics,1790,0,0,0,0
xlmr,20260904,P,occupation,365,0,0,0,0
xlmr,20260904,P,disability,99,0,0,0,0
xlmr,20260905,S,gender,232,0.76724137931034486,0.76724137931034486,0.76724137931034486,0
xlmr,20260905,S,age,102,0.72549019607843135,0.72549019607843135,0.72549019607843135,0
xlmr,20260905,S,race_or_region_of_origin,893,0.68421052631578949,0.68421052631578949,0.68421052631578949,0
xlmr,20260905,S,religion,46,0.76086956521739135,0.76086956521739135,0.76086956521739135,0
xlmr,20260905,S,politics,1790,0.66424581005586592,0.66424581005586592,0.66424581005586592,0
xlmr,20260905,S,occupation,365,0.53150684931506853,0.53150684931506853,0.53150684931506853,0
xlmr,20260905,S,disability,99,0.60606060606060608,0.60606060606060608,0.60606060606060608,0
xlmr,20260905,L,gender,232,0.40517241379310343,0.40517241379310343,0.40517241379310343,0
xlmr,20260905,L,age,102,0.33333333333333331,0.33333333333333331,0.33333333333333331,0
xlmr,20260905,L,race_or_region_of_origin,893,0.7513997760358343,0.7513997760358343,0.7513997760358343,0
xlmr,20260905,L,religion,46,0.54347826086956519,0.54347826086956519,0.54347826086956519,0
xlmr,20260905,L,politics,1790,0.76201117318435752,0.76201117318435752,0.76201117318435752,0
xlmr,20260905,L,occupation,365,0.34794520547945207,0.34794520547945207,0.34794520547945207,0
xlmr,20260905,L,disability,99,0.36363636363636365,0.36363636363636365,0.36363636363636365,0
xlmr,20260905,W,gender,232,0.57327586206896552,0.57327586206896552,0.57327586206896552,0
xlmr,20260905,W,age,102,0.58823529411764708,0.58823529411764708,0.58823529411764708,0
xlmr,20260905,W,race_or_region_of_origin,893,0.60246360582306835,0.60246360582306835,0.60246360582306835,0
xlmr,20260905,W,religion,46,0.65217391304347827,0.65217391304347827,0.65217391304347827,0
xlmr,20260905,W,politics,1790,0.62458100558659213,0.62458100558659213,0.62458100558659213,0
xlmr,20260905,W,occupation,365,0.48493150684931507,0.48493150684931507,0.48493150684931507,0
xlmr,20260905,W,disability,99,0.5252525252525253,0.5252525252525253,0.5252525252525253,0
xlmr,20260905,P,gender,232,0,0,0,0
xlmr,20260905,P,age,102,0,0,0,0
xlmr,20260905,P,race_or_region_of_origin,893,0,0,0,0
xlmr,20260905,P,religion,46,0,0,0,0
xlmr,20260905,P,politics,1790,0,0,0,0
xlmr,20260905,P,occupation,365,0,0,0,0
xlmr,20260905,P,disability,99,0,0,0,0
xlmr,20260906,S,gender,232,0.91379310344827591,0.91379310344827591,0.91379310344827591,0
xlmr,20260906,S,age,102,0.79411764705882348,0.79411764705882348,0.79411764705882348,0
xlmr,20260906,S,race_or_region_of_origin,893,0.86450167973124303,0.86450167973124303,0.86450167973124303,0
xlmr,20260906,S,religion,46,0.89130434782608692,0.89130434782608692,0.89130434782608692,0
xlmr,20260906,S,politics,1790,0.81955307262569832,0.81955307262569832,0.81955307262569832,0
xlmr,20260906,S,occupation,365,0.74520547945205484,0.74520547945205484,0.74520547945205484,0
xlmr,20260906,S,disability,99,0.77777777777777779,0.77777777777777779,0.77777777777777779,0
xlmr,20260906,L,gender,232,0.38362068965517243,0.38362068965517243,0.38362068965517243,0
xlmr,20260906,L,age,102,0.44117647058823528,0.44117647058823528,0.44117647058823528,0
xlmr,20260906,L,race_or_region_of_origin,893,0.79619260918253076,0.79619260918253076,0.79619260918253076,0
xlmr,20260906,L,religion,46,0.60869565217391308,0.60869565217391308,0.60869565217391308,0
xlmr,20260906,L,politics,1790,0.77374301675977653,0.77374301675977653,0.77374301675977653,0
xlmr,20260906,L,occupation,365,0.50136986301369868,0.50136986301369868,0.50136986301369868,0
xlmr,20260906,L,disability,99,0.31313131313131315,0.31313131313131315,0.31313131313131315,0
xlmr,20260906,W,gender,232,0.66379310344827591,0.66379310344827591,0.66379310344827591,0
xlmr,20260906,W,age,102,0.56862745098039214,0.56862745098039214,0.56862745098039214,0
xlmr,20260906,W,race_or_region_of_origin,893,0.69316909294512874,0.69316909294512874,0.69316909294512874,0
xlmr,20260906,W,religion,46,0.69565217391304346,0.69565217391304346,0.69565217391304346,0
xlmr,20260906,W,politics,1790,0.58659217877094971,0.58659217877094971,0.58659217877094971,0
xlmr,20260906,W,occupation,365,0.43561643835616437,0.43561643835616437,0.43561643835616437,0
xlmr,20260906,W,disability,99,0.48484848484848486,0.48484848484848486,0.48484848484848486,0
xlmr,20260906,P,gender,232,0,0,0,0
xlmr,20260906,P,age,102,0,0,0,0
xlmr,20260906,P,race_or_region_of_origin,893,0,0,0,0
xlmr,20260906,P,religion,46,0,0,0,0
xlmr,20260906,P,politics,1790,0,0,0,0
xlmr,20260906,P,occupation,365,0,0,0,0
xlmr,20260906,P,disability,99,0,0,0,0
xlmr,20260907,S,gender,232,0.84913793103448276,0.84913793103448276,0.84913793103448276,0
xlmr,20260907,S,age,102,0.77450980392156865,0.77450980392156865,0.77450980392156865,0
xlmr,20260907,S,race_or_region_of_origin,893,0.75587905935050392,0.75587905935050392,0.75587905935050392,0
xlmr,20260907,S,religion,46,0.71739130434782605,0.71739130434782605,0.71739130434782605,0
xlmr,20260907,S,politics,1790,0.68715083798882681,0.68715083798882681,0.68715083798882681,0
xlmr,20260907,S,occupation,365,0.53150684931506853,0.53150684931506853,0.53150684931506853,0
xlmr,20260907,S,disability,99,0.5757575757575758,0.5757575757575758,0.5757575757575758,0
xlmr,20260907,L,gender,232,0.36206896551724138,0.36206896551724138,0.36206896551724138,0
xlmr,20260907,L,age,102,0.48039215686274511,0.48039215686274511,0.48039215686274511,0
xlmr,20260907,L,race_or_region_of_origin,893,0.81075027995520721,0.81075027995520721,0.81075027995520721,0
xlmr,20260907,L,religion,46,0.58695652173913049,0.58695652173913049,0.58695652173913049,0
xlmr,20260907,L,politics,1790,0.79106145251396653,0.79106145251396653,0.79106145251396653,0
xlmr,20260907,L,occupation,365,0.40821917808219177,0.40821917808219177,0.40821917808219177,0
xlmr,20260907,L,disability,99,0.40404040404040403,0.40404040404040403,0.40404040404040403,0
xlmr,20260907,W,gender,232,0.53017241379310343,0.53017241379310343,0.53017241379310343,0
xlmr,20260907,W,age,102,0.47058823529411764,0.47058823529411764,0.47058823529411764,0
xlmr,20260907,W,race_or_region_of_origin,893,0.38521836506159013,0.38521836506159013,0.38521836506159013,0
xlmr,20260907,W,religion,46,0.41304347826086957,0.41304347826086957,0.41304347826086957,0
xlmr,20260907,W,politics,1790,0.42960893854748605,0.42960893854748605,0.42960893854748605,0
xlmr,20260907,W,occupation,365,0.26027397260273971,0.26027397260273971,0.26027397260273971,0
xlmr,20260907,W,disability,99,0.25252525252525254,0.25252525252525254,0.25252525252525254,0
xlmr,20260907,P,gender,232,0,0,0,0
xlmr,20260907,P,age,102,0,0,0,0
xlmr,20260907,P,race_or_region_of_origin,893,0,0,0,0
xlmr,20260907,P,religion,46,0,0,0,0
xlmr,20260907,P,politics,1790,0,0,0,0
xlmr,20260907,P,occupation,365,0,0,0,0
xlmr,20260907,P,disability,99,0,0,0,0
xlmr,20260908,S,gender,232,0.87068965517241381,0.87068965517241381,0.87068965517241381,0
xlmr,20260908,S,age,102,0.77450980392156865,0.77450980392156865,0.77450980392156865,0
xlmr,20260908,S,race_or_region_of_origin,893,0.79395296752519595,0.79395296752519595,0.79395296752519595,0
xlmr,20260908,S,religion,46,0.69565217391304346,0.69565217391304346,0.69565217391304346,0
xlmr,20260908,S,politics,1790,0.71340782122905033,0.71340782122905033,0.71340782122905033,0
xlmr,20260908,S,occupation,365,0.59178082191780823,0.59178082191780823,0.59178082191780823,0
xlmr,20260908,S,disability,99,0.68686868686868685,0.68686868686868685,0.68686868686868685,0
xlmr,20260908,L,gender,232,0.2413793103448276,0.2413793103448276,0.2413793103448276,0
xlmr,20260908,L,age,102,0.46078431372549017,0.46078431372549017,0.46078431372549017,0
xlmr,20260908,L,race_or_region_of_origin,893,0.72788353863381861,0.72788353863381861,0.72788353863381861,0
xlmr,20260908,L,religion,46,0.56521739130434778,0.56521739130434778,0.56521739130434778,0
xlmr,20260908,L,politics,1790,0.75921787709497202,0.75921787709497202,0.75921787709497202,0
xlmr,20260908,L,occupation,365,0.40000000000000002,0.40000000000000002,0.40000000000000002,0
xlmr,20260908,L,disability,99,0.33333333333333331,0.33333333333333331,0.33333333333333331,0
xlmr,20260908,W,gender,232,0.78017241379310343,0.78017241379310343,0.78017241379310343,0
xlmr,20260908,W,age,102,0.74509803921568629,0.74509803921568629,0.74509803921568629,0
xlmr,20260908,W,race_or_region_of_origin,893,0.70772676371780519,0.70772676371780519,0.70772676371780519,0
xlmr,20260908,W,religion,46,0.76086956521739135,0.76086956521739135,0.76086956521739135,0
xlmr,20260908,W,politics,1790,0.68826815642458106,0.68826815642458106,0.68826815642458106,0
xlmr,20260908,W,occupation,365,0.54794520547945202,0.54794520547945202,0.54794520547945202,0
xlmr,20260908,W,disability,99,0.59595959595959591,0.59595959595959591,0.59595959595959591,0
xlmr,20260908,P,gender,232,0,0,0,0
xlmr,20260908,P,age,102,0,0,0,0
xlmr,20260908,P,race_or_region_of_origin,893,0,0,0,0
xlmr,20260908,P,religion,46,0,0,0,0
xlmr,20260908,P,politics,1790,0,0,0,0
xlmr,20260908,P,occupation,365,0,0,0,0
xlmr,20260908,P,disability,99,0,0,0,0
xlmr,20260909,S,gender,232,0.81465517241379315,0.81465517241379315,0.81465517241379315,0
xlmr,20260909,S,age,102,0.84313725490196079,0.84313725490196079,0.84313725490196079,0
xlmr,20260909,S,race_or_region_of_origin,893,0.69316909294512874,0.69316909294512874,0.69316909294512874,0
xlmr,20260909,S,religion,46,0.76086956521739135,0.76086956521739135,0.76086956521739135,0
xlmr,20260909,S,politics,1790,0.79050279329608941,0.79050279329608941,0.79050279329608941,0
xlmr,20260909,S,occupation,365,0.62191780821917808,0.62191780821917808,0.62191780821917808,0
xlmr,20260909,S,disability,99,0.72727272727272729,0.72727272727272729,0.72727272727272729,0
xlmr,20260909,L,gender,232,0.46120689655172414,0.46120689655172414,0.46120689655172414,0
xlmr,20260909,L,age,102,0.53921568627450978,0.53921568627450978,0.53921568627450978,0
xlmr,20260909,L,race_or_region_of_origin,893,0.78835386338185887,0.78835386338185887,0.78835386338185887,0
xlmr,20260909,L,religion,46,0.67391304347826086,0.67391304347826086,0.67391304347826086,0
xlmr,20260909,L,politics,1790,0.8446927374301676,0.8446927374301676,0.8446927374301676,0
xlmr,20260909,L,occupation,365,0.44931506849315067,0.44931506849315067,0.44931506849315067,0
xlmr,20260909,L,disability,99,0.43434343434343436,0.43434343434343436,0.43434343434343436,0
xlmr,20260909,W,gender,232,0.52586206896551724,0.52586206896551724,0.52586206896551724,0
xlmr,20260909,W,age,102,0.56862745098039214,0.56862745098039214,0.56862745098039214,0
xlmr,20260909,W,race_or_region_of_origin,893,0.46584546472564392,0.46584546472564392,0.46584546472564392,0
xlmr,20260909,W,religion,46,0.5,0.5,0.5,0
xlmr,20260909,W,politics,1790,0.48770949720670392,0.48770949720670392,0.48770949720670392,0
xlmr,20260909,W,occupation,365,0.34520547945205482,0.34520547945205482,0.34520547945205482,0
xlmr,20260909,W,disability,99,0.41414141414141414,0.41414141414141414,0.41414141414141414,0
xlmr,20260909,P,gender,232,0,0,0,0
xlmr,20260909,P,age,102,0,0,0,0
xlmr,20260909,P,race_or_region_of_origin,893,0,0,0,0
xlmr,20260909,P,religion,46,0,0,0,0
xlmr,20260909,P,politics,1790,0,0,0,0
xlmr,20260909,P,occupation,365,0,0,0,0
xlmr,20260909,P,disability,99,0,0,0,0
xlmr,20260910,S,gender,232,0.88793103448275867,0.88793103448275867,0.88793103448275867,0
xlmr,20260910,S,age,102,0.74509803921568629,0.74509803921568629,0.74509803921568629,0
xlmr,20260910,S,race_or_region_of_origin,893,0.75251959686450165,0.75251959686450165,0.75251959686450165,0
xlmr,20260910,S,religion,46,0.67391304347826086,0.67391304347826086,0.67391304347826086,0
xlmr,20260910,S,politics,1790,0.65586592178770953,0.65586592178770953,0.65586592178770953,0
xlmr,20260910,S,occupation,365,0.52328767123287667,0.52328767123287667,0.52328767123287667,0
xlmr,20260910,S,disability,99,0.55555555555555558,0.55555555555555558,0.55555555555555558,0
xlmr,20260910,L,gender,232,0.52586206896551724,0.52586206896551724,0.52586206896551724,0
xlmr,20260910,L,age,102,0.43137254901960786,0.43137254901960786,0.43137254901960786,0
xlmr,20260910,L,race_or_region_of_origin,893,0.62150055991041431,0.62150055991041431,0.62150055991041431,0
xlmr,20260910,L,religion,46,0.54347826086956519,0.54347826086956519,0.54347826086956519,0
xlmr,20260910,L,politics,1790,0.77430167597765365,0.77430167597765365,0.77430167597765365,0
xlmr,20260910,L,occupation,365,0.45753424657534247,0.45753424657534247,0.45753424657534247,0
xlmr,20260910,L,disability,99,0.36363636363636365,0.36363636363636365,0.36363636363636365,0
xlmr,20260910,W,gender,232,0,0,0,0
xlmr,20260910,W,age,102,0,0,0,0
xlmr,20260910,W,race_or_region_of_origin,893,0,0,0,0
xlmr,20260910,W,religion,46,0,0,0,0
xlmr,20260910,W,politics,1790,0,0,0,0
xlmr,20260910,W,occupation,365,0,0,0,0
xlmr,20260910,W,disability,99,0,0,0,0
xlmr,20260910,P,gender,232,0,0,0,0
xlmr,20260910,P,age,102,0,0,0,0
xlmr,20260910,P,race_or_region_of_origin,893,0,0,0,0
xlmr,20260910,P,religion,46,0,0,0,0
xlmr,20260910,P,politics,1790,0,0,0,0
xlmr,20260910,P,occupation,365,0,0,0,0
xlmr,20260910,P,disability,99,0,0,0,0
xlmr,20260911,S,gender,232,0.65948275862068961,0.65948275862068961,0.65948275862068961,0
xlmr,20260911,S,age,102,0.72549019607843135,0.72549019607843135,0.72549019607843135,0
xlmr,20260911,S,race_or_region_of_origin,893,0.65621500559910417,0.65621500559910417,0.65621500559910417,0
xlmr,20260911,S,religion,46,0.76086956521739135,0.76086956521739135,0.76086956521739135,0
xlmr,20260911,S,politics,1790,0.66312849162011178,0.66312849162011178,0.66312849162011178,0
xlmr,20260911,S,occupation,365,0.55616438356164388,0.55616438356164388,0.55616438356164388,0
xlmr,20260911,S,disability,99,0.59595959595959591,0.59595959595959591,0.59595959595959591,0
xlmr,20260911,L,gender,232,0.31034482758620691,0.31034482758620691,0.31034482758620691,0
xlmr,20260911,L,age,102,0.49019607843137253,0.49019607843137253,0.49019607843137253,0
xlmr,20260911,L,race_or_region_of_origin,893,0.67637178051511759,0.67637178051511759,0.67637178051511759,0
xlmr,20260911,L,religion,46,0.63043478260869568,0.63043478260869568,0.63043478260869568,0
xlmr,20260911,L,politics,1790,0.72234636871508384,0.72234636871508384,0.72234636871508384,0
xlmr,20260911,L,occupation,365,0.37534246575342467,0.37534246575342467,0.37534246575342467,0
xlmr,20260911,L,disability,99,0.36363636363636365,0.36363636363636365,0.36363636363636365,0
xlmr,20260911,W,gender,232,0.52155172413793105,0.52155172413793105,0.52155172413793105,0
xlmr,20260911,W,age,102,0.61764705882352944,0.61764705882352944,0.61764705882352944,0
xlmr,20260911,W,race_or_region_of_origin,893,0.56438969764837621,0.56438969764837621,0.56438969764837621,0
xlmr,20260911,W,religion,46,0.60869565217391308,0.60869565217391308,0.60869565217391308,0
xlmr,20260911,W,politics,1790,0.60502793296089385,0.60502793296089385,0.60502793296089385,0
xlmr,20260911,W,occupation,365,0.46575342465753422,0.46575342465753422,0.46575342465753422,0
xlmr,20260911,W,disability,99,0.43434343434343436,0.43434343434343436,0.43434343434343436,0
xlmr,20260911,P,gender,232,0,0,0,0
xlmr,20260911,P,age,102,0,0,0,0
xlmr,20260911,P,race_or_region_of_origin,893,0,0,0,0
xlmr,20260911,P,religion,46,0,0,0,0
xlmr,20260911,P,politics,1790,0,0,0,0
xlmr,20260911,P,occupation,365,0,0,0,0
xlmr,20260911,P,disability,99,0,0,0,0
xlmr,20260912,S,gender,232,0.95258620689655171,0.95258620689655171,0.95258620689655171,0
xlmr,20260912,S,age,102,0.84313725490196079,0.84313725490196079,0.84313725490196079,0
xlmr,20260912,S,race_or_region_of_origin,893,0.79507278835386341,0.79507278835386341,0.79507278835386341,0
xlmr,20260912,S,religion,46,0.80434782608695654,0.80434782608695654,0.80434782608695654,0
xlmr,20260912,S,politics,1790,0.78212290502793291,0.78212290502793291,0.78212290502793291,0
xlmr,20260912,S,occupation,365,0.74520547945205484,0.74520547945205484,0.74520547945205484,0
xlmr,20260912,S,disability,99,0.77777777777777779,0.77777777777777779,0.77777777777777779,0
xlmr,20260912,L,gender,232,0.35775862068965519,0.35775862068965519,0.35775862068965519,0
xlmr,20260912,L,age,102,0.49019607843137253,0.49019607843137253,0.49019607843137253,0
xlmr,20260912,L,race_or_region_of_origin,893,0.74020156774916013,0.74020156774916013,0.74020156774916013,0
xlmr,20260912,L,religion,46,0.63043478260869568,0.63043478260869568,0.63043478260869568,0
xlmr,20260912,L,politics,1790,0.81284916201117319,0.81284916201117319,0.81284916201117319,0
xlmr,20260912,L,occupation,365,0.47671232876712327,0.47671232876712327,0.47671232876712327,0
xlmr,20260912,L,disability,99,0.41414141414141414,0.41414141414141414,0.41414141414141414,0
xlmr,20260912,W,gender,232,0.80172413793103448,0.80172413793103448,0.80172413793103448,0
xlmr,20260912,W,age,102,0.78431372549019607,0.78431372549019607,0.78431372549019607,0
xlmr,20260912,W,race_or_region_of_origin,893,0.73348264277715569,0.73348264277715569,0.73348264277715569,0
xlmr,20260912,W,religion,46,0.80434782608695654,0.80434782608695654,0.80434782608695654,0
xlmr,20260912,W,politics,1790,0.74078212290502798,0.74078212290502798,0.74078212290502798,0
xlmr,20260912,W,occupation,365,0.62739726027397258,0.62739726027397258,0.62739726027397258,0
xlmr,20260912,W,disability,99,0.6262626262626263,0.6262626262626263,0.6262626262626263,0
xlmr,20260912,P,gender,232,0,0,0,0
xlmr,20260912,P,age,102,0,0,0,0
xlmr,20260912,P,race_or_region_of_origin,893,0,0,0,0
xlmr,20260912,P,religion,46,0,0,0,0
xlmr,20260912,P,politics,1790,0,0,0,0
xlmr,20260912,P,occupation,365,0,0,0,0
xlmr,20260912,P,disability,99,0,0,0,0
xlmr,20260913,S,gender,232,0.71982758620689657,0.71982758620689657,0.71982758620689657,0
xlmr,20260913,S,age,102,0.65686274509803921,0.65686274509803921,0.65686274509803921,0
xlmr,20260913,S,race_or_region_of_origin,893,0.73796192609182532,0.73796192609182532,0.73796192609182532,0
xlmr,20260913,S,religion,46,0.78260869565217395,0.78260869565217395,0.78260869565217395,0
xlmr,20260913,S,politics,1790,0.74916201117318437,0.74916201117318437,0.74916201117318437,0
xlmr,20260913,S,occupation,365,0.60821917808219184,0.60821917808219184,0.60821917808219184,0
xlmr,20260913,S,disability,99,0.56565656565656564,0.56565656565656564,0.56565656565656564,0
xlmr,20260913,L,gender,232,0.56896551724137934,0.56896551724137934,0.56896551724137934,0
xlmr,20260913,L,age,102,0.53921568627450978,0.53921568627450978,0.53921568627450978,0
xlmr,20260913,L,race_or_region_of_origin,893,0.78275475923852189,0.78275475923852189,0.78275475923852189,0
xlmr,20260913,L,religion,46,0.71739130434782605,0.71739130434782605,0.71739130434782605,0
xlmr,20260913,L,politics,1790,0.81452513966480444,0.81452513966480444,0.81452513966480444,0
xlmr,20260913,L,occupation,365,0.55342465753424652,0.55342465753424652,0.55342465753424652,0
xlmr,20260913,L,disability,99,0.42424242424242425,0.42424242424242425,0.42424242424242425,0
xlmr,20260913,W,gender,232,0.69827586206896552,0.69827586206896552,0.69827586206896552,0
xlmr,20260913,W,age,102,0.68627450980392157,0.68627450980392157,0.68627450980392157,0
xlmr,20260913,W,race_or_region_of_origin,893,0.72900335946248596,0.72900335946248596,0.72900335946248596,0
xlmr,20260913,W,religion,46,0.76086956521739135,0.76086956521739135,0.76086956521739135,0
xlmr,20260913,W,politics,1790,0.71061452513966483,0.71061452513966483,0.71061452513966483,0
xlmr,20260913,W,occupation,365,0.57260273972602738,0.57260273972602738,0.57260273972602738,0
xlmr,20260913,W,disability,99,0.5757575757575758,0.5757575757575758,0.5757575757575758,0
xlmr,20260913,P,gender,232,0,0,0,0
xlmr,20260913,P,age,102,0,0,0,0
xlmr,20260913,P,race_or_region_of_origin,893,0,0,0,0
xlmr,20260913,P,religion,46,0,0,0,0
xlmr,20260913,P,politics,1790,0,0,0,0
xlmr,20260913,P,occupation,365,0,0,0,0
xlmr,20260913,P,disability,99,0,0,0,0
xlmr,20260914,S,gender,232,0.82327586206896552,0.82327586206896552,0.82327586206896552,0
xlmr,20260914,S,age,102,0.75490196078431371,0.75490196078431371,0.75490196078431371,0
xlmr,20260914,S,race_or_region_of_origin,893,0.82082866741321392,0.82082866741321392,0.82082866741321392,0
xlmr,20260914,S,religion,46,0.67391304347826086,0.67391304347826086,0.67391304347826086,0
xlmr,20260914,S,politics,1790,0.71620111731843572,0.71620111731843572,0.71620111731843572,0
xlmr,20260914,S,occupation,365,0.55068493150684927,0.55068493150684927,0.55068493150684927,0
xlmr,20260914,S,disability,99,0.6767676767676768,0.6767676767676768,0.6767676767676768,0
xlmr,20260914,L,gender,232,0.53017241379310343,0.53017241379310343,0.53017241379310343,0
xlmr,20260914,L,age,102,0.52941176470588236,0.52941176470588236,0.52941176470588236,0
xlmr,20260914,L,race_or_region_of_origin,893,0.73908174692049267,0.73908174692049267,0.73908174692049267,0
xlmr,20260914,L,religion,46,0.69565217391304346,0.69565217391304346,0.69565217391304346,0
xlmr,20260914,L,politics,1790,0.78938547486033517,0.78938547486033517,0.78938547486033517,0
xlmr,20260914,L,occupation,365,0.46027397260273972,0.46027397260273972,0.46027397260273972,0
xlmr,20260914,L,disability,99,0.37373737373737376,0.37373737373737376,0.37373737373737376,0
xlmr,20260914,W,gender,232,0.03017241379310345,0.03017241379310345,0.03017241379310345,0
xlmr,20260914,W,age,102,0,0,0,0
xlmr,20260914,W,race_or_region_of_origin,893,0.067189249720044794,0.067189249720044794,0.067189249720044794,0
xlmr,20260914,W,religion,46,0.043478260869565216,0.043478260869565216,0.043478260869565216,0
xlmr,20260914,W,politics,1790,0.047486033519553071,0.047486033519553071,0.047486033519553071,0
xlmr,20260914,W,occupation,365,0.027397260273972601,0.027397260273972601,0.027397260273972601,0
xlmr,20260914,W,disability,99,0.060606060606060608,0.060606060606060608,0.060606060606060608,0
xlmr,20260914,P,gender,232,0,0,0,0
xlmr,20260914,P,age,102,0,0,0,0
xlmr,20260914,P,race_or_region_of_origin,893,0,0,0,0
xlmr,20260914,P,religion,46,0,0,0,0
xlmr,20260914,P,politics,1790,0,0,0,0
xlmr,20260914,P,occupation,365,0,0,0,0
xlmr,20260914,P,disability,99,0,0,0,0
xlmr,20260915,S,gender,232,0.77155172413793105,0.77155172413793105,0.77155172413793105,0
xlmr,20260915,S,age,102,0.78431372549019607,0.78431372549019607,0.78431372549019607,0
xlmr,20260915,S,race_or_region_of_origin,893,0.7592385218365062,0.7592385218365062,0.7592385218365062,0
xlmr,20260915,S,religion,46,0.73913043478260865,0.73913043478260865,0.73913043478260865,0
xlmr,20260915,S,politics,1790,0.71508379888268159,0.71508379888268159,0.71508379888268159,0
xlmr,20260915,S,occupation,365,0.65205479452054793,0.65205479452054793,0.65205479452054793,0
xlmr,20260915,S,disability,99,0.61616161616161613,0.61616161616161613,0.61616161616161613,0
xlmr,20260915,L,gender,232,0.53017241379310343,0.53017241379310343,0.53017241379310343,0
xlmr,20260915,L,age,102,0.58823529411764708,0.58823529411764708,0.58823529411764708,0
xlmr,20260915,L,race_or_region_of_origin,893,0.81858902575587911,0.81858902575587911,0.81858902575587911,0
xlmr,20260915,L,religion,46,0.65217391304347827,0.65217391304347827,0.65217391304347827,0
xlmr,20260915,L,politics,1790,0.79944134078212292,0.79944134078212292,0.79944134078212292,0
xlmr,20260915,L,occupation,365,0.49315068493150682,0.49315068493150682,0.49315068493150682,0
xlmr,20260915,L,disability,99,0.44444444444444442,0.44444444444444442,0.44444444444444442,0
xlmr,20260915,W,gender,232,0.59482758620689657,0.59482758620689657,0.59482758620689657,0
xlmr,20260915,W,age,102,0.65686274509803921,0.65686274509803921,0.65686274509803921,0
xlmr,20260915,W,race_or_region_of_origin,893,0.65173572228443444,0.65173572228443444,0.65173572228443444,0
xlmr,20260915,W,religion,46,0.63043478260869568,0.63043478260869568,0.63043478260869568,0
xlmr,20260915,W,politics,1790,0.63631284916201114,0.63631284916201114,0.63631284916201114,0
xlmr,20260915,W,occupation,365,0.53698630136986303,0.53698630136986303,0.53698630136986303,0
xlmr,20260915,W,disability,99,0.55555555555555558,0.55555555555555558,0.55555555555555558,0
xlmr,20260915,P,gender,232,0,0,0,0
xlmr,20260915,P,age,102,0,0,0,0
xlmr,20260915,P,race_or_region_of_origin,893,0,0,0,0
xlmr,20260915,P,religion,46,0,0,0,0
xlmr,20260915,P,politics,1790,0,0,0,0
xlmr,20260915,P,occupation,365,0,0,0,0
xlmr,20260915,P,disability,99,0,0,0,0
xlmr,20260916,S,gender,232,0.82327586206896552,0.82327586206896552,0.82327586206896552,0
xlmr,20260916,S,age,102,0.73529411764705888,0.73529411764705888,0.73529411764705888,0
xlmr,20260916,S,race_or_region_of_origin,893,0.72676371780515114,0.72676371780515114,0.72676371780515114,0
xlmr,20260916,S,religion,46,0.80434782608695654,0.80434782608695654,0.80434782608695654,0
xlmr,20260916,S,politics,1790,0.6754189944134078,0.6754189944134078,0.6754189944134078,0
xlmr,20260916,S,occupation,365,0.58082191780821912,0.58082191780821912,0.58082191780821912,0
xlmr,20260916,S,disability,99,0.63636363636363635,0.63636363636363635,0.63636363636363635,0
xlmr,20260916,L,gender,232,0.41810344827586204,0.41810344827586204,0.41810344827586204,0
xlmr,20260916,L,age,102,0.49019607843137253,0.49019607843137253,0.49019607843137253,0
xlmr,20260916,L,race_or_region_of_origin,893,0.70772676371780519,0.70772676371780519,0.70772676371780519,0
xlmr,20260916,L,religion,46,0.56521739130434778,0.56521739130434778,0.56521739130434778,0
xlmr,20260916,L,politics,1790,0.74804469273743013,0.74804469273743013,0.74804469273743013,0
xlmr,20260916,L,occupation,365,0.41369863013698632,0.41369863013698632,0.41369863013698632,0
xlmr,20260916,L,disability,99,0.48484848484848486,0.48484848484848486,0.48484848484848486,0
xlmr,20260916,W,gender,232,0.77586206896551724,0.77586206896551724,0.77586206896551724,0
xlmr,20260916,W,age,102,0.71568627450980393,0.71568627450980393,0.71568627450980393,0
xlmr,20260916,W,race_or_region_of_origin,893,0.73012318029115342,0.73012318029115342,0.73012318029115342,0
xlmr,20260916,W,religion,46,0.73913043478260865,0.73913043478260865,0.73913043478260865,0
xlmr,20260916,W,politics,1790,0.64525139664804465,0.64525139664804465,0.64525139664804465,0
xlmr,20260916,W,occupation,365,0.53150684931506853,0.53150684931506853,0.53150684931506853,0
xlmr,20260916,W,disability,99,0.61616161616161613,0.61616161616161613,0.61616161616161613,0
xlmr,20260916,P,gender,232,0,0,0,0
xlmr,20260916,P,age,102,0,0,0,0
xlmr,20260916,P,race_or_region_of_origin,893,0,0,0,0
xlmr,20260916,P,religion,46,0,0,0,0
xlmr,20260916,P,politics,1790,0,0,0,0
xlmr,20260916,P,occupation,365,0,0,0,0
xlmr,20260916,P,disability,99,0,0,0,0
xlmr,20260917,S,gender,232,0.82758620689655171,0.82758620689655171,0.82758620689655171,0
xlmr,20260917,S,age,102,0.67647058823529416,0.67647058823529416,0.67647058823529416,0
xlmr,20260917,S,race_or_region_of_origin,893,0.6864501679731243,0.6864501679731243,0.6864501679731243,0
xlmr,20260917,S,religion,46,0.69565217391304346,0.69565217391304346,0.69565217391304346,0
xlmr,20260917,S,politics,1790,0.617877094972067,0.617877094972067,0.617877094972067,0
xlmr,20260917,S,occupation,365,0.51232876712328768,0.51232876712328768,0.51232876712328768,0
xlmr,20260917,S,disability,99,0.44444444444444442,0.44444444444444442,0.44444444444444442,0
xlmr,20260917,L,gender,232,0.39655172413793105,0.39655172413793105,0.39655172413793105,0
xlmr,20260917,L,age,102,0.45098039215686275,0.45098039215686275,0.45098039215686275,0
xlmr,20260917,L,race_or_region_of_origin,893,0.69316909294512874,0.69316909294512874,0.69316909294512874,0
xlmr,20260917,L,religion,46,0.65217391304347827,0.65217391304347827,0.65217391304347827,0
xlmr,20260917,L,politics,1790,0.73575418994413411,0.73575418994413411,0.73575418994413411,0
xlmr,20260917,L,occupation,365,0.45753424657534247,0.45753424657534247,0.45753424657534247,0
xlmr,20260917,L,disability,99,0.31313131313131315,0.31313131313131315,0.31313131313131315,0
xlmr,20260917,W,gender,232,0.63793103448275867,0.63793103448275867,0.63793103448275867,0
xlmr,20260917,W,age,102,0.55882352941176472,0.55882352941176472,0.55882352941176472,0
xlmr,20260917,W,race_or_region_of_origin,893,0.57558790593505038,0.57558790593505038,0.57558790593505038,0
xlmr,20260917,W,religion,46,0.65217391304347827,0.65217391304347827,0.65217391304347827,0
xlmr,20260917,W,politics,1790,0.46759776536312847,0.46759776536312847,0.46759776536312847,0
xlmr,20260917,W,occupation,365,0.34246575342465752,0.34246575342465752,0.34246575342465752,0
xlmr,20260917,W,disability,99,0.45454545454545453,0.45454545454545453,0.45454545454545453,0
xlmr,20260917,P,gender,232,0,0,0,0
xlmr,20260917,P,age,102,0,0,0,0
xlmr,20260917,P,race_or_region_of_origin,893,0,0,0,0
xlmr,20260917,P,religion,46,0,0,0,0
xlmr,20260917,P,politics,1790,0,0,0,0
xlmr,20260917,P,occupation,365,0,0,0,0
xlmr,20260917,P,disability,99,0,0,0,0
xlmr,20260918,S,gender,232,0.82758620689655171,0.82758620689655171,0.82758620689655171,0
xlmr,20260918,S,age,102,0.67647058823529416,0.67647058823529416,0.67647058823529416,0
xlmr,20260918,S,race_or_region_of_origin,893,0.71556550951847708,0.71556550951847708,0.71556550951847708,0
xlmr,20260918,S,religion,46,0.71739130434782605,0.71739130434782605,0.71739130434782605,0
xlmr,20260918,S,politics,1790,0.62234636871508375,0.62234636871508375,0.62234636871508375,0
xlmr,20260918,S,occupation,365,0.45479452054794522,0.45479452054794522,0.45479452054794522,0
xlmr,20260918,S,disability,99,0.59595959595959591,0.59595959595959591,0.59595959595959591,0
xlmr,20260918,L,gender,232,0.45689655172413796,0.45689655172413796,0.45689655172413796,0
xlmr,20260918,L,age,102,0.49019607843137253,0.49019607843137253,0.49019607843137253,0
xlmr,20260918,L,race_or_region_of_origin,893,0.76259798432250836,0.76259798432250836,0.76259798432250836,0
xlmr,20260918,L,religion,46,0.45652173913043476,0.45652173913043476,0.45652173913043476,0
xlmr,20260918,L,politics,1790,0.76424581005586589,0.76424581005586589,0.76424581005586589,0
xlmr,20260918,L,occupation,365,0.47397260273972602,0.47397260273972602,0.47397260273972602,0
xlmr,20260918,L,disability,99,0.40404040404040403,0.40404040404040403,0.40404040404040403,0
xlmr,20260918,W,gender,232,0.78017241379310343,0.78017241379310343,0.78017241379310343,0
xlmr,20260918,W,age,102,0.58823529411764708,0.58823529411764708,0.58823529411764708,0
xlmr,20260918,W,race_or_region_of_origin,893,0.56662933930571113,0.56662933930571113,0.56662933930571113,0
xlmr,20260918,W,religion,46,0.63043478260869568,0.63043478260869568,0.63043478260869568,0
xlmr,20260918,W,politics,1790,0.52346368715083802,0.52346368715083802,0.52346368715083802,0
xlmr,20260918,W,occupation,365,0.38082191780821917,0.38082191780821917,0.38082191780821917,0
xlmr,20260918,W,disability,99,0.41414141414141414,0.41414141414141414,0.41414141414141414,0
xlmr,20260918,P,gender,232,0,0,0,0
xlmr,20260918,P,age,102,0,0,0,0
xlmr,20260918,P,race_or_region_of_origin,893,0,0,0,0
xlmr,20260918,P,religion,46,0,0,0,0
xlmr,20260918,P,politics,1790,0,0,0,0
xlmr,20260918,P,occupation,365,0,0,0,0
xlmr,20260918,P,disability,99,0,0,0,0
xlmr,20260919,S,gender,232,0.77586206896551724,0.77586206896551724,0.77586206896551724,0
xlmr,20260919,S,age,102,0.73529411764705888,0.73529411764705888,0.73529411764705888,0
xlmr,20260919,S,race_or_region_of_origin,893,0.73012318029115342,0.73012318029115342,0.73012318029115342,0
xlmr,20260919,S,religion,46,0.69565217391304346,0.69565217391304346,0.69565217391304346,0
xlmr,20260919,S,politics,1790,0.76927374301675977,0.76927374301675977,0.76927374301675977,0
xlmr,20260919,S,occupation,365,0.58630136986301373,0.58630136986301373,0.58630136986301373,0
xlmr,20260919,S,disability,99,0.65656565656565657,0.65656565656565657,0.65656565656565657,0
xlmr,20260919,L,gender,232,0.43965517241379309,0.43965517241379309,0.43965517241379309,0
xlmr,20260919,L,age,102,0.52941176470588236,0.52941176470588236,0.52941176470588236,0
xlmr,20260919,L,race_or_region_of_origin,893,0.76147816349384101,0.76147816349384101,0.76147816349384101,0
xlmr,20260919,L,religion,46,0.67391304347826086,0.67391304347826086,0.67391304347826086,0
xlmr,20260919,L,politics,1790,0.78435754189944129,0.78435754189944129,0.78435754189944129,0
xlmr,20260919,L,occupation,365,0.47397260273972602,0.47397260273972602,0.47397260273972602,0
xlmr,20260919,L,disability,99,0.39393939393939392,0.39393939393939392,0.39393939393939392,0
xlmr,20260919,W,gender,232,0.65948275862068961,0.65948275862068961,0.65948275862068961,0
xlmr,20260919,W,age,102,0.71568627450980393,0.71568627450980393,0.71568627450980393,0
xlmr,20260919,W,race_or_region_of_origin,893,0.68421052631578949,0.68421052631578949,0.68421052631578949,0
xlmr,20260919,W,religion,46,0.73913043478260865,0.73913043478260865,0.73913043478260865,0
xlmr,20260919,W,politics,1790,0.71620111731843572,0.71620111731843572,0.71620111731843572,0
xlmr,20260919,W,occupation,365,0.63013698630136983,0.63013698630136983,0.63013698630136983,0
xlmr,20260919,W,disability,99,0.54545454545454541,0.54545454545454541,0.54545454545454541,0
xlmr,20260919,P,gender,232,0.0043103448275862068,0.0043103448275862068,0.0043103448275862068,0
xlmr,20260919,P,age,102,0.0098039215686274508,0.0098039215686274508,0.0098039215686274508,0
xlmr,20260919,P,race_or_region_of_origin,893,0.0089585666293393058,0.0089585666293393058,0.0089585666293393058,0
xlmr,20260919,P,religion,46,0.021739130434782608,0.021739130434782608,0.021739130434782608,0
xlmr,20260919,P,politics,1790,0.0055865921787709499,0.0055865921787709499,0.0055865921787709499,0
xlmr,20260919,P,occupation,365,0,0,0,0
xlmr,20260919,P,disability,99,0,0,0,0
xlmr,20260920,S,gender,232,0.80172413793103448,0.80172413793103448,0.80172413793103448,0
xlmr,20260920,S,age,102,0.82352941176470584,0.82352941176470584,0.82352941176470584,0
xlmr,20260920,S,race_or_region_of_origin,893,0.79843225083986558,0.79843225083986558,0.79843225083986558,0
xlmr,20260920,S,religion,46,0.76086956521739135,0.76086956521739135,0.76086956521739135,0
xlmr,20260920,S,politics,1790,0.76871508379888265,0.76871508379888265,0.76871508379888265,0
xlmr,20260920,S,occupation,365,0.74246575342465748,0.74246575342465748,0.74246575342465748,0
xlmr,20260920,S,disability,99,0.6767676767676768,0.6767676767676768,0.6767676767676768,0
xlmr,20260920,L,gender,232,0.46120689655172414,0.46120689655172414,0.46120689655172414,0
xlmr,20260920,L,age,102,0.60784313725490191,0.60784313725490191,0.60784313725490191,0
xlmr,20260920,L,race_or_region_of_origin,893,0.80179171332586785,0.80179171332586785,0.80179171332586785,0
xlmr,20260920,L,religion,46,0.58695652173913049,0.58695652173913049,0.58695652173913049,0
xlmr,20260920,L,politics,1790,0.83966480446927372,0.83966480446927372,0.83966480446927372,0
xlmr,20260920,L,occupation,365,0.52602739726027392,0.52602739726027392,0.52602739726027392,0
xlmr,20260920,L,disability,99,0.39393939393939392,0.39393939393939392,0.39393939393939392,0
xlmr,20260920,W,gender,232,0.69396551724137934,0.69396551724137934,0.69396551724137934,0
xlmr,20260920,W,age,102,0.68627450980392157,0.68627450980392157,0.68627450980392157,0
xlmr,20260920,W,race_or_region_of_origin,893,0.67861142217245241,0.67861142217245241,0.67861142217245241,0
xlmr,20260920,W,religion,46,0.69565217391304346,0.69565217391304346,0.69565217391304346,0
xlmr,20260920,W,politics,1790,0.67765363128491618,0.67765363128491618,0.67765363128491618,0
xlmr,20260920,W,occupation,365,0.57534246575342463,0.57534246575342463,0.57534246575342463,0
xlmr,20260920,W,disability,99,0.49494949494949497,0.49494949494949497,0.49494949494949497,0
xlmr,20260920,P,gender,232,0,0,0,0
xlmr,20260920,P,age,102,0,0,0,0
xlmr,20260920,P,race_or_region_of_origin,893,0,0,0,0
xlmr,20260920,P,religion,46,0,0,0,0
xlmr,20260920,P,politics,1790,0,0,0,0
xlmr,20260920,P,occupation,365,0,0,0,0
xlmr,20260920,P,disability,99,0,0,0,0
xlmr,20260921,S,gender,232,0.81896551724137934,0.81896551724137934,0.81896551724137934,0
xlmr,20260921,S,age,102,0.79411764705882348,0.79411764705882348,0.79411764705882348,0
xlmr,20260921,S,race_or_region_of_origin,893,0.78611422172452405,0.78611422172452405,0.78611422172452405,0
xlmr,20260921,S,religion,46,0.73913043478260865,0.73913043478260865,0.73913043478260865,0
xlmr,20260921,S,politics,1790,0.78379888268156428,0.78379888268156428,0.78379888268156428,0
xlmr,20260921,S,occupation,365,0.65205479452054793,0.65205479452054793,0.65205479452054793,0
xlmr,20260921,S,disability,99,0.64646464646464652,0.64646464646464652,0.64646464646464652,0
xlmr,20260921,L,gender,232,0.41810344827586204,0.41810344827586204,0.41810344827586204,0
xlmr,20260921,L,age,102,0.47058823529411764,0.47058823529411764,0.47058823529411764,0
xlmr,20260921,L,race_or_region_of_origin,893,0.72788353863381861,0.72788353863381861,0.72788353863381861,0
xlmr,20260921,L,religion,46,0.58695652173913049,0.58695652173913049,0.58695652173913049,0
xlmr,20260921,L,politics,1790,0.80837988826815643,0.80837988826815643,0.80837988826815643,0
xlmr,20260921,L,occupation,365,0.47671232876712327,0.47671232876712327,0.47671232876712327,0
xlmr,20260921,L,disability,99,0.36363636363636365,0.36363636363636365,0.36363636363636365,0
xlmr,20260921,W,gender,232,0.65948275862068961,0.65948275862068961,0.65948275862068961,0
xlmr,20260921,W,age,102,0.67647058823529416,0.67647058823529416,0.67647058823529416,0
xlmr,20260921,W,race_or_region_of_origin,893,0.73348264277715569,0.73348264277715569,0.73348264277715569,0
xlmr,20260921,W,religion,46,0.78260869565217395,0.78260869565217395,0.78260869565217395,0
xlmr,20260921,W,politics,1790,0.75251396648044688,0.75251396648044688,0.75251396648044688,0
xlmr,20260921,W,occupation,365,0.56438356164383563,0.56438356164383563,0.56438356164383563,0
xlmr,20260921,W,disability,99,0.59595959595959591,0.59595959595959591,0.59595959595959591,0
xlmr,20260921,P,gender,232,0,0,0,0
xlmr,20260921,P,age,102,0,0,0,0
xlmr,20260921,P,race_or_region_of_origin,893,0,0,0,0
xlmr,20260921,P,religion,46,0,0,0,0
xlmr,20260921,P,politics,1790,0,0,0,0
xlmr,20260921,P,occupation,365,0,0,0,0
xlmr,20260921,P,disability,99,0,0,0,0
xlmr,20260922,S,gender,232,0.73275862068965514,0.73275862068965514,0.73275862068965514,0
xlmr,20260922,S,age,102,0.65686274509803921,0.65686274509803921,0.65686274509803921,0
xlmr,20260922,S,race_or_region_of_origin,893,0.68756998880179176,0.68756998880179176,0.68756998880179176,0
xlmr,20260922,S,religion,46,0.69565217391304346,0.69565217391304346,0.69565217391304346,0
xlmr,20260922,S,politics,1790,0.61564245810055862,0.61564245810055862,0.61564245810055862,0
xlmr,20260922,S,occupation,365,0.49315068493150682,0.49315068493150682,0.49315068493150682,0
xlmr,20260922,S,disability,99,0.53535353535353536,0.53535353535353536,0.53535353535353536,0
xlmr,20260922,L,gender,232,0.29741379310344829,0.29741379310344829,0.29741379310344829,0
xlmr,20260922,L,age,102,0.47058823529411764,0.47058823529411764,0.47058823529411764,0
xlmr,20260922,L,race_or_region_of_origin,893,0.69540873460246355,0.69540873460246355,0.69540873460246355,0
xlmr,20260922,L,religion,46,0.58695652173913049,0.58695652173913049,0.58695652173913049,0
xlmr,20260922,L,politics,1790,0.75307262569832401,0.75307262569832401,0.75307262569832401,0
xlmr,20260922,L,occupation,365,0.42465753424657532,0.42465753424657532,0.42465753424657532,0
xlmr,20260922,L,disability,99,0.36363636363636365,0.36363636363636365,0.36363636363636365,0
xlmr,20260922,W,gender,232,0.59051724137931039,0.59051724137931039,0.59051724137931039,0
xlmr,20260922,W,age,102,0.63725490196078427,0.63725490196078427,0.63725490196078427,0
xlmr,20260922,W,race_or_region_of_origin,893,0.62374020156774912,0.62374020156774912,0.62374020156774912,0
xlmr,20260922,W,religion,46,0.58695652173913049,0.58695652173913049,0.58695652173913049,0
xlmr,20260922,W,politics,1790,0.6782122905027933,0.6782122905027933,0.6782122905027933,0
xlmr,20260922,W,occupation,365,0.43561643835616437,0.43561643835616437,0.43561643835616437,0
xlmr,20260922,W,disability,99,0.42424242424242425,0.42424242424242425,0.42424242424242425,0
xlmr,20260922,P,gender,232,0,0,0,0
xlmr,20260922,P,age,102,0,0,0,0
xlmr,20260922,P,race_or_region_of_origin,893,0,0,0,0
xlmr,20260922,P,religion,46,0,0,0,0
xlmr,20260922,P,politics,1790,0,0,0,0
xlmr,20260922,P,occupation,365,0,0,0,0
xlmr,20260922,P,disability,99,0,0,0,0
xlmr,20260923,S,gender,232,0.80172413793103448,0.80172413793103448,0.80172413793103448,0
xlmr,20260923,S,age,102,0.83333333333333337,0.83333333333333337,0.83333333333333337,0
xlmr,20260923,S,race_or_region_of_origin,893,0.81410974244120937,0.81410974244120937,0.81410974244120937,0
xlmr,20260923,S,religion,46,0.86956521739130432,0.86956521739130432,0.86956521739130432,0
xlmr,20260923,S,politics,1790,0.75810055865921788,0.75810055865921788,0.75810055865921788,0
xlmr,20260923,S,occupation,365,0.66301369863013704,0.66301369863013704,0.66301369863013704,0
xlmr,20260923,S,disability,99,0.63636363636363635,0.63636363636363635,0.63636363636363635,0
xlmr,20260923,L,gender,232,0.28879310344827586,0.28879310344827586,0.28879310344827586,0
xlmr,20260923,L,age,102,0.42156862745098039,0.42156862745098039,0.42156862745098039,0
xlmr,20260923,L,race_or_region_of_origin,893,0.74916013437849949,0.74916013437849949,0.74916013437849949,0
xlmr,20260923,L,religion,46,0.5,0.5,0.5,0
xlmr,20260923,L,politics,1790,0.76703910614525139,0.76703910614525139,0.76703910614525139,0
xlmr,20260923,L,occupation,365,0.41095890410958902,0.41095890410958902,0.41095890410958902,0
xlmr,20260923,L,disability,99,0.30303030303030304,0.30303030303030304,0.30303030303030304,0
xlmr,20260923,W,gender,232,0.81896551724137934,0.81896551724137934,0.81896551724137934,0
xlmr,20260923,W,age,102,0.86274509803921573,0.86274509803921573,0.86274509803921573,0
xlmr,20260923,W,race_or_region_of_origin,893,0.81522956326987683,0.81522956326987683,0.81522956326987683,0
xlmr,20260923,W,religion,46,0.86956521739130432,0.86956521739130432,0.86956521739130432,0
xlmr,20260923,W,politics,1790,0.82513966480446932,0.82513966480446932,0.82513966480446932,0
xlmr,20260923,W,occupation,365,0.70684931506849313,0.70684931506849313,0.70684931506849313,0
xlmr,20260923,W,disability,99,0.68686868686868685,0.68686868686868685,0.68686868686868685,0
xlmr,20260923,P,gender,232,0,0,0,0
xlmr,20260923,P,age,102,0.0098039215686274508,0.0098039215686274508,0.0098039215686274508,0
xlmr,20260923,P,race_or_region_of_origin,893,0.0078387458006718928,0.0078387458006718928,0.0078387458006718928,0
xlmr,20260923,P,religion,46,0.021739130434782608,0.021739130434782608,0.021739130434782608,0
xlmr,20260923,P,politics,1790,0.013407821229050279,0.013407821229050279,0.013407821229050279,0
xlmr,20260923,P,occupation,365,0,0,0,0
xlmr,20260923,P,disability,99,0,0,0,0
