model,stratum,both_correct,recovered_by_L,new_errors_under_L,both_wrong,frequency
kcelectra,age,0,0,0,23,1
kcelectra,age,0,0,1,22,2
kcelectra,age,0,0,2,21,1
kcelectra,age,0,0,3,20,2
kcelectra,age,0,0,4,19,1
kcelectra,age,0,0,6,17,1
kcelectra,age,0,0,9,14,1
kcelectra,age,0,0,16,7,1
kcelectra,age,0,0,23,0,1
kcelectra,age,1,0,10,12,1
kcelectra,age,1,0,22,0,1
kcelectra,age,1,1,6,15,1
kcelectra,age,1,7,1,14,1
kcelectra,age,2,0,4,17,1
kcelectra,age,2,0,7,14,1
kcelectra,age,2,0,10,11,1
kcelectra,age,2,0,15,6,1
kcelectra,age,2,1,1,19,1
kcelectra,age,2,1,4,16,1
kcelectra,age,3,0,5,15,1
kcelectra,age,3,0,7,13,1
kcelectra,age,3,0,9,11,1
kcelectra,age,3,1,11,8,1
kcelectra,age,4,0,10,9,2
kcelectra,age,4,0,15,4,1
kcelectra,age,4,5,10,4,1
kcelectra,age,5,0,12,6,1
kcelectra,age,6,0,12,5,1
kcelectra,age,7,0,16,0,1
kcelectra,age,7,1,1,14,1
kcelectra,age,7,2,6,8,1
kcelectra,age,8,0,6,9,1
kcelectra,age,8,3,4,8,1
kcelectra,age,8,4,1,10,1
kcelectra,age,8,4,5,6,1
kcelectra,age,9,0,9,5,1
kcelectra,age,9,1,10,3,1
kcelectra,age,10,5,2,6,1
kcelectra,age,10,10,1,2,1
kcelectra,age,11,0,10,2,1
kcelectra,age,11,2,6,4,1
kcelectra,age,11,4,3,5,1
kcelectra,age,12,1,2,8,1
kcelectra,age,12,2,3,6,1
kcelectra,age,12,10,0,1,1
kcelectra,age,13,10,0,0,1
kcelectra,age,14,0,9,0,1
kcelectra,age,14,1,6,2,1
kcelectra,age,14,5,1,3,1
kcelectra,age,14,9,0,0,1
kcelectra,age,15,3,1,4,1
kcelectra,age,15,3,3,2,1
kcelectra,age,16,0,3,4,1
kcelectra,age,16,6,1,0,1
kcelectra,age,17,0,3,3,1
kcelectra,age,17,0,6,0,1
kcelectra,age,17,1,4,1,1
kcelectra,age,17,4,0,2,1
kcelectra,age,17,4,1,1,1
kcelectra,age,17,6,0,0,3
kcelectra,age,18,0,4,1,1
kcelectra,age,18,2,2,1,2
kcelectra,age,18,3,0,2,1
kcelectra,age,19,0,4,0,1
kcelectra,age,19,1,2,1,2
kcelectra,age,19,1,3,0,1
kcelectra,age,19,2,1,1,1
kcelectra,age,19,3,1,0,1
kcelectra,age,19,4,0,0,2
kcelectra,age,20,1,1,1,1
kcelectra,age,20,2,0,1,1
kcelectra,age,20,2,1,0,1
kcelectra,age,20,3,0,0,1
kcelectra,age,21,0,1,1,1
kcelectra,age,21,0,2,0,3
kcelectra,age,21,1,0,1,1
kcelectra,age,21,1,1,0,2
kcelectra,age,21,2,0,0,2
kcelectra,age,22,1,0,0,3
kcelectra,age,23,0,0,0,9
kcelectra,disability,0,0,0,23,6
kcelectra,disability,0,0,2,21,1
kcelectra,disability,0,0,3,20,1
kcelectra,disability,0,0,4,19,1
kcelectra,disability,0,0,5,18,2
kcelectra,disability,0,0,6,17,4
kcelectra,disability,0,0,7,16,2
kcelectra,disability,0,0,11,12,4
kcelectra,disability,0,0,21,2,2
kcelectra,disability,0,1,1,21,1
kcelectra,disability,0,1,11,11,1
kcelectra,disability,0,3,6,14,1
kcelectra,disability,1,0,20,2,1
kcelectra,disability,1,1,12,9,1
kcelectra,disability,1,1,13,8,1
kcelectra,disability,2,0,15,6,1
kcelectra,disability,2,0,16,5,1
kcelectra,disability,2,0,17,4,1
kcelectra,disability,2,1,12,8,1
kcelectra,disability,3,0,14,6,1
kcelectra,disability,4,0,16,3,2
kcelectra,disability,4,1,15,3,1
kcelectra,disability,5,3,7,8,1
kcelectra,disability,6,0,12,5,1
kcelectra,disability,6,1,12,4,1
kcelectra,disability,7,1,10,5,1
kcelectra,disability,7,9,0,7,1
kcelectra,disability,8,0,12,3,1
kcelectra,disability,8,0,13,2,1
kcelectra,disability,8,2,9,4,1
kcelectra,disability,8,11,1,3,1
kcelectra,disability,9,0,9,5,1
kcelectra,disability,9,4,2,8,1
kcelectra,disability,10,0,9,4,1
kcelectra,disability,10,10,1,2,1
kcelectra,disability,12,0,8,3,1
kcelectra,disability,12,4,3,4,1
kcelectra,disability,14,0,9,0,1
kcelectra,disability,15,6,1,1,2
kcelectra,disability,16,3,3,1,1
kcelectra,disability,16,3,4,0,1
kcelectra,disability,16,4,3,0,1
kcelectra,disability,16,5,0,2,1
kcelectra,disability,17,0,3,3,2
kcelectra,disability,17,1,2,3,1
kcelectra,disability,17,1,3,2,1
kcelectra,disability,17,1,4,1,1
kcelectra,disability,17,5,0,1,1
kcelectra,disability,17,6,0,0,1
kcelectra,disability,18,0,1,4,1
kcelectra,disability,18,1,3,1,1
kcelectra,disability,18,2,0,3,1
kcelectra,disability,18,5,0,0,3
kcelectra,disability,19,1,3,0,1
kcelectra,disability,19,2,0,2,1
kcelectra,disability,19,2,1,1,1
kcelectra,disability,20,1,1,1,1
kcelectra,disability,20,3,0,0,3
kcelectra,disability,21,0,2,0,1
kcelectra,disability,21,1,1,0,2
kcelectra,disability,21,2,0,0,5
kcelectra,disability,22,1,0,0,6
kcelectra,disability,23,0,0,0,6
kcelectra,gender,0,0,0,23,4
kcelectra,gender,0,0,1,22,5
kcelectra,gender,0,0,2,21,1
kcelectra,gender,0,0,3,20,2
kcelectra,gender,0,0,4,19,1
kcelectra,gender,0,0,5,18,2
kcelectra,gender,0,0,6,17,1
kcelectra,gender,0,0,7,16,4
kcelectra,gender,0,0,8,15,3
kcelectra,gender,0,0,10,13,1
kcelectra,gender,0,0,12,11,2
kcelectra,gender,0,0,14,9,1
kcelectra,gender,0,0,15,8,3
kcelectra,gender,0,0,16,7,1
kcelectra,gender,0,0,17,6,1
kcelectra,gender,0,0,19,4,1
kcelectra,gender,0,0,20,3,1
kcelectra,gender,0,0,22,1,1
kcelectra,gender,0,1,2,20,1
kcelectra,gender,0,1,11,11,1
kcelectra,gender,1,0,1,21,2
kcelectra,gender,1,0,4,18,1
kcelectra,gender,1,0,6,16,1
kcelectra,gender,1,0,10,12,2
kcelectra,gender,1,1,12,9,1
kcelectra,gender,1,1,13,8,1
kcelectra,gender,2,0,6,15,1
kcelectra,gender,2,0,8,13,1
kcelectra,gender,2,0,9,12,1
kcelectra,gender,2,0,14,7,1
kcelectra,gender,2,0,15,6,1
kcelectra,gender,2,0,16,5,1
kcelectra,gender,2,0,18,3,1
kcelectra,gender,2,0,19,2,1
kcelectra,gender,2,1,6,14,1
kcelectra,gender,2,1,16,4,1
kcelectra,gender,2,4,2,15,1
kcelectra,gender,3,0,6,14,1
kcelectra,gender,3,0,7,13,1
kcelectra,gender,3,0,9,11,1
kcelectra,gender,3,0,11,9,1
kcelectra,gender,3,0,14,6,1
kcelectra,gender,3,2,12,6,1
kcelectra,gender,3,11,1,8,1
kcelectra,gender,4,0,6,13,1
kcelectra,gender,4,0,9,10,1
kcelectra,gender,4,0,15,4,2
kcelectra,gender,4,0,16,3,1
kcelectra,gender,4,0,17,2,2
kcelectra,gender,4,1,15,3,1
kcelectra,gender,4,15,2,2,1
kcelectra,gender,5,0,8,10,1
kcelectra,gender,5,0,12,6,1
kcelectra,gender,5,0,13,5,1
kcelectra,gender,5,0,15,3,2
kcelectra,gender,5,2,9,7,1
kcelectra,gender,5,2,11,5,1
kcelectra,gender,5,3,5,10,1
kcelectra,gender,5,4,9,5,1
kcelectra,gender,6,0,7,10,1
kcelectra,gender,6,0,8,9,1
kcelectra,gender,6,0,12,5,1
kcelectra,gender,6,1,13,3,1
kcelectra,gender,6,1,15,1,1
kcelectra,gender,6,3,2,12,1
kcelectra,gender,6,7,3,7,1
kcelectra,gender,6,11,2,4,1
kcelectra,gender,7,0,12,4,1
kcelectra,gender,7,0,13,3,1
kcelectra,gender,7,3,4,9,1
kcelectra,gender,7,5,5,6,1
kcelectra,gender,8,0,12,3,1
kcelectra,gender,8,1,6,8,1
kcelectra,gender,9,0,7,7,1
kcelectra,gender,9,0,10,4,1
kcelectra,gender,9,1,10,3,1
kcelectra,gender,9,3,5,6,1
kcelectra,gender,9,5,1,8,1
kcelectra,gender,10,0,10,3,1
kcelectra,gender,10,1,10,2,1
kcelectra,gender,10,3,2,8,1
kcelectra,gender,10,4,4,5,1
kcelectra,gender,10,4,7,2,1
kcelectra,gender,11,1,9,2,1
kcelectra,gender,11,2,6,4,1
kcelectra,gender,12,0,5,6,1
kcelectra,gender,12,0,8,3,1
kcelectra,gender,12,0,9,2,1
kcelectra,gender,12,0,11,0,1
kcelectra,gender,12,1,6,4,1
kcelectra,gender,12,2,6,3,1
kcelectra,gender,12,2,7,2,1
kcelectra,gender,12,4,1,6,1
kcelectra,gender,12,7,1,3,1
kcelectra,gender,12,11,0,0,1
kcelectra,gender,13,0,6,4,1
kcelectra,gender,13,0,9,1,1
kcelectra,gender,13,0,10,0,2
kcelectra,gender,13,2,1,7,1
kcelectra,gender,13,2,5,3,1
kcelectra,gender,13,4,2,4,1
kcelectra,gender,13,4,3,3,1
kcelectra,gender,13,9,1,0,1
kcelectra,gender,14,1,4,4,1
kcelectra,gender,14,4,3,2,1
kcelectra,gender,14,5,1,3,1
kcelectra,gender,14,6,1,2,1
kcelectra,gender,15,0,5,3,1
kcelectra,gender,15,1,5,2,1
kcelectra,gender,15,4,3,1,1
kcelectra,gender,15,6,1,1,1
kcelectra,gender,16,0,4,3,1
kcelectra,gender,16,0,6,1,1
kcelectra,gender,16,1,4,2,1
kcelectra,gender,16,5,1,1,1
kcelectra,gender,16,5,2,0,1
kcelectra,gender,16,7,0,0,1
kcelectra,gender,17,0,4,2,1
kcelectra,gender,17,0,6,0,2
kcelectra,gender,17,3,2,1,1
kcelectra,gender,17,4,1,1,1
kcelectra,gender,18,0,1,4,1
kcelectra,gender,18,0,2,3,1
kcelectra,gender,18,0,3,2,1
kcelectra,gender,18,0,5,0,1
kcelectra,gender,18,1,3,1,1
kcelectra,gender,18,2,2,1,1
kcelectra,gender,18,2,3,0,1
kcelectra,gender,18,3,1,1,1
kcelectra,gender,18,3,2,0,3
kcelectra,gender,18,4,0,1,1
kcelectra,gender,18,5,0,0,1
kcelectra,gender,19,0,4,0,1
kcelectra,gender,19,1,1,2,2
kcelectra,gender,19,1,3,0,1
kcelectra,gender,19,2,1,1,2
kcelectra,gender,19,2,2,0,2
kcelectra,gender,19,3,1,0,1
kcelectra,gender,19,4,0,0,3
kcelectra,gender,20,0,0,3,1
kcelectra,gender,20,0,1,2,1
kcelectra,gender,20,0,2,1,1
kcelectra,gender,20,0,3,0,2
kcelectra,gender,20,1,1,1,1
kcelectra,gender,20,1,2,0,2
kcelectra,gender,20,2,1,0,4
kcelectra,gender,20,3,0,0,2
kcelectra,gender,21,0,1,1,4
kcelectra,gender,21,0,2,0,4
kcelectra,gender,21,1,0,1,1
kcelectra,gender,21,1,1,0,3
kcelectra,gender,21,2,0,0,8
kcelectra,gender,22,0,1,0,3
kcelectra,gender,22,1,0,0,5
kcelectra,gender,23,0,0,0,20
kcelectra,occupation,0,0,0,23,9
kcelectra,occupation,0,0,1,22,6
kcelectra,occupation,0,0,2,21,5
kcelectra,occupation,0,0,3,20,1
kcelectra,occupation,0,0,4,19,1
kcelectra,occupation,0,0,5,18,3
kcelectra,occupation,0,0,6,17,4
kcelectra,occupation,0,0,8,15,2
kcelectra,occupation,0,0,9,14,3
kcelectra,occupation,0,0,11,12,2
kcelectra,occupation,0,0,12,11,2
kcelectra,occupation,0,0,16,7,1
kcelectra,occupation,0,0,17,6,1
kcelectra,occupation,0,1,0,22,2
kcelectra,occupation,0,1,1,21,2
kcelectra,occupation,0,1,2,20,1
kcelectra,occupation,0,1,3,19,1
kcelectra,occupation,0,1,4,18,1
kcelectra,occupation,0,2,2,19,2
kcelectra,occupation,0,2,7,14,1
kcelectra,occupation,0,3,0,20,1
kcelectra,occupation,0,3,2,18,1
kcelectra,occupation,0,5,0,18,1
kcelectra,occupation,1,0,2,20,1
kcelectra,occupation,1,0,6,16,1
kcelectra,occupation,1,0,7,15,1
kcelectra,occupation,1,0,8,14,1
kcelectra,occupation,1,0,10,12,1
kcelectra,occupation,1,0,18,4,1
kcelectra,occupation,1,1,2,19,1
kcelectra,occupation,1,1,3,18,1
kcelectra,occupation,1,1,5,16,1
kcelectra,occupation,1,1,7,14,1
kcelectra,occupation,1,2,2,18,1
kcelectra,occupation,1,5,0,17,1
kcelectra,occupation,1,5,1,16,1
kcelectra,occupation,2,0,6,15,1
kcelectra,occupation,2,0,8,13,1
kcelectra,occupation,2,0,9,12,1
kcelectra,occupation,2,0,11,10,1
kcelectra,occupation,2,0,13,8,1
kcelectra,occupation,2,0,16,5,1
kcelectra,occupation,2,0,18,3,1
kcelectra,occupation,2,1,6,14,1
kcelectra,occupation,2,1,11,9,1
kcelectra,occupation,2,3,0,18,1
kcelectra,occupation,2,3,1,17,1
kcelectra,occupation,2,3,10,8,1
kcelectra,occupation,3,0,7,13,1
kcelectra,occupation,3,0,9,11,1
kcelectra,occupation,3,0,11,9,1
kcelectra,occupation,3,0,15,5,1
kcelectra,occupation,3,0,17,3,1
kcelectra,occupation,3,1,5,14,1
kcelectra,occupation,3,1,7,12,1
kcelectra,occupation,3,1,12,7,1
kcelectra,occupation,3,2,3,15,1
kcelectra,occupation,3,2,8,10,1
kcelectra,occupation,3,3,3,14,1
kcelectra,occupation,3,5,1,14,1
kcelectra,occupation,3,8,1,11,1
kcelectra,occupation,3,8,4,8,1
kcelectra,occupation,3,13,1,6,1
kcelectra,occupation,3,14,0,6,1
kcelectra,occupation,3,20,0,0,1
kcelectra,occupation,4,0,4,15,1
kcelectra,occupation,4,0,5,14,1
kcelectra,occupation,4,0,13,6,1
kcelectra,occupation,4,0,15,4,1
kcelectra,occupation,4,1,8,10,1
kcelectra,occupation,4,2,3,14,1
kcelectra,occupation,4,2,9,8,1
kcelectra,occupation,4,6,3,10,1
kcelectra,occupation,4,7,3,9,1
kcelectra,occupation,4,18,0,1,1
kcelectra,occupation,5,0,9,9,1
kcelectra,occupation,5,0,12,6,2
kcelectra,occupation,5,0,14,4,1
kcelectra,occupation,5,0,15,3,1
kcelectra,occupation,5,1,3,14,1
kcelectra,occupation,5,1,10,7,1
kcelectra,occupation,5,2,3,13,1
kcelectra,occupation,5,3,10,5,1
kcelectra,occupation,5,4,2,12,1
kcelectra,occupation,5,5,2,11,1
kcelectra,occupation,5,5,6,7,1
kcelectra,occupation,5,6,3,9,1
kcelectra,occupation,5,10,3,5,1
kcelectra,occupation,5,11,3,4,1
kcelectra,occupation,5,12,2,4,1
kcelectra,occupation,5,17,0,1,1
kcelectra,occupation,6,0,5,12,1
kcelectra,occupation,6,0,10,7,1
kcelectra,occupation,6,0,13,4,1
kcelectra,occupation,6,0,14,3,1
kcelectra,occupation,6,1,8,8,1
kcelectra,occupation,6,3,3,11,1
kcelectra,occupation,6,9,1,7,1
kcelectra,occupation,6,11,2,4,1
kcelectra,occupation,7,0,6,10,1
kcelectra,occupation,7,0,12,4,1
kcelectra,occupation,7,1,8,7,1
kcelectra,occupation,7,1,10,5,1
kcelectra,occupation,7,2,5,9,1
kcelectra,occupation,7,2,7,7,2
kcelectra,occupation,7,3,3,10,1
kcelectra,occupation,7,5,1,10,1
kcelectra,occupation,7,6,3,7,1
kcelectra,occupation,7,7,1,8,1
kcelectra,occupation,7,8,1,7,1
kcelectra,occupation,7,9,1,6,1
kcelectra,occupation,7,11,2,3,1
kcelectra,occupation,7,15,0,1,1
kcelectra,occupation,8,0,9,6,1
kcelectra,occupation,8,0,13,2,1
kcelectra,occupation,8,1,4,10,1
kcelectra,occupation,8,1,9,5,1
kcelectra,occupation,8,2,5,8,1
kcelectra,occupation,8,3,4,8,1
kcelectra,occupation,8,4,4,7,1
kcelectra,occupation,8,6,2,7,1
kcelectra,occupation,8,13,0,2,1
kcelectra,occupation,9,0,7,7,1
kcelectra,occupation,9,0,8,6,1
kcelectra,occupation,9,1,5,8,1
kcelectra,occupation,9,4,4,6,1
kcelectra,occupation,9,5,3,6,1
kcelectra,occupation,9,6,5,3,1
kcelectra,occupation,9,8,2,4,1
kcelectra,occupation,9,10,0,4,1
kcelectra,occupation,9,11,1,2,1
kcelectra,occupation,10,0,7,6,1
kcelectra,occupation,10,0,12,1,2
kcelectra,occupation,10,1,10,2,1
kcelectra,occupation,10,2,4,7,1
kcelectra,occupation,10,2,5,6,1
kcelectra,occupation,10,3,5,5,1
kcelectra,occupation,10,4,5,4,1
kcelectra,occupation,10,5,4,4,1
kcelectra,occupation,10,8,0,5,1
kcelectra,occupation,10,10,0,3,1
kcelectra,occupation,10,12,0,1,1
kcelectra,occupation,11,0,5,7,1
kcelectra,occupation,11,0,9,3,1
kcelectra,occupation,11,1,3,8,1
kcelectra,occupation,11,2,4,6,1
kcelectra,occupation,11,2,7,3,1
kcelectra,occupation,11,3,4,5,1
kcelectra,occupation,11,4,4,4,1
kcelectra,occupation,11,6,1,5,1
kcelectra,occupation,11,9,0,3,1
kcelectra,occupation,11,11,0,1,1
kcelectra,occupation,11,11,1,0,1
kcelectra,occupation,12,0,7,4,1
kcelectra,occupation,12,3,1,7,1
kcelectra,occupation,12,4,3,4,1
kcelectra,occupation,12,5,0,6,1
kcelectra,occupation,12,6,1,4,1
kcelectra,occupation,12,7,1,3,1
kcelectra,occupation,12,8,1,2,1
kcelectra,occupation,12,9,0,2,3
kcelectra,occupation,12,10,0,1,1
kcelectra,occupation,12,10,1,0,1
kcelectra,occupation,13,0,8,2,1
kcelectra,occupation,13,1,3,6,1
kcelectra,occupation,13,1,4,5,1
kcelectra,occupation,13,2,3,5,1
kcelectra,occupation,13,2,4,4,1
kcelectra,occupation,13,3,2,5,1
kcelectra,occupation,13,3,5,2,1
kcelectra,occupation,13,4,1,5,1
kcelectra,occupation,13,4,2,4,2
kcelectra,occupation,13,5,1,4,1
kcelectra,occupation,13,5,2,3,1
kcelectra,occupation,13,6,0,4,1
kcelectra,occupation,13,6,3,1,1
kcelectra,occupation,13,6,4,0,1
kcelectra,occupation,13,9,0,1,1
kcelectra,occupation,13,10,0,0,4
kcelectra,occupation,14,0,7,2,1
kcelectra,occupation,14,0,9,0,1
kcelectra,occupation,14,1,2,6,1
kcelectra,occupation,14,1,4,4,1
kcelectra,occupation,14,1,5,3,1
kcelectra,occupation,14,2,4,3,1
kcelectra,occupation,14,3,2,4,1
kcelectra,occupation,14,4,0,5,1
kcelectra,occupation,14,4,1,4,1
kcelectra,occupation,14,4,2,3,1
kcelectra,occupation,14,6,1,2,1
kcelectra,occupation,14,7,1,1,1
kcelectra,occupation,14,8,0,1,3
kcelectra,occupation,15,0,5,3,1
kcelectra,occupation,15,1,1,6,1
kcelectra,occupation,15,1,5,2,2
kcelectra,occupation,15,3,1,4,1
kcelectra,occupation,15,4,3,1,1
kcelectra,occupation,15,5,0,3,1
kcelectra,occupation,15,6,1,1,1
kcelectra,occupation,15,7,0,1,2
kcelectra,occupation,15,7,1,0,2
kcelectra,occupation,15,8,0,0,2
kcelectra,occupation,16,0,4,3,1
kcelectra,occupation,16,1,3,3,1
kcelectra,occupation,16,1,4,2,1
kcelectra,occupation,16,2,2,3,1
kcelectra,occupation,16,2,3,2,1
kcelectra,occupation,16,4,0,3,2
kcelectra,occupation,16,4,2,1,1
kcelectra,occupation,16,5,1,1,1
kcelectra,occupation,16,7,0,0,6
kcelectra,occupation,17,2,1,3,1
kcelectra,occupation,17,4,0,2,1
kcelectra,occupation,17,4,1,1,1
kcelectra,occupation,17,4,2,0,1
kcelectra,occupation,17,5,1,0,2
kcelectra,occupation,17,6,0,0,2
kcelectra,occupation,18,0,1,4,1
kcelectra,occupation,18,1,1,3,1
kcelectra,occupation,18,2,0,3,1
kcelectra,occupation,18,2,2,1,1
kcelectra,occupation,18,3,1,1,1
kcelectra,occupation,18,4,0,1,3
kcelectra,occupation,18,4,1,0,1
kcelectra,occupation,18,5,0,0,4
kcelectra,occupation,19,1,2,1,1
kcelectra,occupation,19,1,3,0,1
kcelectra,occupation,19,2,0,2,1
kcelectra,occupation,19,2,1,1,1
kcelectra,occupation,19,3,0,1,2
kcelectra,occupation,19,3,1,0,5
kcelectra,occupation,19,4,0,0,11
kcelectra,occupation,20,0,3,0,1
kcelectra,occupation,20,1,1,1,1
kcelectra,occupation,20,2,0,1,2
kcelectra,occupation,20,2,1,0,3
kcelectra,occupation,20,3,0,0,13
kcelectra,occupation,21,0,2,0,1
kcelectra,occupation,21,1,1,0,4
kcelectra,occupation,21,2,0,0,11
kcelectra,occupation,22,0,1,0,2
kcelectra,occupation,22,1,0,0,12
kcelectra,occupation,23,0,0,0,10
kcelectra,overall_hate,0,0,0,23,36
kcelectra,overall_hate,0,0,1,22,27
kcelectra,overall_hate,0,0,2,21,14
kcelectra,overall_hate,0,0,3,20,12
kcelectra,overall_hate,0,0,4,19,6
kcelectra,overall_hate,0,0,5,18,11
kcelectra,overall_hate,0,0,6,17,11
kcelectra,overall_hate,0,0,7,16,7
kcelectra,overall_hate,0,0,8,15,7
kcelectra,overall_hate,0,0,9,14,6
kcelectra,overall_hate,0,0,10,13,1
kcelectra,overall_hate,0,0,11,12,6
kcelectra,overall_hate,0,0,12,11,6
kcelectra,overall_hate,0,0,13,10,1
kcelectra,overall_hate,0,0,14,9,1
kcelectra,overall_hate,0,0,15,8,3
kcelectra,overall_hate,0,0,16,7,5
kcelectra,overall_hate,0,0,17,6,2
kcelectra,overall_hate,0,0,19,4,1
kcelectra,overall_hate,0,0,20,3,2
kcelectra,overall_hate,0,0,21,2,3
kcelectra,overall_hate,0,0,22,1,2
kcelectra,overall_hate,0,0,23,0,1
kcelectra,overall_hate,0,1,0,22,7
kcelectra,overall_hate,0,1,1,21,4
kcelectra,overall_hate,0,1,2,20,2
kcelectra,overall_hate,0,1,3,19,2
kcelectra,overall_hate,0,1,4,18,2
kcelectra,overall_hate,0,1,5,17,1
kcelectra,overall_hate,0,1,6,16,1
kcelectra,overall_hate,0,1,8,14,1
kcelectra,overall_hate,0,1,11,11,2
kcelectra,overall_hate,0,2,0,21,4
kcelectra,overall_hate,0,2,1,20,4
kcelectra,overall_hate,0,2,2,19,4
kcelectra,overall_hate,0,2,3,18,1
kcelectra,overall_hate,0,2,4,17,1
kcelectra,overall_hate,0,2,7,14,1
kcelectra,overall_hate,0,2,9,12,1
kcelectra,overall_hate,0,3,0,20,4
kcelectra,overall_hate,0,3,1,19,2
kcelectra,overall_hate,0,3,2,18,3
kcelectra,overall_hate,0,3,3,17,1
kcelectra,overall_hate,0,3,6,14,1
kcelectra,overall_hate,0,4,0,19,1
kcelectra,overall_hate,0,5,0,18,2
kcelectra,overall_hate,0,5,3,15,1
kcelectra,overall_hate,0,5,6,12,1
kcelectra,overall_hate,0,6,0,17,1
kcelectra,overall_hate,0,6,1,16,1
kcelectra,overall_hate,0,6,2,15,2
kcelectra,overall_hate,0,7,0,16,1
kcelectra,overall_hate,0,7,3,13,1
kcelectra,overall_hate,0,8,2,13,1
kcelectra,overall_hate,0,9,1,13,1
kcelectra,overall_hate,0,10,0,13,2
kcelectra,overall_hate,0,10,2,11,1
kcelectra,overall_hate,0,12,1,10,1
kcelectra,overall_hate,0,13,0,10,2
kcelectra,overall_hate,0,14,0,9,1
kcelectra,overall_hate,0,15,1,7,1
kcelectra,overall_hate,0,19,0,4,1
kcelectra,overall_hate,0,20,0,3,1
kcelectra,overall_hate,1,0,0,22,1
kcelectra,overall_hate,1,0,1,21,5
kcelectra,overall_hate,1,0,2,20,3
kcelectra,overall_hate,1,0,3,19,1
kcelectra,overall_hate,1,0,4,18,3
kcelectra,overall_hate,1,0,5,17,1
kcelectra,overall_hate,1,0,6,16,4
kcelectra,overall_hate,1,0,7,15,3
kcelectra,overall_hate,1,0,8,14,1
kcelectra,overall_hate,1,0,9,13,4
kcelectra,overall_hate,1,0,10,12,6
kcelectra,overall_hate,1,0,11,11,1
kcelectra,overall_hate,1,0,13,9,1
kcelectra,overall_hate,1,0,14,8,1
kcelectra,overall_hate,1,0,18,4,1
kcelectra,overall_hate,1,0,20,2,3
kcelectra,overall_hate,1,0,22,0,1
kcelectra,overall_hate,1,1,2,19,1
kcelectra,overall_hate,1,1,3,18,2
kcelectra,overall_hate,1,1,5,16,1
kcelectra,overall_hate,1,1,6,15,2
kcelectra,overall_hate,1,1,7,14,1
kcelectra,overall_hate,1,1,8,13,1
kcelectra,overall_hate,1,1,11,10,1
kcelectra,overall_hate,1,1,12,9,2
kcelectra,overall_hate,1,1,13,8,1
kcelectra,overall_hate,1,2,0,20,1
kcelectra,overall_hate,1,2,1,19,1
kcelectra,overall_hate,1,2,2,18,3
kcelectra,overall_hate,1,2,5,15,1
kcelectra,overall_hate,1,2,7,13,2
kcelectra,overall_hate,1,3,0,19,2
kcelectra,overall_hate,1,3,1,18,2
kcelectra,overall_hate,1,3,2,17,3
kcelectra,overall_hate,1,3,3,16,1
kcelectra,overall_hate,1,3,4,15,1
kcelectra,overall_hate,1,4,0,18,2
kcelectra,overall_hate,1,4,2,16,1
kcelectra,overall_hate,1,4,4,14,1
kcelectra,overall_hate,1,4,8,10,1
kcelectra,overall_hate,1,5,0,17,3
kcelectra,overall_hate,1,5,1,16,1
kcelectra,overall_hate,1,5,2,15,2
kcelectra,overall_hate,1,5,3,14,1
kcelectra,overall_hate,1,5,7,10,1
kcelectra,overall_hate,1,6,0,16,2
kcelectra,overall_hate,1,6,4,12,1
kcelectra,overall_hate,1,7,0,15,2
kcelectra,overall_hate,1,7,1,14,3
kcelectra,overall_hate,1,7,2,13,1
kcelectra,overall_hate,1,9,0,13,3
kcelectra,overall_hate,1,9,3,10,1
kcelectra,overall_hate,1,10,0,12,1
kcelectra,overall_hate,1,10,1,11,1
kcelectra,overall_hate,1,10,3,9,1
kcelectra,overall_hate,1,11,0,11,2
kcelectra,overall_hate,1,11,1,10,2
kcelectra,overall_hate,1,12,0,10,1
kcelectra,overall_hate,1,13,0,9,1
kcelectra,overall_hate,1,14,0,8,2
kcelectra,overall_hate,1,15,0,7,5
kcelectra,overall_hate,1,16,0,6,3
kcelectra,overall_hate,1,16,1,5,1
kcelectra,overall_hate,1,17,0,5,2
kcelectra,overall_hate,1,20,0,2,2
kcelectra,overall_hate,1,21,0,1,1
kcelectra,overall_hate,2,0,1,20,1
kcelectra,overall_hate,2,0,4,17,1
kcelectra,overall_hate,2,0,6,15,1
kcelectra,overall_hate,2,0,7,14,1
kcelectra,overall_hate,2,0,8,13,1
kcelectra,overall_hate,2,0,9,12,2
kcelectra,overall_hate,2,0,10,11,1
kcelectra,overall_hate,2,0,11,10,2
kcelectra,overall_hate,2,0,13,8,1
kcelectra,overall_hate,2,0,14,7,3
kcelectra,overall_hate,2,0,15,6,4
kcelectra,overall_hate,2,0,16,5,3
kcelectra,overall_hate,2,0,17,4,2
kcelectra,overall_hate,2,0,18,3,2
kcelectra,overall_hate,2,0,19,2,1
kcelectra,overall_hate,2,0,20,1,1
kcelectra,overall_hate,2,1,0,20,1
kcelectra,overall_hate,2,1,1,19,1
kcelectra,overall_hate,2,1,2,18,1
kcelectra,overall_hate,2,1,4,16,1
kcelectra,overall_hate,2,1,5,15,2
kcelectra,overall_hate,2,1,6,14,3
kcelectra,overall_hate,2,1,7,13,1
kcelectra,overall_hate,2,1,8,12,1
kcelectra,overall_hate,2,1,10,10,2
kcelectra,overall_hate,2,1,11,9,1
kcelectra,overall_hate,2,1,12,8,1
kcelectra,overall_hate,2,1,16,4,1
kcelectra,overall_hate,2,2,1,18,1
kcelectra,overall_hate,2,2,4,15,1
kcelectra,overall_hate,2,2,5,14,1
kcelectra,overall_hate,2,2,6,13,2
kcelectra,overall_hate,2,2,9,10,1
kcelectra,overall_hate,2,3,0,18,2
kcelectra,overall_hate,2,3,1,17,1
kcelectra,overall_hate,2,3,7,11,1
kcelectra,overall_hate,2,3,10,8,1
kcelectra,overall_hate,2,4,0,17,3
kcelectra,overall_hate,2,4,2,15,1
kcelectra,overall_hate,2,4,3,14,1
kcelectra,overall_hate,2,5,0,16,1
kcelectra,overall_hate,2,5,2,14,2
kcelectra,overall_hate,2,5,5,11,1
kcelectra,overall_hate,2,6,0,15,1
kcelectra,overall_hate,2,6,1,14,2
kcelectra,overall_hate,2,7,0,14,4
kcelectra,overall_hate,2,9,1,11,1
kcelectra,overall_hate,2,9,2,10,1
kcelectra,overall_hate,2,11,1,9,1
kcelectra,overall_hate,2,12,0,9,1
kcelectra,overall_hate,2,12,1,8,1
kcelectra,overall_hate,2,12,2,7,1
kcelectra,overall_hate,2,13,0,8,2
kcelectra,overall_hate,2,13,1,7,1
kcelectra,overall_hate,2,15,0,6,1
kcelectra,overall_hate,2,17,0,4,1
kcelectra,overall_hate,2,17,1,3,1
kcelectra,overall_hate,2,18,0,3,1
kcelectra,overall_hate,2,18,1,2,1
kcelectra,overall_hate,2,20,0,1,1
kcelectra,overall_hate,3,0,5,15,2
kcelectra,overall_hate,3,0,6,14,2
kcelectra,overall_hate,3,0,7,13,3
kcelectra,overall_hate,3,0,8,12,2
kcelectra,overall_hate,3,0,9,11,3
kcelectra,overall_hate,3,0,10,10,2
kcelectra,overall_hate,3,0,11,9,2
kcelectra,overall_hate,3,0,12,8,1
kcelectra,overall_hate,3,0,14,6,2
kcelectra,overall_hate,3,0,15,5,1
kcelectra,overall_hate,3,0,17,3,1
kcelectra,overall_hate,3,1,4,15,3
kcelectra,overall_hate,3,1,5,14,2
kcelectra,overall_hate,3,1,7,12,1
kcelectra,overall_hate,3,1,11,8,1
kcelectra,overall_hate,3,1,12,7,1
kcelectra,overall_hate,3,1,15,4,1
kcelectra,overall_hate,3,2,3,15,1
kcelectra,overall_hate,3,2,7,11,1
kcelectra,overall_hate,3,2,8,10,1
kcelectra,overall_hate,3,2,12,6,1
kcelectra,overall_hate,3,3,1,16,1
kcelectra,overall_hate,3,3,3,14,1
kcelectra,overall_hate,3,3,5,12,1
kcelectra,overall_hate,3,3,7,10,1
kcelectra,overall_hate,3,3,10,7,1
kcelectra,overall_hate,3,4,1,15,1
kcelectra,overall_hate,3,4,3,13,1
kcelectra,overall_hate,3,4,4,12,2
kcelectra,overall_hate,3,4,8,8,1
kcelectra,overall_hate,3,5,1,14,3
kcelectra,overall_hate,3,5,2,13,1
kcelectra,overall_hate,3,5,4,11,1
kcelectra,overall_hate,3,5,6,9,1
kcelectra,overall_hate,3,6,1,13,2
kcelectra,overall_hate,3,6,3,11,1
kcelectra,overall_hate,3,6,5,9,1
kcelectra,overall_hate,3,7,0,13,1
kcelectra,overall_hate,3,7,1,12,2
kcelectra,overall_hate,3,7,2,11,1
kcelectra,overall_hate,3,7,4,9,1
kcelectra,overall_hate,3,8,1,11,1
kcelectra,overall_hate,3,8,4,8,1
kcelectra,overall_hate,3,9,0,11,1
kcelectra,overall_hate,3,9,1,10,1
kcelectra,overall_hate,3,9,2,9,1
kcelectra,overall_hate,3,9,4,7,1
kcelectra,overall_hate,3,10,0,10,1
kcelectra,overall_hate,3,10,1,9,2
kcelectra,overall_hate,3,11,1,8,2
kcelectra,overall_hate,3,11,2,7,1
kcelectra,overall_hate,3,12,0,8,2
kcelectra,overall_hate,3,12,1,7,1
kcelectra,overall_hate,3,13,1,6,2
kcelectra,overall_hate,3,14,0,6,6
kcelectra,overall_hate,3,16,0,4,2
kcelectra,overall_hate,3,17,0,3,1
kcelectra,overall_hate,3,18,1,1,1
kcelectra,overall_hate,3,19,0,1,3
kcelectra,overall_hate,3,20,0,0,3
kcelectra,overall_hate,4,0,4,15,1
kcelectra,overall_hate,4,0,5,14,1
kcelectra,overall_hate,4,0,6,13,2
kcelectra,overall_hate,4,0,9,10,1
kcelectra,overall_hate,4,0,10,9,3
kcelectra,overall_hate,4,0,11,8,1
kcelectra,overall_hate,4,0,12,7,1
kcelectra,overall_hate,4,0,13,6,1
kcelectra,overall_hate,4,0,14,5,1
kcelectra,overall_hate,4,0,15,4,4
kcelectra,overall_hate,4,0,16,3,3
kcelectra,overall_hate,4,0,17,2,2
kcelectra,overall_hate,4,1,1,17,1
kcelectra,overall_hate,4,1,5,13,1
kcelectra,overall_hate,4,1,7,11,1
kcelectra,overall_hate,4,1,8,10,1
kcelectra,overall_hate,4,1,15,3,1
kcelectra,overall_hate,4,2,3,14,1
kcelectra,overall_hate,4,2,9,8,1
kcelectra,overall_hate,4,3,0,16,1
kcelectra,overall_hate,4,3,2,14,1
kcelectra,overall_hate,4,3,4,12,1
kcelectra,overall_hate,4,3,6,10,1
kcelectra,overall_hate,4,4,0,15,1
kcelectra,overall_hate,4,4,2,13,2
kcelectra,overall_hate,4,4,4,11,1
kcelectra,overall_hate,4,4,6,9,2
kcelectra,overall_hate,4,5,2,12,1
kcelectra,overall_hate,4,5,3,11,1
kcelectra,overall_hate,4,5,4,10,1
kcelectra,overall_hate,4,5,5,9,1
kcelectra,overall_hate,4,5,10,4,1
kcelectra,overall_hate,4,6,0,13,1
kcelectra,overall_hate,4,6,3,10,1
kcelectra,overall_hate,4,6,6,7,1
kcelectra,overall_hate,4,7,0,12,1
kcelectra,overall_hate,4,7,3,9,1
kcelectra,overall_hate,4,9,0,10,1
kcelectra,overall_hate,4,9,2,8,1
kcelectra,overall_hate,4,9,3,7,1
kcelectra,overall_hate,4,9,4,6,2
kcelectra,overall_hate,4,11,3,5,1
kcelectra,overall_hate,4,12,0,7,5
kcelectra,overall_hate,4,13,0,6,1
kcelectra,overall_hate,4,13,1,5,1
kcelectra,overall_hate,4,14,0,5,5
kcelectra,overall_hate,4,14,2,3,1
kcelectra,overall_hate,4,15,0,4,1
kcelectra,overall_hate,4,15,1,3,1
kcelectra,overall_hate,4,15,2,2,1
kcelectra,overall_hate,4,16,0,3,1
kcelectra,overall_hate,4,17,0,2,2
kcelectra,overall_hate,4,18,0,1,5
kcelectra,overall_hate,4,19,0,0,1
kcelectra,overall_hate,5,0,6,12,1
kcelectra,overall_hate,5,0,7,11,2
kcelectra,overall_hate,5,0,8,10,2
kcelectra,overall_hate,5,0,9,9,1
kcelectra,overall_hate,5,0,10,8,2
kcelectra,overall_hate,5,0,11,7,1
kcelectra,overall_hate,5,0,12,6,5
kcelectra,overall_hate,5,0,13,5,1
kcelectra,overall_hate,5,0,14,4,1
kcelectra,overall_hate,5,0,15,3,3
kcelectra,overall_hate,5,0,18,0,1
kcelectra,overall_hate,5,1,3,14,1
kcelectra,overall_hate,5,1,4,13,1
kcelectra,overall_hate,5,1,10,7,1
kcelectra,overall_hate,5,2,1,15,1
kcelectra,overall_hate,5,2,3,13,1
kcelectra,overall_hate,5,2,5,11,1
kcelectra,overall_hate,5,2,9,7,1
kcelectra,overall_hate,5,2,11,5,2
kcelectra,overall_hate,5,2,12,4,1
kcelectra,overall_hate,5,2,13,3,1
kcelectra,overall_hate,5,3,4,11,1
kcelectra,overall_hate,5,3,5,10,1
kcelectra,overall_hate,5,3,7,8,1
kcelectra,overall_hate,5,3,10,5,1
kcelectra,overall_hate,5,4,0,14,1
kcelectra,overall_hate,5,4,2,12,1
kcelectra,overall_hate,5,4,4,10,1
kcelectra,overall_hate,5,4,5,9,1
kcelectra,overall_hate,5,4,9,5,1
kcelectra,overall_hate,5,5,1,12,1
kcelectra,overall_hate,5,5,2,11,2
kcelectra,overall_hate,5,5,3,10,2
kcelectra,overall_hate,5,5,6,7,1
kcelectra,overall_hate,5,6,1,11,1
kcelectra,overall_hate,5,6,3,9,1
kcelectra,overall_hate,5,7,1,10,1
kcelectra,overall_hate,5,7,2,9,1
kcelectra,overall_hate,5,7,4,7,1
kcelectra,overall_hate,5,8,0,10,1
kcelectra,overall_hate,5,8,2,8,4
kcelectra,overall_hate,5,9,0,9,1
kcelectra,overall_hate,5,9,1,8,1
kcelectra,overall_hate,5,9,3,6,1
kcelectra,overall_hate,5,10,0,8,2
kcelectra,overall_hate,5,10,3,5,1
kcelectra,overall_hate,5,10,6,2,1
kcelectra,overall_hate,5,11,0,7,1
kcelectra,overall_hate,5,11,3,4,1
kcelectra,overall_hate,5,12,2,4,1
kcelectra,overall_hate,5,12,3,3,1
kcelectra,overall_hate,5,13,1,4,1
kcelectra,overall_hate,5,14,0,4,2
kcelectra,overall_hate,5,14,2,2,1
kcelectra,overall_hate,5,15,0,3,2
kcelectra,overall_hate,5,17,0,1,2
kcelectra,overall_hate,5,18,0,0,7
kcelectra,overall_hate,6,0,4,13,1
kcelectra,overall_hate,6,0,5,12,1
kcelectra,overall_hate,6,0,7,10,2
kcelectra,overall_hate,6,0,8,9,1
kcelectra,overall_hate,6,0,9,8,1
kcelectra,overall_hate,6,0,10,7,1
kcelectra,overall_hate,6,0,12,5,3
kcelectra,overall_hate,6,0,13,4,1
kcelectra,overall_hate,6,0,14,3,1
kcelectra,overall_hate,6,1,6,10,1
kcelectra,overall_hate,6,1,7,9,1
kcelectra,overall_hate,6,1,8,8,1
kcelectra,overall_hate,6,1,11,5,1
kcelectra,overall_hate,6,1,12,4,1
kcelectra,overall_hate,6,1,13,3,1
kcelectra,overall_hate,6,1,15,1,1
kcelectra,overall_hate,6,2,6,9,1
kcelectra,overall_hate,6,2,8,7,1
kcelectra,overall_hate,6,2,10,5,1
kcelectra,overall_hate,6,3,2,12,1
kcelectra,overall_hate,6,3,3,11,2
kcelectra,overall_hate,6,3,4,10,1
kcelectra,overall_hate,6,3,5,9,2
kcelectra,overall_hate,6,3,6,8,1
kcelectra,overall_hate,6,3,10,4,1
kcelectra,overall_hate,6,4,2,11,2
kcelectra,overall_hate,6,6,0,11,1
kcelectra,overall_hate,6,7,2,8,2
kcelectra,overall_hate,6,7,3,7,1
kcelectra,overall_hate,6,8,3,6,1
kcelectra,overall_hate,6,9,1,7,1
kcelectra,overall_hate,6,9,3,5,1
kcelectra,overall_hate,6,10,1,6,1
kcelectra,overall_hate,6,10,2,5,1
kcelectra,overall_hate,6,11,0,6,1
kcelectra,overall_hate,6,11,2,4,2
kcelectra,overall_hate,6,11,3,3,1
kcelectra,overall_hate,6,12,0,5,3
kcelectra,overall_hate,6,13,2,2,1
kcelectra,overall_hate,6,13,3,1,1
kcelectra,overall_hate,6,14,0,3,1
kcelectra,overall_hate,6,15,0,2,4
kcelectra,overall_hate,6,16,0,1,2
kcelectra,overall_hate,6,17,0,0,3
kcelectra,overall_hate,7,0,6,10,1
kcelectra,overall_hate,7,0,9,7,2
kcelectra,overall_hate,7,0,10,6,1
kcelectra,overall_hate,7,0,12,4,2
kcelectra,overall_hate,7,0,13,3,2
kcelectra,overall_hate,7,0,15,1,1
kcelectra,overall_hate,7,0,16,0,1
kcelectra,overall_hate,7,1,1,14,1
kcelectra,overall_hate,7,1,3,12,1
kcelectra,overall_hate,7,1,8,7,2
kcelectra,overall_hate,7,1,10,5,2
kcelectra,overall_hate,7,2,4,10,2
kcelectra,overall_hate,7,2,5,9,2
kcelectra,overall_hate,7,2,6,8,4
kcelectra,overall_hate,7,2,7,7,2
kcelectra,overall_hate,7,2,8,6,1
kcelectra,overall_hate,7,2,10,4,1
kcelectra,overall_hate,7,3,3,10,1
kcelectra,overall_hate,7,3,4,9,1
kcelectra,overall_hate,7,3,6,7,4
kcelectra,overall_hate,7,3,8,5,1
kcelectra,overall_hate,7,3,11,2,1
kcelectra,overall_hate,7,4,0,12,1
kcelectra,overall_hate,7,4,2,10,3
kcelectra,overall_hate,7,4,3,9,1
kcelectra,overall_hate,7,4,5,7,1
kcelectra,overall_hate,7,5,1,10,2
kcelectra,overall_hate,7,5,5,6,3
kcelectra,overall_hate,7,5,6,5,1
kcelectra,overall_hate,7,6,1,9,1
kcelectra,overall_hate,7,6,2,8,1
kcelectra,overall_hate,7,6,3,7,1
kcelectra,overall_hate,7,6,6,4,1
kcelectra,overall_hate,7,7,1,8,3
kcelectra,overall_hate,7,8,0,8,2
kcelectra,overall_hate,7,8,1,7,2
kcelectra,overall_hate,7,8,2,6,1
kcelectra,overall_hate,7,8,3,5,1
kcelectra,overall_hate,7,8,4,4,1
kcelectra,overall_hate,7,9,0,7,2
kcelectra,overall_hate,7,9,1,6,2
kcelectra,overall_hate,7,9,3,4,2
kcelectra,overall_hate,7,10,0,6,1
kcelectra,overall_hate,7,10,1,5,1
kcelectra,overall_hate,7,10,3,3,1
kcelectra,overall_hate,7,11,1,4,1
kcelectra,overall_hate,7,11,2,3,1
kcelectra,overall_hate,7,12,0,4,2
kcelectra,overall_hate,7,12,1,3,1
kcelectra,overall_hate,7,12,4,0,1
kcelectra,overall_hate,7,13,0,3,3
kcelectra,overall_hate,7,14,0,2,3
kcelectra,overall_hate,7,14,1,1,1
kcelectra,overall_hate,7,15,0,1,2
kcelectra,overall_hate,7,16,0,0,2
kcelectra,overall_hate,8,0,6,9,1
kcelectra,overall_hate,8,0,9,6,1
kcelectra,overall_hate,8,0,12,3,2
kcelectra,overall_hate,8,0,13,2,2
kcelectra,overall_hate,8,1,4,10,2
kcelectra,overall_hate,8,1,5,9,1
kcelectra,overall_hate,8,1,6,8,2
kcelectra,overall_hate,8,1,7,7,1
kcelectra,overall_hate,8,1,9,5,1
kcelectra,overall_hate,8,2,5,8,1
kcelectra,overall_hate,8,2,9,4,1
kcelectra,overall_hate,8,3,2,10,1
kcelectra,overall_hate,8,3,3,9,1
kcelectra,overall_hate,8,3,4,8,2
kcelectra,overall_hate,8,3,5,7,1
kcelectra,overall_hate,8,4,1,10,2
kcelectra,overall_hate,8,4,3,8,1
kcelectra,overall_hate,8,4,4,7,1
kcelectra,overall_hate,8,4,5,6,1
kcelectra,overall_hate,8,5,4,6,1
kcelectra,overall_hate,8,5,5,5,1
kcelectra,overall_hate,8,6,2,7,2
kcelectra,overall_hate,8,6,4,5,1
kcelectra,overall_hate,8,6,6,3,1
kcelectra,overall_hate,8,7,1,7,1
kcelectra,overall_hate,8,7,2,6,1
kcelectra,overall_hate,8,7,3,5,2
kcelectra,overall_hate,8,8,0,7,1
kcelectra,overall_hate,8,8,3,4,1
kcelectra,overall_hate,8,9,0,6,1
kcelectra,overall_hate,8,9,1,5,2
kcelectra,overall_hate,8,9,2,4,2
kcelectra,overall_hate,8,10,0,5,2
kcelectra,overall_hate,8,10,1,4,1
kcelectra,overall_hate,8,10,5,0,1
kcelectra,overall_hate,8,11,0,4,1
kcelectra,overall_hate,8,11,1,3,6
kcelectra,overall_hate,8,12,0,3,1
kcelectra,overall_hate,8,12,1,2,1
kcelectra,overall_hate,8,13,0,2,5
kcelectra,overall_hate,8,13,1,1,2
kcelectra,overall_hate,8,14,0,1,2
kcelectra,overall_hate,8,15,0,0,7
kcelectra,overall_hate,9,0,5,9,1
kcelectra,overall_hate,9,0,6,8,1
kcelectra,overall_hate,9,0,7,7,1
kcelectra,overall_hate,9,0,8,6,1
kcelectra,overall_hate,9,0,9,5,3
kcelectra,overall_hate,9,0,10,4,1
kcelectra,overall_hate,9,0,11,3,2
kcelectra,overall_hate,9,0,12,2,1
kcelectra,overall_hate,9,0,13,1,1
kcelectra,overall_hate,9,1,4,9,1
kcelectra,overall_hate,9,1,5,8,1
kcelectra,overall_hate,9,1,9,4,1
kcelectra,overall_hate,9,1,10,3,3
kcelectra,overall_hate,9,1,11,2,1
kcelectra,overall_hate,9,2,4,8,1
kcelectra,overall_hate,9,2,5,7,1
kcelectra,overall_hate,9,2,7,5,1
kcelectra,overall_hate,9,3,4,7,2
kcelectra,overall_hate,9,3,5,6,2
kcelectra,overall_hate,9,4,1,9,1
kcelectra,overall_hate,9,4,2,8,1
kcelectra,overall_hate,9,4,4,6,1
kcelectra,overall_hate,9,4,7,3,1
kcelectra,overall_hate,9,5,1,8,2
kcelectra,overall_hate,9,5,3,6,1
kcelectra,overall_hate,9,5,4,5,2
kcelectra,overall_hate,9,6,0,8,1
kcelectra,overall_hate,9,6,2,6,2
kcelectra,overall_hate,9,6,5,3,1
kcelectra,overall_hate,9,7,0,7,1
kcelectra,overall_hate,9,8,0,6,2
kcelectra,overall_hate,9,8,1,5,2
kcelectra,overall_hate,9,8,2,4,1
kcelectra,overall_hate,9,8,3,3,1
kcelectra,overall_hate,9,9,0,5,2
kcelectra,overall_hate,9,9,1,4,2
kcelectra,overall_hate,9,9,2,3,1
kcelectra,overall_hate,9,10,0,4,2
kcelectra,overall_hate,9,10,1,3,2
kcelectra,overall_hate,9,11,0,3,2
kcelectra,overall_hate,9,11,1,2,3
kcelectra,overall_hate,9,11,2,1,1
kcelectra,overall_hate,9,12,0,2,7
kcelectra,overall_hate,9,12,1,1,5
kcelectra,overall_hate,9,13,0,1,2
kcelectra,overall_hate,9,13,1,0,1
kcelectra,overall_hate,9,14,0,0,5
kcelectra,overall_hate,10,0,2,11,1
kcelectra,overall_hate,10,0,5,8,1
kcelectra,overall_hate,10,0,6,7,1
kcelectra,overall_hate,10,0,7,6,3
kcelectra,overall_hate,10,0,9,4,2
kcelectra,overall_hate,10,0,10,3,1
kcelectra,overall_hate,10,0,12,1,2
kcelectra,overall_hate,10,1,5,7,1
kcelectra,overall_hate,10,1,6,6,1
kcelectra,overall_hate,10,1,7,5,1
kcelectra,overall_hate,10,1,8,4,1
kcelectra,overall_hate,10,1,10,2,1
kcelectra,overall_hate,10,2,3,8,2
kcelectra,overall_hate,10,2,4,7,2
kcelectra,overall_hate,10,2,5,6,2
kcelectra,overall_hate,10,2,7,4,1
kcelectra,overall_hate,10,3,2,8,1
kcelectra,overall_hate,10,3,5,5,1
kcelectra,overall_hate,10,4,0,9,1
kcelectra,overall_hate,10,4,2,7,1
kcelectra,overall_hate,10,4,3,6,2
kcelectra,overall_hate,10,4,4,5,1
kcelectra,overall_hate,10,4,5,4,2
kcelectra,overall_hate,10,4,7,2,1
kcelectra,overall_hate,10,5,0,8,1
kcelectra,overall_hate,10,5,1,7,1
kcelectra,overall_hate,10,5,2,6,2
kcelectra,overall_hate,10,5,3,5,2
kcelectra,overall_hate,10,5,4,4,2
kcelectra,overall_hate,10,5,5,3,1
kcelectra,overall_hate,10,6,2,5,1
kcelectra,overall_hate,10,6,3,4,1
kcelectra,overall_hate,10,6,4,3,1
kcelectra,overall_hate,10,7,0,6,2
kcelectra,overall_hate,10,7,1,5,1
kcelectra,overall_hate,10,7,2,4,1
kcelectra,overall_hate,10,7,3,3,1
kcelectra,overall_hate,10,7,4,2,1
kcelectra,overall_hate,10,8,0,5,1
kcelectra,overall_hate,10,8,1,4,1
kcelectra,overall_hate,10,8,2,3,1
kcelectra,overall_hate,10,8,3,2,1
kcelectra,overall_hate,10,9,0,4,1
kcelectra,overall_hate,10,9,1,3,1
kcelectra,overall_hate,10,10,0,3,5
kcelectra,overall_hate,10,10,1,2,3
kcelectra,overall_hate,10,10,2,1,1
kcelectra,overall_hate,10,11,0,2,4
kcelectra,overall_hate,10,11,1,1,2
kcelectra,overall_hate,10,11,2,0,1
kcelectra,overall_hate,10,12,0,1,6
kcelectra,overall_hate,10,12,1,0,3
kcelectra,overall_hate,10,13,0,0,9
kcelectra,overall_hate,11,0,5,7,2
kcelectra,overall_hate,11,0,9,3,1
kcelectra,overall_hate,11,0,10,2,1
kcelectra,overall_hate,11,1,3,8,1
kcelectra,overall_hate,11,1,5,6,3
kcelectra,overall_hate,11,1,6,5,2
kcelectra,overall_hate,11,1,7,4,2
kcelectra,overall_hate,11,1,8,3,1
kcelectra,overall_hate,11,1,9,2,2
kcelectra,overall_hate,11,2,0,10,1
kcelectra,overall_hate,11,2,3,7,1
kcelectra,overall_hate,11,2,4,6,2
kcelectra,overall_hate,11,2,5,5,1
kcelectra,overall_hate,11,2,6,4,2
kcelectra,overall_hate,11,2,7,3,1
kcelectra,overall_hate,11,2,9,1,2
kcelectra,overall_hate,11,3,2,7,1
kcelectra,overall_hate,11,3,3,6,1
kcelectra,overall_hate,11,3,4,5,2
kcelectra,overall_hate,11,3,5,4,2
kcelectra,overall_hate,11,4,2,6,1
kcelectra,overall_hate,11,4,3,5,1
kcelectra,overall_hate,11,4,4,4,1
kcelectra,overall_hate,11,5,0,7,1
kcelectra,overall_hate,11,5,4,3,3
kcelectra,overall_hate,11,6,1,5,1
kcelectra,overall_hate,11,6,3,3,2
kcelectra,overall_hate,11,6,4,2,1
kcelectra,overall_hate,11,7,0,5,1
kcelectra,overall_hate,11,7,2,3,2
kcelectra,overall_hate,11,7,3,2,2
kcelectra,overall_hate,11,8,0,4,3
kcelectra,overall_hate,11,8,1,3,2
kcelectra,overall_hate,11,9,0,3,4
kcelectra,overall_hate,11,9,1,2,1
kcelectra,overall_hate,11,9,2,1,2
kcelectra,overall_hate,11,10,0,2,3
kcelectra,overall_hate,11,10,1,1,4
kcelectra,overall_hate,11,10,2,0,1
kcelectra,overall_hate,11,11,0,1,7
kcelectra,overall_hate,11,11,1,0,2
kcelectra,overall_hate,11,12,0,0,9
kcelectra,overall_hate,12,0,3,8,1
kcelectra,overall_hate,12,0,5,6,1
kcelectra,overall_hate,12,0,6,5,1
kcelectra,overall_hate,12,0,7,4,2
kcelectra,overall_hate,12,0,8,3,2
kcelectra,overall_hate,12,0,9,2,2
kcelectra,overall_hate,12,0,10,1,1
kcelectra,overall_hate,12,0,11,0,1
kcelectra,overall_hate,12,1,2,8,2
kcelectra,overall_hate,12,1,5,5,1
kcelectra,overall_hate,12,1,6,4,1
kcelectra,overall_hate,12,1,7,3,1
kcelectra,overall_hate,12,1,10,0,1
kcelectra,overall_hate,12,2,3,6,3
kcelectra,overall_hate,12,2,5,4,2
kcelectra,overall_hate,12,2,6,3,2
kcelectra,overall_hate,12,2,7,2,1
kcelectra,overall_hate,12,3,1,7,1
kcelectra,overall_hate,12,3,2,6,2
kcelectra,overall_hate,12,3,3,5,3
kcelectra,overall_hate,12,4,0,7,2
kcelectra,overall_hate,12,4,1,6,1
kcelectra,overall_hate,12,4,2,5,2
kcelectra,overall_hate,12,4,3,4,5
kcelectra,overall_hate,12,4,4,3,2
kcelectra,overall_hate,12,4,5,2,2
kcelectra,overall_hate,12,5,0,6,2
kcelectra,overall_hate,12,5,3,3,1
kcelectra,overall_hate,12,6,0,5,1
kcelectra,overall_hate,12,6,1,4,5
kcelectra,overall_hate,12,6,2,3,1
kcelectra,overall_hate,12,6,3,2,1
kcelectra,overall_hate,12,7,0,4,1
kcelectra,overall_hate,12,7,1,3,2
kcelectra,overall_hate,12,7,2,2,1
kcelectra,overall_hate,12,7,3,1,1
kcelectra,overall_hate,12,8,0,3,4
kcelectra,overall_hate,12,8,1,2,4
kcelectra,overall_hate,12,8,2,1,1
kcelectra,overall_hate,12,8,3,0,1
kcelectra,overall_hate,12,9,0,2,5
kcelectra,overall_hate,12,9,1,1,3
kcelectra,overall_hate,12,9,2,0,1
kcelectra,overall_hate,12,10,0,1,11
kcelectra,overall_hate,12,10,1,0,7
kcelectra,overall_hate,12,11,0,0,8
kcelectra,overall_hate,13,0,5,5,2
kcelectra,overall_hate,13,0,6,4,4
kcelectra,overall_hate,13,0,8,2,1
kcelectra,overall_hate,13,0,9,1,1
kcelectra,overall_hate,13,0,10,0,2
kcelectra,overall_hate,13,1,3,6,1
kcelectra,overall_hate,13,1,4,5,3
kcelectra,overall_hate,13,1,6,3,1
kcelectra,overall_hate,13,2,1,7,1
kcelectra,overall_hate,13,2,3,5,1
kcelectra,overall_hate,13,2,4,4,3
kcelectra,overall_hate,13,2,5,3,4
kcelectra,overall_hate,13,2,7,1,2
kcelectra,overall_hate,13,3,2,5,1
kcelectra,overall_hate,13,3,3,4,2
kcelectra,overall_hate,13,3,4,3,1
kcelectra,overall_hate,13,3,5,2,1
kcelectra,overall_hate,13,4,1,5,2
kcelectra,overall_hate,13,4,2,4,3
kcelectra,overall_hate,13,4,3,3,2
kcelectra,overall_hate,13,4,4,2,1
kcelectra,overall_hate,13,5,0,5,2
kcelectra,overall_hate,13,5,1,4,4
kcelectra,overall_hate,13,5,2,3,4
kcelectra,overall_hate,13,5,3,2,1
kcelectra,overall_hate,13,6,0,4,4
kcelectra,overall_hate,13,6,1,3,1
kcelectra,overall_hate,13,6,2,2,2
kcelectra,overall_hate,13,6,3,1,2
kcelectra,overall_hate,13,6,4,0,1
kcelectra,overall_hate,13,7,0,3,3
kcelectra,overall_hate,13,7,1,2,4
kcelectra,overall_hate,13,7,2,1,3
kcelectra,overall_hate,13,7,3,0,1
kcelectra,overall_hate,13,8,0,2,3
kcelectra,overall_hate,13,8,1,1,5
kcelectra,overall_hate,13,8,2,0,2
kcelectra,overall_hate,13,9,0,1,12
kcelectra,overall_hate,13,9,1,0,5
kcelectra,overall_hate,13,10,0,0,24
kcelectra,overall_hate,14,0,3,6,1
kcelectra,overall_hate,14,0,6,3,1
kcelectra,overall_hate,14,0,7,2,1
kcelectra,overall_hate,14,0,9,0,3
kcelectra,overall_hate,14,1,2,6,1
kcelectra,overall_hate,14,1,4,4,4
kcelectra,overall_hate,14,1,5,3,1
kcelectra,overall_hate,14,1,6,2,1
kcelectra,overall_hate,14,1,7,1,1
kcelectra,overall_hate,14,2,0,7,1
kcelectra,overall_hate,14,2,1,6,1
kcelectra,overall_hate,14,2,2,5,1
kcelectra,overall_hate,14,2,3,4,1
kcelectra,overall_hate,14,2,4,3,2
kcelectra,overall_hate,14,2,5,2,1
kcelectra,overall_hate,14,3,1,5,1
kcelectra,overall_hate,14,3,2,4,2
kcelectra,overall_hate,14,3,3,3,3
kcelectra,overall_hate,14,3,4,2,3
kcelectra,overall_hate,14,4,0,5,3
kcelectra,overall_hate,14,4,1,4,3
kcelectra,overall_hate,14,4,2,3,2
kcelectra,overall_hate,14,4,3,2,3
kcelectra,overall_hate,14,4,4,1,2
kcelectra,overall_hate,14,5,0,4,1
kcelectra,overall_hate,14,5,1,3,4
kcelectra,overall_hate,14,5,2,2,1
kcelectra,overall_hate,14,6,0,3,5
kcelectra,overall_hate,14,6,1,2,2
kcelectra,overall_hate,14,6,3,0,2
kcelectra,overall_hate,14,7,0,2,1
kcelectra,overall_hate,14,7,1,1,4
kcelectra,overall_hate,14,8,0,1,14
kcelectra,overall_hate,14,8,1,0,12
kcelectra,overall_hate,14,9,0,0,29
kcelectra,overall_hate,15,0,3,5,2
kcelectra,overall_hate,15,0,4,4,1
kcelectra,overall_hate,15,0,5,3,2
kcelectra,overall_hate,15,0,7,1,1
kcelectra,overall_hate,15,1,1,6,1
kcelectra,overall_hate,15,1,5,2,5
kcelectra,overall_hate,15,1,6,1,2
kcelectra,overall_hate,15,2,3,3,3
kcelectra,overall_hate,15,2,4,2,1
kcelectra,overall_hate,15,2,5,1,3
kcelectra,overall_hate,15,3,1,4,4
kcelectra,overall_hate,15,3,2,3,1
kcelectra,overall_hate,15,3,3,2,3
kcelectra,overall_hate,15,3,4,1,2
kcelectra,overall_hate,15,4,0,4,1
kcelectra,overall_hate,15,4,1,3,3
kcelectra,overall_hate,15,4,2,2,2
kcelectra,overall_hate,15,4,3,1,2
kcelectra,overall_hate,15,4,4,0,1
kcelectra,overall_hate,15,5,0,3,2
kcelectra,overall_hate,15,5,1,2,6
kcelectra,overall_hate,15,5,2,1,2
kcelectra,overall_hate,15,6,0,2,8
kcelectra,overall_hate,15,6,1,1,10
kcelectra,overall_hate,15,6,2,0,5
kcelectra,overall_hate,15,7,0,1,11
kcelectra,overall_hate,15,7,1,0,7
kcelectra,overall_hate,15,8,0,0,29
kcelectra,overall_hate,16,0,3,4,1
kcelectra,overall_hate,16,0,4,3,2
kcelectra,overall_hate,16,0,5,2,1
kcelectra,overall_hate,16,0,6,1,2
kcelectra,overall_hate,16,0,7,0,1
kcelectra,overall_hate,16,1,2,4,2
kcelectra,overall_hate,16,1,3,3,3
kcelectra,overall_hate,16,1,4,2,3
kcelectra,overall_hate,16,1,5,1,2
kcelectra,overall_hate,16,2,1,4,1
kcelectra,overall_hate,16,2,2,3,4
kcelectra,overall_hate,16,2,3,2,2
kcelectra,overall_hate,16,2,4,1,1
kcelectra,overall_hate,16,3,1,3,2
kcelectra,overall_hate,16,3,2,2,2
kcelectra,overall_hate,16,3,3,1,2
kcelectra,overall_hate,16,3,4,0,2
kcelectra,overall_hate,16,4,0,3,3
kcelectra,overall_hate,16,4,1,2,2
kcelectra,overall_hate,16,4,2,1,1
kcelectra,overall_hate,16,4,3,0,2
kcelectra,overall_hate,16,5,0,2,5
kcelectra,overall_hate,16,5,1,1,7
kcelectra,overall_hate,16,5,2,0,4
kcelectra,overall_hate,16,6,0,1,12
kcelectra,overall_hate,16,6,1,0,11
kcelectra,overall_hate,16,7,0,0,43
kcelectra,overall_hate,17,0,3,3,2
kcelectra,overall_hate,17,0,4,2,2
kcelectra,overall_hate,17,0,6,0,3
kcelectra,overall_hate,17,1,1,4,2
kcelectra,overall_hate,17,1,2,3,3
kcelectra,overall_hate,17,1,3,2,1
kcelectra,overall_hate,17,1,4,1,2
kcelectra,overall_hate,17,1,5,0,1
kcelectra,overall_hate,17,2,0,4,1
kcelectra,overall_hate,17,2,1,3,2
kcelectra,overall_hate,17,2,2,2,3
kcelectra,overall_hate,17,2,3,1,1
kcelectra,overall_hate,17,2,4,0,1
kcelectra,overall_hate,17,3,0,3,3
kcelectra,overall_hate,17,3,1,2,3
kcelectra,overall_hate,17,3,2,1,5
kcelectra,overall_hate,17,3,3,0,2
kcelectra,overall_hate,17,4,0,2,8
kcelectra,overall_hate,17,4,1,1,9
kcelectra,overall_hate,17,4,2,0,3
kcelectra,overall_hate,17,5,0,1,12
kcelectra,overall_hate,17,5,1,0,14
kcelectra,overall_hate,17,6,0,0,62
kcelectra,overall_hate,18,0,1,4,2
kcelectra,overall_hate,18,0,2,3,1
kcelectra,overall_hate,18,0,3,2,3
kcelectra,overall_hate,18,0,4,1,1
kcelectra,overall_hate,18,0,5,0,1
kcelectra,overall_hate,18,1,1,3,2
kcelectra,overall_hate,18,1,2,2,3
kcelectra,overall_hate,18,1,3,1,3
kcelectra,overall_hate,18,2,0,3,2
kcelectra,overall_hate,18,2,1,2,7
kcelectra,overall_hate,18,2,2,1,6
kcelectra,overall_hate,18,2,3,0,2
kcelectra,overall_hate,18,3,0,2,5
kcelectra,overall_hate,18,3,1,1,9
kcelectra,overall_hate,18,3,2,0,8
kcelectra,overall_hate,18,4,0,1,15
kcelectra,overall_hate,18,4,1,0,16
kcelectra,overall_hate,18,5,0,0,101
kcelectra,overall_hate,19,0,1,3,1
kcelectra,overall_hate,19,0,2,2,1
kcelectra,overall_hate,19,0,3,1,1
kcelectra,overall_hate,19,0,4,0,1
kcelectra,overall_hate,19,1,0,3,3
kcelectra,overall_hate,19,1,1,2,3
kcelectra,overall_hate,19,1,2,1,6
kcelectra,overall_hate,19,1,3,0,5
kcelectra,overall_hate,19,2,0,2,7
kcelectra,overall_hate,19,2,1,1,20
kcelectra,overall_hate,19,2,2,0,4
kcelectra,overall_hate,19,3,0,1,14
kcelectra,overall_hate,19,3,1,0,31
kcelectra,overall_hate,19,4,0,0,118
kcelectra,overall_hate,20,0,0,3,1
kcelectra,overall_hate,20,0,1,2,2
kcelectra,overall_hate,20,0,2,1,2
kcelectra,overall_hate,20,0,3,0,4
kcelectra,overall_hate,20,1,0,2,1
kcelectra,overall_hate,20,1,1,1,9
kcelectra,overall_hate,20,1,2,0,3
kcelectra,overall_hate,20,2,0,1,11
kcelectra,overall_hate,20,2,1,0,25
kcelectra,overall_hate,20,3,0,0,176
kcelectra,overall_hate,21,0,0,2,1
kcelectra,overall_hate,21,0,1,1,9
kcelectra,overall_hate,21,0,2,0,12
kcelectra,overall_hate,21,1,0,1,4
kcelectra,overall_hate,21,1,1,0,19
kcelectra,overall_hate,21,2,0,0,179
kcelectra,overall_hate,22,0,0,1,7
kcelectra,overall_hate,22,0,1,0,17
kcelectra,overall_hate,22,1,0,0,176
kcelectra,overall_hate,23,0,0,0,227
kcelectra,overall_non_hate,0,0,0,23,53
kcelectra,overall_non_hate,0,0,1,22,39
kcelectra,overall_non_hate,0,0,2,21,40
kcelectra,overall_non_hate,0,0,3,20,67
kcelectra,overall_non_hate,0,0,4,19,54
kcelectra,overall_non_hate,0,0,5,18,37
kcelectra,overall_non_hate,0,0,6,17,27
kcelectra,overall_non_hate,0,0,7,16,25
kcelectra,overall_non_hate,0,0,8,15,17
kcelectra,overall_non_hate,0,0,9,14,15
kcelectra,overall_non_hate,0,0,10,13,12
kcelectra,overall_non_hate,0,0,11,12,8
kcelectra,overall_non_hate,0,0,12,11,4
kcelectra,overall_non_hate,0,0,13,10,11
kcelectra,overall_non_hate,0,0,14,9,4
kcelectra,overall_non_hate,0,0,15,8,8
kcelectra,overall_non_hate,0,0,16,7,5
kcelectra,overall_non_hate,0,0,17,6,5
kcelectra,overall_non_hate,0,0,19,4,1
kcelectra,overall_non_hate,0,0,20,3,2
kcelectra,overall_non_hate,0,0,21,2,1
kcelectra,overall_non_hate,0,0,22,1,2
kcelectra,overall_non_hate,0,0,23,0,1
kcelectra,overall_non_hate,0,1,0,22,13
kcelectra,overall_non_hate,0,1,1,21,7
kcelectra,overall_non_hate,0,1,2,20,10
kcelectra,overall_non_hate,0,1,3,19,21
kcelectra,overall_non_hate,0,1,4,18,9
kcelectra,overall_non_hate,0,1,5,17,12
kcelectra,overall_non_hate,0,1,6,16,9
kcelectra,overall_non_hate,0,1,7,15,5
kcelectra,overall_non_hate,0,1,8,14,1
kcelectra,overall_non_hate,0,1,9,13,4
kcelectra,overall_non_hate,0,1,10,12,1
kcelectra,overall_non_hate,0,1,11,11,1
kcelectra,overall_non_hate,0,1,13,9,2
kcelectra,overall_non_hate,0,2,0,21,7
kcelectra,overall_non_hate,0,2,1,20,2
kcelectra,overall_non_hate,0,2,2,19,5
kcelectra,overall_non_hate,0,2,3,18,5
kcelectra,overall_non_hate,0,2,4,17,6
kcelectra,overall_non_hate,0,2,5,16,4
kcelectra,overall_non_hate,0,2,6,15,1
kcelectra,overall_non_hate,0,2,7,14,3
kcelectra,overall_non_hate,0,2,8,13,3
kcelectra,overall_non_hate,0,2,12,9,1
kcelectra,overall_non_hate,0,3,0,20,5
kcelectra,overall_non_hate,0,3,1,19,4
kcelectra,overall_non_hate,0,3,2,18,1
kcelectra,overall_non_hate,0,3,4,16,1
kcelectra,overall_non_hate,0,3,5,15,1
kcelectra,overall_non_hate,0,3,6,14,1
kcelectra,overall_non_hate,0,4,0,19,1
kcelectra,overall_non_hate,0,4,1,18,4
kcelectra,overall_non_hate,0,4,2,17,2
kcelectra,overall_non_hate,0,4,3,16,1
kcelectra,overall_non_hate,0,4,4,15,1
kcelectra,overall_non_hate,0,4,5,14,1
kcelectra,overall_non_hate,0,4,9,10,1
kcelectra,overall_non_hate,0,5,0,18,1
kcelectra,overall_non_hate,0,6,0,17,2
kcelectra,overall_non_hate,0,6,1,16,1
kcelectra,overall_non_hate,0,6,2,15,1
kcelectra,overall_non_hate,0,7,0,16,1
kcelectra,overall_non_hate,0,7,1,15,1
kcelectra,overall_non_hate,0,8,0,15,1
kcelectra,overall_non_hate,0,8,1,14,1
kcelectra,overall_non_hate,0,9,0,14,3
kcelectra,overall_non_hate,0,9,2,12,1
kcelectra,overall_non_hate,0,10,0,13,1
kcelectra,overall_non_hate,0,10,1,12,1
kcelectra,overall_non_hate,0,11,0,12,3
kcelectra,overall_non_hate,0,11,1,11,1
kcelectra,overall_non_hate,0,12,0,11,1
kcelectra,overall_non_hate,0,13,0,10,2
kcelectra,overall_non_hate,0,14,0,9,1
kcelectra,overall_non_hate,0,15,0,8,1
kcelectra,overall_non_hate,0,16,0,7,3
kcelectra,overall_non_hate,0,17,0,6,3
kcelectra,overall_non_hate,0,18,0,5,2
kcelectra,overall_non_hate,0,19,0,4,1
kcelectra,overall_non_hate,0,21,0,2,1
kcelectra,overall_non_hate,0,21,1,1,1
kcelectra,overall_non_hate,0,22,0,1,3
kcelectra,overall_non_hate,0,23,0,0,4
kcelectra,overall_non_hate,1,0,0,22,4
kcelectra,overall_non_hate,1,0,1,21,8
kcelectra,overall_non_hate,1,0,2,20,9
kcelectra,overall_non_hate,1,0,3,19,10
kcelectra,overall_non_hate,1,0,4,18,15
kcelectra,overall_non_hate,1,0,5,17,10
kcelectra,overall_non_hate,1,0,6,16,13
kcelectra,overall_non_hate,1,0,7,15,8
kcelectra,overall_non_hate,1,0,8,14,5
kcelectra,overall_non_hate,1,0,9,13,4
kcelectra,overall_non_hate,1,0,10,12,8
kcelectra,overall_non_hate,1,0,11,11,9
kcelectra,overall_non_hate,1,0,12,10,3
kcelectra,overall_non_hate,1,0,13,9,4
kcelectra,overall_non_hate,1,0,14,8,8
kcelectra,overall_non_hate,1,0,15,7,3
kcelectra,overall_non_hate,1,0,16,6,3
kcelectra,overall_non_hate,1,0,17,5,4
kcelectra,overall_non_hate,1,0,19,3,1
kcelectra,overall_non_hate,1,0,20,2,1
kcelectra,overall_non_hate,1,0,22,0,1
kcelectra,overall_non_hate,1,1,0,21,2
kcelectra,overall_non_hate,1,1,1,20,6
kcelectra,overall_non_hate,1,1,2,19,12
kcelectra,overall_non_hate,1,1,3,18,5
kcelectra,overall_non_hate,1,1,4,17,5
kcelectra,overall_non_hate,1,1,5,16,10
kcelectra,overall_non_hate,1,1,6,15,5
kcelectra,overall_non_hate,1,1,7,14,5
kcelectra,overall_non_hate,1,1,8,13,3
kcelectra,overall_non_hate,1,1,9,12,1
kcelectra,overall_non_hate,1,1,10,11,1
kcelectra,overall_non_hate,1,1,11,10,4
kcelectra,overall_non_hate,1,1,12,9,2
kcelectra,overall_non_hate,1,1,14,7,2
kcelectra,overall_non_hate,1,1,15,6,1
kcelectra,overall_non_hate,1,2,0,20,1
kcelectra,overall_non_hate,1,2,1,19,3
kcelectra,overall_non_hate,1,2,2,18,2
kcelectra,overall_non_hate,1,2,3,17,5
kcelectra,overall_non_hate,1,2,4,16,2
kcelectra,overall_non_hate,1,2,5,15,3
kcelectra,overall_non_hate,1,2,7,13,1
kcelectra,overall_non_hate,1,2,10,10,1
kcelectra,overall_non_hate,1,2,13,7,1
kcelectra,overall_non_hate,1,3,0,19,2
kcelectra,overall_non_hate,1,3,1,18,3
kcelectra,overall_non_hate,1,3,2,17,4
kcelectra,overall_non_hate,1,3,3,16,3
kcelectra,overall_non_hate,1,3,4,15,1
kcelectra,overall_non_hate,1,3,5,14,1
kcelectra,overall_non_hate,1,3,6,13,1
kcelectra,overall_non_hate,1,3,10,9,1
kcelectra,overall_non_hate,1,4,0,18,6
kcelectra,overall_non_hate,1,4,1,17,4
kcelectra,overall_non_hate,1,4,3,15,3
kcelectra,overall_non_hate,1,4,5,13,1
kcelectra,overall_non_hate,1,4,8,10,1
kcelectra,overall_non_hate,1,4,10,8,1
kcelectra,overall_non_hate,1,5,0,17,4
kcelectra,overall_non_hate,1,5,1,16,2
kcelectra,overall_non_hate,1,5,2,15,2
kcelectra,overall_non_hate,1,5,3,14,1
kcelectra,overall_non_hate,1,5,4,13,1
kcelectra,overall_non_hate,1,5,5,12,2
kcelectra,overall_non_hate,1,6,0,16,4
kcelectra,overall_non_hate,1,6,1,15,2
kcelectra,overall_non_hate,1,6,5,11,1
kcelectra,overall_non_hate,1,6,8,8,1
kcelectra,overall_non_hate,1,7,0,15,4
kcelectra,overall_non_hate,1,7,1,14,1
kcelectra,overall_non_hate,1,7,2,13,1
kcelectra,overall_non_hate,1,8,0,14,1
kcelectra,overall_non_hate,1,8,1,13,1
kcelectra,overall_non_hate,1,9,0,13,1
kcelectra,overall_non_hate,1,9,2,11,1
kcelectra,overall_non_hate,1,11,0,11,2
kcelectra,overall_non_hate,1,11,1,10,1
kcelectra,overall_non_hate,1,12,0,10,2
kcelectra,overall_non_hate,1,13,0,9,3
kcelectra,overall_non_hate,1,13,2,7,1
kcelectra,overall_non_hate,1,14,0,8,2
kcelectra,overall_non_hate,1,15,0,7,4
kcelectra,overall_non_hate,1,16,0,6,2
kcelectra,overall_non_hate,1,17,0,5,5
kcelectra,overall_non_hate,1,18,0,4,2
kcelectra,overall_non_hate,1,19,0,3,1
kcelectra,overall_non_hate,1,20,0,2,4
kcelectra,overall_non_hate,1,21,0,1,2
kcelectra,overall_non_hate,1,22,0,0,7
kcelectra,overall_non_hate,2,0,0,21,1
kcelectra,overall_non_hate,2,0,2,19,4
kcelectra,overall_non_hate,2,0,3,18,7
kcelectra,overall_non_hate,2,0,4,17,8
kcelectra,overall_non_hate,2,0,5,16,10
kcelectra,overall_non_hate,2,0,6,15,5
kcelectra,overall_non_hate,2,0,7,14,2
kcelectra,overall_non_hate,2,0,8,13,3
kcelectra,overall_non_hate,2,0,9,12,2
kcelectra,overall_non_hate,2,0,10,11,3
kcelectra,overall_non_hate,2,0,11,10,4
kcelectra,overall_non_hate,2,0,13,8,3
kcelectra,overall_non_hate,2,0,14,7,2
kcelectra,overall_non_hate,2,0,15,6,1
kcelectra,overall_non_hate,2,0,16,5,3
kcelectra,overall_non_hate,2,0,18,3,3
kcelectra,overall_non_hate,2,1,0,20,2
kcelectra,overall_non_hate,2,1,1,19,9
kcelectra,overall_non_hate,2,1,2,18,3
kcelectra,overall_non_hate,2,1,3,17,4
kcelectra,overall_non_hate,2,1,4,16,6
kcelectra,overall_non_hate,2,1,5,15,8
kcelectra,overall_non_hate,2,1,6,14,6
kcelectra,overall_non_hate,2,1,7,13,5
kcelectra,overall_non_hate,2,1,8,12,5
kcelectra,overall_non_hate,2,1,9,11,2
kcelectra,overall_non_hate,2,1,10,10,1
kcelectra,overall_non_hate,2,1,11,9,2
kcelectra,overall_non_hate,2,1,12,8,1
kcelectra,overall_non_hate,2,1,13,7,1
kcelectra,overall_non_hate,2,1,14,6,1
kcelectra,overall_non_hate,2,1,16,4,1
kcelectra,overall_non_hate,2,2,1,18,5
kcelectra,overall_non_hate,2,2,2,17,1
kcelectra,overall_non_hate,2,2,3,16,2
kcelectra,overall_non_hate,2,2,4,15,8
kcelectra,overall_non_hate,2,2,5,14,1
kcelectra,overall_non_hate,2,2,6,13,4
kcelectra,overall_non_hate,2,2,7,12,1
kcelectra,overall_non_hate,2,2,9,10,1
kcelectra,overall_non_hate,2,2,12,7,1
kcelectra,overall_non_hate,2,3,0,18,3
kcelectra,overall_non_hate,2,3,1,17,4
kcelectra,overall_non_hate,2,3,2,16,5
kcelectra,overall_non_hate,2,3,3,15,4
kcelectra,overall_non_hate,2,3,4,14,3
kcelectra,overall_non_hate,2,3,5,13,2
kcelectra,overall_non_hate,2,3,6,12,1
kcelectra,overall_non_hate,2,3,8,10,1
kcelectra,overall_non_hate,2,4,0,17,2
kcelectra,overall_non_hate,2,4,1,16,5
kcelectra,overall_non_hate,2,4,2,15,2
kcelectra,overall_non_hate,2,4,3,14,2
kcelectra,overall_non_hate,2,4,4,13,1
kcelectra,overall_non_hate,2,5,1,15,3
kcelectra,overall_non_hate,2,5,2,14,1
kcelectra,overall_non_hate,2,5,3,13,1
kcelectra,overall_non_hate,2,5,5,11,1
kcelectra,overall_non_hate,2,6,0,15,5
kcelectra,overall_non_hate,2,6,1,14,1
kcelectra,overall_non_hate,2,6,2,13,2
kcelectra,overall_non_hate,2,6,3,12,1
kcelectra,overall_non_hate,2,7,0,14,4
kcelectra,overall_non_hate,2,7,1,13,4
kcelectra,overall_non_hate,2,7,2,12,2
kcelectra,overall_non_hate,2,7,3,11,2
kcelectra,overall_non_hate,2,8,0,13,1
kcelectra,overall_non_hate,2,8,1,12,1
kcelectra,overall_non_hate,2,8,2,11,2
kcelectra,overall_non_hate,2,8,4,9,1
kcelectra,overall_non_hate,2,8,5,8,1
kcelectra,overall_non_hate,2,9,0,12,1
kcelectra,overall_non_hate,2,9,1,11,4
kcelectra,overall_non_hate,2,10,0,11,3
kcelectra,overall_non_hate,2,10,1,10,1
kcelectra,overall_non_hate,2,10,2,9,1
kcelectra,overall_non_hate,2,11,0,10,2
kcelectra,overall_non_hate,2,12,0,9,5
kcelectra,overall_non_hate,2,13,0,8,3
kcelectra,overall_non_hate,2,14,0,7,1
kcelectra,overall_non_hate,2,15,0,6,1
kcelectra,overall_non_hate,2,15,1,5,1
kcelectra,overall_non_hate,2,16,0,5,1
kcelectra,overall_non_hate,2,16,1,4,1
kcelectra,overall_non_hate,2,16,2,3,1
kcelectra,overall_non_hate,2,17,0,4,1
kcelectra,overall_non_hate,2,17,1,3,1
kcelectra,overall_non_hate,2,18,0,3,2
kcelectra,overall_non_hate,2,19,0,2,4
kcelectra,overall_non_hate,2,20,0,1,3
kcelectra,overall_non_hate,2,21,0,0,7
kcelectra,overall_non_hate,3,0,0,20,1
kcelectra,overall_non_hate,3,0,1,19,1
kcelectra,overall_non_hate,3,0,2,18,1
kcelectra,overall_non_hate,3,0,3,17,3
kcelectra,overall_non_hate,3,0,4,16,3
kcelectra,overall_non_hate,3,0,5,15,2
kcelectra,overall_non_hate,3,0,6,14,1
kcelectra,overall_non_hate,3,0,7,13,3
kcelectra,overall_non_hate,3,0,8,12,1
kcelectra,overall_non_hate,3,0,9,11,3
kcelectra,overall_non_hate,3,0,10,10,2
kcelectra,overall_non_hate,3,0,11,9,2
kcelectra,overall_non_hate,3,0,12,8,3
kcelectra,overall_non_hate,3,0,13,7,2
kcelectra,overall_non_hate,3,0,14,6,2
kcelectra,overall_non_hate,3,0,15,5,1
kcelectra,overall_non_hate,3,0,16,4,1
kcelectra,overall_non_hate,3,0,17,3,3
kcelectra,overall_non_hate,3,0,18,2,1
kcelectra,overall_non_hate,3,0,19,1,2
kcelectra,overall_non_hate,3,0,20,0,1
kcelectra,overall_non_hate,3,1,0,19,2
kcelectra,overall_non_hate,3,1,1,18,1
kcelectra,overall_non_hate,3,1,2,17,6
kcelectra,overall_non_hate,3,1,3,16,5
kcelectra,overall_non_hate,3,1,4,15,2
kcelectra,overall_non_hate,3,1,5,14,5
kcelectra,overall_non_hate,3,1,6,13,3
kcelectra,overall_non_hate,3,1,7,12,2
kcelectra,overall_non_hate,3,1,8,11,2
kcelectra,overall_non_hate,3,1,10,9,1
kcelectra,overall_non_hate,3,1,11,8,3
kcelectra,overall_non_hate,3,1,12,7,3
kcelectra,overall_non_hate,3,1,13,6,1
kcelectra,overall_non_hate,3,1,14,5,1
kcelectra,overall_non_hate,3,2,1,17,5
kcelectra,overall_non_hate,3,2,2,16,2
kcelectra,overall_non_hate,3,2,3,15,5
kcelectra,overall_non_hate,3,2,4,14,7
kcelectra,overall_non_hate,3,2,5,13,1
kcelectra,overall_non_hate,3,2,7,11,4
kcelectra,overall_non_hate,3,2,8,10,2
kcelectra,overall_non_hate,3,2,10,8,3
kcelectra,overall_non_hate,3,2,11,7,2
kcelectra,overall_non_hate,3,2,12,6,1
kcelectra,overall_non_hate,3,3,0,17,2
kcelectra,overall_non_hate,3,3,1,16,1
kcelectra,overall_non_hate,3,3,2,15,3
kcelectra,overall_non_hate,3,3,4,13,3
kcelectra,overall_non_hate,3,3,6,11,4
kcelectra,overall_non_hate,3,3,8,9,1
kcelectra,overall_non_hate,3,4,0,16,2
kcelectra,overall_non_hate,3,4,1,15,4
kcelectra,overall_non_hate,3,4,2,14,2
kcelectra,overall_non_hate,3,4,3,13,3
kcelectra,overall_non_hate,3,4,4,12,3
kcelectra,overall_non_hate,3,4,6,10,1
kcelectra,overall_non_hate,3,4,7,9,1
kcelectra,overall_non_hate,3,4,8,8,1
kcelectra,overall_non_hate,3,5,0,15,1
kcelectra,overall_non_hate,3,5,1,14,4
kcelectra,overall_non_hate,3,5,2,13,2
kcelectra,overall_non_hate,3,5,3,12,1
kcelectra,overall_non_hate,3,5,5,10,1
kcelectra,overall_non_hate,3,5,6,9,1
kcelectra,overall_non_hate,3,6,0,14,3
kcelectra,overall_non_hate,3,6,1,13,2
kcelectra,overall_non_hate,3,6,2,12,2
kcelectra,overall_non_hate,3,6,3,11,2
kcelectra,overall_non_hate,3,6,6,8,1
kcelectra,overall_non_hate,3,6,9,5,1
kcelectra,overall_non_hate,3,7,0,13,5
kcelectra,overall_non_hate,3,7,1,12,1
kcelectra,overall_non_hate,3,8,0,12,2
kcelectra,overall_non_hate,3,8,1,11,3
kcelectra,overall_non_hate,3,8,2,10,1
kcelectra,overall_non_hate,3,8,3,9,2
kcelectra,overall_non_hate,3,9,0,11,1
kcelectra,overall_non_hate,3,9,1,10,1
kcelectra,overall_non_hate,3,9,2,9,2
kcelectra,overall_non_hate,3,9,5,6,1
kcelectra,overall_non_hate,3,10,0,10,4
kcelectra,overall_non_hate,3,10,1,9,5
kcelectra,overall_non_hate,3,10,2,8,3
kcelectra,overall_non_hate,3,11,0,9,3
kcelectra,overall_non_hate,3,11,1,8,1
kcelectra,overall_non_hate,3,11,2,7,1
kcelectra,overall_non_hate,3,12,0,8,5
kcelectra,overall_non_hate,3,12,1,7,2
kcelectra,overall_non_hate,3,12,2,6,1
kcelectra,overall_non_hate,3,13,0,7,2
kcelectra,overall_non_hate,3,14,0,6,4
kcelectra,overall_non_hate,3,15,0,5,6
kcelectra,overall_non_hate,3,16,0,4,4
kcelectra,overall_non_hate,3,16,1,3,1
kcelectra,overall_non_hate,3,17,0,3,6
kcelectra,overall_non_hate,3,18,0,2,8
kcelectra,overall_non_hate,3,19,0,1,7
kcelectra,overall_non_hate,3,19,1,0,1
kcelectra,overall_non_hate,3,20,0,0,21
kcelectra,overall_non_hate,4,0,1,18,1
kcelectra,overall_non_hate,4,0,2,17,2
kcelectra,overall_non_hate,4,0,3,16,1
kcelectra,overall_non_hate,4,0,4,15,3
kcelectra,overall_non_hate,4,0,5,14,1
kcelectra,overall_non_hate,4,0,6,13,3
kcelectra,overall_non_hate,4,0,7,12,3
kcelectra,overall_non_hate,4,0,8,11,1
kcelectra,overall_non_hate,4,0,9,10,4
kcelectra,overall_non_hate,4,0,10,9,1
kcelectra,overall_non_hate,4,0,11,8,2
kcelectra,overall_non_hate,4,0,12,7,2
kcelectra,overall_non_hate,4,0,13,6,2
kcelectra,overall_non_hate,4,0,16,3,1
kcelectra,overall_non_hate,4,0,18,1,1
kcelectra,overall_non_hate,4,0,19,0,1
kcelectra,overall_non_hate,4,1,0,18,1
kcelectra,overall_non_hate,4,1,1,17,1
kcelectra,overall_non_hate,4,1,2,16,2
kcelectra,overall_non_hate,4,1,4,14,4
kcelectra,overall_non_hate,4,1,5,13,3
kcelectra,overall_non_hate,4,1,6,12,3
kcelectra,overall_non_hate,4,1,7,11,1
kcelectra,overall_non_hate,4,1,8,10,2
kcelectra,overall_non_hate,4,1,9,9,2
kcelectra,overall_non_hate,4,1,10,8,4
kcelectra,overall_non_hate,4,1,11,7,1
kcelectra,overall_non_hate,4,1,13,5,1
kcelectra,overall_non_hate,4,1,14,4,2
kcelectra,overall_non_hate,4,2,0,17,1
kcelectra,overall_non_hate,4,2,1,16,1
kcelectra,overall_non_hate,4,2,2,15,2
kcelectra,overall_non_hate,4,2,3,14,4
kcelectra,overall_non_hate,4,2,4,13,1
kcelectra,overall_non_hate,4,2,5,12,1
kcelectra,overall_non_hate,4,2,6,11,4
kcelectra,overall_non_hate,4,2,7,10,2
kcelectra,overall_non_hate,4,2,8,9,3
kcelectra,overall_non_hate,4,2,9,8,2
kcelectra,overall_non_hate,4,2,10,7,1
kcelectra,overall_non_hate,4,2,11,6,1
kcelectra,overall_non_hate,4,2,12,5,1
kcelectra,overall_non_hate,4,3,0,16,2
kcelectra,overall_non_hate,4,3,1,15,4
kcelectra,overall_non_hate,4,3,2,14,2
kcelectra,overall_non_hate,4,3,4,12,1
kcelectra,overall_non_hate,4,3,5,11,2
kcelectra,overall_non_hate,4,3,7,9,1
kcelectra,overall_non_hate,4,3,8,8,1
kcelectra,overall_non_hate,4,4,0,15,4
kcelectra,overall_non_hate,4,4,1,14,3
kcelectra,overall_non_hate,4,4,3,12,3
kcelectra,overall_non_hate,4,4,5,10,1
kcelectra,overall_non_hate,4,4,6,9,2
kcelectra,overall_non_hate,4,4,11,4,1
kcelectra,overall_non_hate,4,5,0,14,2
kcelectra,overall_non_hate,4,5,1,13,1
kcelectra,overall_non_hate,4,5,2,12,3
kcelectra,overall_non_hate,4,5,3,11,3
kcelectra,overall_non_hate,4,5,4,10,2
kcelectra,overall_non_hate,4,5,5,9,3
kcelectra,overall_non_hate,4,5,6,8,1
kcelectra,overall_non_hate,4,5,8,6,1
kcelectra,overall_non_hate,4,6,0,13,3
kcelectra,overall_non_hate,4,6,1,12,1
kcelectra,overall_non_hate,4,6,2,11,2
kcelectra,overall_non_hate,4,6,3,10,1
kcelectra,overall_non_hate,4,6,5,8,1
kcelectra,overall_non_hate,4,6,7,6,1
kcelectra,overall_non_hate,4,7,0,12,2
kcelectra,overall_non_hate,4,7,1,11,1
kcelectra,overall_non_hate,4,7,2,10,1
kcelectra,overall_non_hate,4,7,4,8,1
kcelectra,overall_non_hate,4,7,6,6,1
kcelectra,overall_non_hate,4,8,0,11,4
kcelectra,overall_non_hate,4,8,1,10,3
kcelectra,overall_non_hate,4,8,2,9,1
kcelectra,overall_non_hate,4,8,4,7,1
kcelectra,overall_non_hate,4,9,0,10,4
kcelectra,overall_non_hate,4,9,2,8,2
kcelectra,overall_non_hate,4,10,0,9,4
kcelectra,overall_non_hate,4,10,2,7,1
kcelectra,overall_non_hate,4,11,0,8,3
kcelectra,overall_non_hate,4,11,1,7,2
kcelectra,overall_non_hate,4,11,2,6,1
kcelectra,overall_non_hate,4,12,0,7,3
kcelectra,overall_non_hate,4,12,1,6,2
kcelectra,overall_non_hate,4,12,3,4,1
kcelectra,overall_non_hate,4,13,0,6,6
kcelectra,overall_non_hate,4,13,1,5,1
kcelectra,overall_non_hate,4,14,0,5,12
kcelectra,overall_non_hate,4,14,1,4,1
kcelectra,overall_non_hate,4,15,0,4,2
kcelectra,overall_non_hate,4,16,0,3,4
kcelectra,overall_non_hate,4,17,0,2,10
kcelectra,overall_non_hate,4,17,1,1,1
kcelectra,overall_non_hate,4,18,0,1,7
kcelectra,overall_non_hate,4,18,1,0,2
kcelectra,overall_non_hate,4,19,0,0,23
kcelectra,overall_non_hate,5,0,2,16,1
kcelectra,overall_non_hate,5,0,3,15,2
kcelectra,overall_non_hate,5,0,4,14,1
kcelectra,overall_non_hate,5,0,5,13,1
kcelectra,overall_non_hate,5,0,6,12,3
kcelectra,overall_non_hate,5,0,7,11,5
kcelectra,overall_non_hate,5,0,8,10,6
kcelectra,overall_non_hate,5,0,9,9,3
kcelectra,overall_non_hate,5,0,11,7,1
kcelectra,overall_non_hate,5,0,12,6,3
kcelectra,overall_non_hate,5,0,13,5,1
kcelectra,overall_non_hate,5,0,15,3,1
kcelectra,overall_non_hate,5,0,16,2,3
kcelectra,overall_non_hate,5,0,17,1,2
kcelectra,overall_non_hate,5,1,1,16,2
kcelectra,overall_non_hate,5,1,2,15,1
kcelectra,overall_non_hate,5,1,4,13,2
kcelectra,overall_non_hate,5,1,5,12,2
kcelectra,overall_non_hate,5,1,6,11,2
kcelectra,overall_non_hate,5,1,7,10,3
kcelectra,overall_non_hate,5,1,8,9,2
kcelectra,overall_non_hate,5,1,10,7,2
kcelectra,overall_non_hate,5,1,11,6,1
kcelectra,overall_non_hate,5,1,12,5,1
kcelectra,overall_non_hate,5,1,15,2,2
kcelectra,overall_non_hate,5,2,1,15,1
kcelectra,overall_non_hate,5,2,2,14,7
kcelectra,overall_non_hate,5,2,3,13,3
kcelectra,overall_non_hate,5,2,4,12,2
kcelectra,overall_non_hate,5,2,5,11,3
kcelectra,overall_non_hate,5,2,6,10,1
kcelectra,overall_non_hate,5,2,7,9,1
kcelectra,overall_non_hate,5,2,8,8,1
kcelectra,overall_non_hate,5,2,10,6,1
kcelectra,overall_non_hate,5,2,11,5,1
kcelectra,overall_non_hate,5,2,13,3,1
kcelectra,overall_non_hate,5,3,0,15,1
kcelectra,overall_non_hate,5,3,1,14,3
kcelectra,overall_non_hate,5,3,2,13,1
kcelectra,overall_non_hate,5,3,3,12,3
kcelectra,overall_non_hate,5,3,5,10,1
kcelectra,overall_non_hate,5,3,6,9,1
kcelectra,overall_non_hate,5,3,7,8,1
kcelectra,overall_non_hate,5,3,9,6,2
kcelectra,overall_non_hate,5,3,10,5,2
kcelectra,overall_non_hate,5,4,1,13,2
kcelectra,overall_non_hate,5,4,3,11,4
kcelectra,overall_non_hate,5,4,4,10,1
kcelectra,overall_non_hate,5,4,5,9,2
kcelectra,overall_non_hate,5,4,6,8,1
kcelectra,overall_non_hate,5,4,7,7,1
kcelectra,overall_non_hate,5,5,0,13,2
kcelectra,overall_non_hate,5,5,1,12,2
kcelectra,overall_non_hate,5,5,2,11,3
kcelectra,overall_non_hate,5,5,3,10,3
kcelectra,overall_non_hate,5,5,4,9,1
kcelectra,overall_non_hate,5,5,7,6,1
kcelectra,overall_non_hate,5,5,9,4,1
kcelectra,overall_non_hate,5,6,0,12,2
kcelectra,overall_non_hate,5,6,1,11,2
kcelectra,overall_non_hate,5,6,3,9,1
kcelectra,overall_non_hate,5,6,5,7,2
kcelectra,overall_non_hate,5,7,0,11,2
kcelectra,overall_non_hate,5,7,1,10,5
kcelectra,overall_non_hate,5,7,2,9,3
kcelectra,overall_non_hate,5,7,6,5,1
kcelectra,overall_non_hate,5,8,0,10,2
kcelectra,overall_non_hate,5,8,1,9,1
kcelectra,overall_non_hate,5,8,2,8,3
kcelectra,overall_non_hate,5,8,5,5,1
kcelectra,overall_non_hate,5,9,0,9,2
kcelectra,overall_non_hate,5,9,1,8,2
kcelectra,overall_non_hate,5,9,2,7,1
kcelectra,overall_non_hate,5,9,3,6,2
kcelectra,overall_non_hate,5,10,0,8,6
kcelectra,overall_non_hate,5,10,1,7,1
kcelectra,overall_non_hate,5,10,2,6,1
kcelectra,overall_non_hate,5,11,0,7,6
kcelectra,overall_non_hate,5,11,1,6,1
kcelectra,overall_non_hate,5,12,1,5,1
kcelectra,overall_non_hate,5,12,2,4,1
kcelectra,overall_non_hate,5,13,0,5,11
kcelectra,overall_non_hate,5,13,1,4,3
kcelectra,overall_non_hate,5,13,3,2,1
kcelectra,overall_non_hate,5,14,0,4,4
kcelectra,overall_non_hate,5,14,1,3,1
kcelectra,overall_non_hate,5,15,0,3,5
kcelectra,overall_non_hate,5,15,1,2,3
kcelectra,overall_non_hate,5,16,0,2,7
kcelectra,overall_non_hate,5,17,0,1,14
kcelectra,overall_non_hate,5,17,1,0,1
kcelectra,overall_non_hate,5,18,0,0,14
kcelectra,overall_non_hate,6,0,4,13,1
kcelectra,overall_non_hate,6,0,5,12,2
kcelectra,overall_non_hate,6,0,8,9,2
kcelectra,overall_non_hate,6,0,9,8,1
kcelectra,overall_non_hate,6,0,10,7,1
kcelectra,overall_non_hate,6,0,11,6,2
kcelectra,overall_non_hate,6,0,12,5,1
kcelectra,overall_non_hate,6,0,13,4,3
kcelectra,overall_non_hate,6,0,14,3,2
kcelectra,overall_non_hate,6,0,16,1,1
kcelectra,overall_non_hate,6,0,17,0,2
kcelectra,overall_non_hate,6,1,1,15,1
kcelectra,overall_non_hate,6,1,2,14,2
kcelectra,overall_non_hate,6,1,4,12,1
kcelectra,overall_non_hate,6,1,6,10,1
kcelectra,overall_non_hate,6,1,8,8,1
kcelectra,overall_non_hate,6,1,13,3,4
kcelectra,overall_non_hate,6,2,1,14,1
kcelectra,overall_non_hate,6,2,2,13,3
kcelectra,overall_non_hate,6,2,4,11,2
kcelectra,overall_non_hate,6,2,5,10,6
kcelectra,overall_non_hate,6,2,6,9,2
kcelectra,overall_non_hate,6,2,7,8,3
kcelectra,overall_non_hate,6,2,8,7,2
kcelectra,overall_non_hate,6,2,12,3,2
kcelectra,overall_non_hate,6,3,0,14,1
kcelectra,overall_non_hate,6,3,1,13,3
kcelectra,overall_non_hate,6,3,2,12,4
kcelectra,overall_non_hate,6,3,3,11,1
kcelectra,overall_non_hate,6,3,4,10,4
kcelectra,overall_non_hate,6,3,5,9,3
kcelectra,overall_non_hate,6,3,6,8,3
kcelectra,overall_non_hate,6,3,12,2,1
kcelectra,overall_non_hate,6,4,1,12,6
kcelectra,overall_non_hate,6,4,2,11,2
kcelectra,overall_non_hate,6,4,4,9,2
kcelectra,overall_non_hate,6,4,5,8,1
kcelectra,overall_non_hate,6,4,9,4,1
kcelectra,overall_non_hate,6,5,1,11,3
kcelectra,overall_non_hate,6,5,2,10,3
kcelectra,overall_non_hate,6,5,3,9,2
kcelectra,overall_non_hate,6,5,5,7,2
kcelectra,overall_non_hate,6,6,1,10,1
kcelectra,overall_non_hate,6,6,2,9,1
kcelectra,overall_non_hate,6,6,3,8,2
kcelectra,overall_non_hate,6,6,4,7,1
kcelectra,overall_non_hate,6,6,5,6,1
kcelectra,overall_non_hate,6,7,1,9,3
kcelectra,overall_non_hate,6,7,3,7,3
kcelectra,overall_non_hate,6,7,4,6,1
kcelectra,overall_non_hate,6,7,5,5,2
kcelectra,overall_non_hate,6,8,0,9,3
kcelectra,overall_non_hate,6,8,1,8,2
kcelectra,overall_non_hate,6,8,2,7,3
kcelectra,overall_non_hate,6,8,7,2,1
kcelectra,overall_non_hate,6,9,0,8,1
kcelectra,overall_non_hate,6,9,1,7,1
kcelectra,overall_non_hate,6,9,2,6,2
kcelectra,overall_non_hate,6,9,3,5,1
kcelectra,overall_non_hate,6,9,4,4,1
kcelectra,overall_non_hate,6,10,0,7,3
kcelectra,overall_non_hate,6,10,1,6,2
kcelectra,overall_non_hate,6,10,2,5,1
kcelectra,overall_non_hate,6,10,3,4,1
kcelectra,overall_non_hate,6,10,4,3,1
kcelectra,overall_non_hate,6,11,0,6,5
kcelectra,overall_non_hate,6,11,1,5,1
kcelectra,overall_non_hate,6,11,2,4,1
kcelectra,overall_non_hate,6,11,3,3,1
kcelectra,overall_non_hate,6,12,0,5,1
kcelectra,overall_non_hate,6,12,1,4,4
kcelectra,overall_non_hate,6,12,2,3,1
kcelectra,overall_non_hate,6,13,0,4,10
kcelectra,overall_non_hate,6,13,1,3,3
kcelectra,overall_non_hate,6,14,0,3,5
kcelectra,overall_non_hate,6,14,1,2,3
kcelectra,overall_non_hate,6,15,0,2,8
kcelectra,overall_non_hate,6,15,1,1,3
kcelectra,overall_non_hate,6,16,0,1,8
kcelectra,overall_non_hate,6,16,1,0,1
kcelectra,overall_non_hate,6,17,0,0,38
kcelectra,overall_non_hate,7,0,5,11,1
kcelectra,overall_non_hate,7,0,6,10,1
kcelectra,overall_non_hate,7,0,7,9,2
kcelectra,overall_non_hate,7,0,8,8,1
kcelectra,overall_non_hate,7,0,9,7,4
kcelectra,overall_non_hate,7,0,10,6,1
kcelectra,overall_non_hate,7,0,11,5,2
kcelectra,overall_non_hate,7,0,13,3,2
kcelectra,overall_non_hate,7,0,14,2,2
kcelectra,overall_non_hate,7,0,15,1,2
kcelectra,overall_non_hate,7,0,16,0,1
kcelectra,overall_non_hate,7,1,2,13,2
kcelectra,overall_non_hate,7,1,4,11,1
kcelectra,overall_non_hate,7,1,5,10,1
kcelectra,overall_non_hate,7,1,6,9,2
kcelectra,overall_non_hate,7,1,7,8,2
kcelectra,overall_non_hate,7,1,8,7,3
kcelectra,overall_non_hate,7,1,9,6,2
kcelectra,overall_non_hate,7,1,10,5,1
kcelectra,overall_non_hate,7,1,11,4,2
kcelectra,overall_non_hate,7,1,13,2,1
kcelectra,overall_non_hate,7,1,14,1,1
kcelectra,overall_non_hate,7,1,15,0,1
kcelectra,overall_non_hate,7,2,3,11,1
kcelectra,overall_non_hate,7,2,4,10,1
kcelectra,overall_non_hate,7,2,5,9,4
kcelectra,overall_non_hate,7,2,9,5,1
kcelectra,overall_non_hate,7,2,10,4,1
kcelectra,overall_non_hate,7,3,1,12,1
kcelectra,overall_non_hate,7,3,2,11,2
kcelectra,overall_non_hate,7,3,3,10,2
kcelectra,overall_non_hate,7,3,4,9,1
kcelectra,overall_non_hate,7,3,5,8,2
kcelectra,overall_non_hate,7,4,1,11,1
kcelectra,overall_non_hate,7,4,3,9,1
kcelectra,overall_non_hate,7,4,4,8,1
kcelectra,overall_non_hate,7,4,6,6,1
kcelectra,overall_non_hate,7,4,8,4,1
kcelectra,overall_non_hate,7,5,0,11,1
kcelectra,overall_non_hate,7,5,1,10,2
kcelectra,overall_non_hate,7,5,5,6,2
kcelectra,overall_non_hate,7,6,0,10,3
kcelectra,overall_non_hate,7,6,3,7,1
kcelectra,overall_non_hate,7,6,5,5,1
kcelectra,overall_non_hate,7,7,0,9,3
kcelectra,overall_non_hate,7,7,1,8,5
kcelectra,overall_non_hate,7,8,1,7,2
kcelectra,overall_non_hate,7,8,4,4,1
kcelectra,overall_non_hate,7,9,0,7,4
kcelectra,overall_non_hate,7,9,1,6,3
kcelectra,overall_non_hate,7,9,2,5,1
kcelectra,overall_non_hate,7,9,3,4,1
kcelectra,overall_non_hate,7,10,0,6,3
kcelectra,overall_non_hate,7,10,1,5,1
kcelectra,overall_non_hate,7,10,2,4,1
kcelectra,overall_non_hate,7,11,0,5,4
kcelectra,overall_non_hate,7,11,1,4,2
kcelectra,overall_non_hate,7,12,0,4,6
kcelectra,overall_non_hate,7,12,1,3,1
kcelectra,overall_non_hate,7,12,2,2,1
kcelectra,overall_non_hate,7,13,0,3,4
kcelectra,overall_non_hate,7,13,1,2,2
kcelectra,overall_non_hate,7,14,0,2,12
kcelectra,overall_non_hate,7,14,1,1,4
kcelectra,overall_non_hate,7,15,0,1,17
kcelectra,overall_non_hate,7,16,0,0,25
kcelectra,overall_non_hate,8,0,4,11,2
kcelectra,overall_non_hate,8,0,6,9,1
kcelectra,overall_non_hate,8,0,7,8,1
kcelectra,overall_non_hate,8,0,8,7,1
kcelectra,overall_non_hate,8,0,10,5,3
kcelectra,overall_non_hate,8,0,11,4,2
kcelectra,overall_non_hate,8,0,13,2,4
kcelectra,overall_non_hate,8,0,14,1,2
kcelectra,overall_non_hate,8,0,15,0,2
kcelectra,overall_non_hate,8,1,2,12,1
kcelectra,overall_non_hate,8,1,3,11,2
kcelectra,overall_non_hate,8,1,4,10,3
kcelectra,overall_non_hate,8,1,6,8,2
kcelectra,overall_non_hate,8,1,7,7,2
kcelectra,overall_non_hate,8,1,8,6,1
kcelectra,overall_non_hate,8,1,9,5,1
kcelectra,overall_non_hate,8,1,10,4,3
kcelectra,overall_non_hate,8,1,11,3,1
kcelectra,overall_non_hate,8,1,13,1,1
kcelectra,overall_non_hate,8,2,3,10,2
kcelectra,overall_non_hate,8,2,4,9,3
kcelectra,overall_non_hate,8,2,7,6,2
kcelectra,overall_non_hate,8,2,8,5,1
kcelectra,overall_non_hate,8,3,2,10,1
kcelectra,overall_non_hate,8,3,3,9,2
kcelectra,overall_non_hate,8,3,4,8,1
kcelectra,overall_non_hate,8,3,6,6,2
kcelectra,overall_non_hate,8,3,7,5,1
kcelectra,overall_non_hate,8,3,8,4,1
kcelectra,overall_non_hate,8,3,9,3,1
kcelectra,overall_non_hate,8,4,1,10,2
kcelectra,overall_non_hate,8,4,2,9,2
kcelectra,overall_non_hate,8,4,4,7,3
kcelectra,overall_non_hate,8,4,5,6,1
kcelectra,overall_non_hate,8,5,1,9,1
kcelectra,overall_non_hate,8,5,3,7,1
kcelectra,overall_non_hate,8,5,4,6,2
kcelectra,overall_non_hate,8,6,0,9,2
kcelectra,overall_non_hate,8,6,1,8,3
kcelectra,overall_non_hate,8,6,3,6,1
kcelectra,overall_non_hate,8,7,0,8,2
kcelectra,overall_non_hate,8,8,0,7,1
kcelectra,overall_non_hate,8,8,1,6,3
kcelectra,overall_non_hate,8,8,3,4,3
kcelectra,overall_non_hate,8,9,0,6,4
kcelectra,overall_non_hate,8,9,1,5,4
kcelectra,overall_non_hate,8,9,2,4,1
kcelectra,overall_non_hate,8,9,3,3,2
kcelectra,overall_non_hate,8,9,4,2,2
kcelectra,overall_non_hate,8,10,0,5,2
kcelectra,overall_non_hate,8,10,1,4,3
kcelectra,overall_non_hate,8,10,2,3,2
kcelectra,overall_non_hate,8,11,0,4,6
kcelectra,overall_non_hate,8,11,1,3,5
kcelectra,overall_non_hate,8,11,2,2,1
kcelectra,overall_non_hate,8,11,3,1,1
kcelectra,overall_non_hate,8,12,0,3,7
kcelectra,overall_non_hate,8,13,0,2,6
kcelectra,overall_non_hate,8,13,1,1,2
kcelectra,overall_non_hate,8,14,0,1,12
kcelectra,overall_non_hate,8,14,1,0,2
kcelectra,overall_non_hate,8,15,0,0,27
kcelectra,overall_non_hate,9,0,4,10,1
kcelectra,overall_non_hate,9,0,7,7,3
kcelectra,overall_non_hate,9,0,9,5,1
kcelectra,overall_non_hate,9,0,11,3,2
kcelectra,overall_non_hate,9,0,13,1,1
kcelectra,overall_non_hate,9,0,14,0,1
kcelectra,overall_non_hate,9,1,1,12,2
kcelectra,overall_non_hate,9,1,3,10,1
kcelectra,overall_non_hate,9,1,5,8,3
kcelectra,overall_non_hate,9,1,6,7,1
kcelectra,overall_non_hate,9,1,7,6,1
kcelectra,overall_non_hate,9,1,8,5,3
kcelectra,overall_non_hate,9,1,9,4,2
kcelectra,overall_non_hate,9,1,11,2,2
kcelectra,overall_non_hate,9,1,12,1,1
kcelectra,overall_non_hate,9,2,1,11,1
kcelectra,overall_non_hate,9,2,3,9,4
kcelectra,overall_non_hate,9,2,5,7,2
kcelectra,overall_non_hate,9,2,6,6,1
kcelectra,overall_non_hate,9,2,7,5,2
kcelectra,overall_non_hate,9,2,8,4,1
kcelectra,overall_non_hate,9,2,11,1,1
kcelectra,overall_non_hate,9,3,0,11,1
kcelectra,overall_non_hate,9,3,1,10,2
kcelectra,overall_non_hate,9,3,2,9,3
kcelectra,overall_non_hate,9,3,3,8,5
kcelectra,overall_non_hate,9,3,4,7,3
kcelectra,overall_non_hate,9,3,5,6,2
kcelectra,overall_non_hate,9,3,6,5,1
kcelectra,overall_non_hate,9,3,7,4,2
kcelectra,overall_non_hate,9,4,2,8,3
kcelectra,overall_non_hate,9,4,4,6,4
kcelectra,overall_non_hate,9,4,5,5,3
kcelectra,overall_non_hate,9,4,7,3,2
kcelectra,overall_non_hate,9,5,0,9,1
kcelectra,overall_non_hate,9,5,1,8,3
kcelectra,overall_non_hate,9,5,2,7,1
kcelectra,overall_non_hate,9,5,3,6,1
kcelectra,overall_non_hate,9,5,4,5,1
kcelectra,overall_non_hate,9,5,5,4,1
kcelectra,overall_non_hate,9,5,7,2,3
kcelectra,overall_non_hate,9,6,0,8,1
kcelectra,overall_non_hate,9,6,1,7,1
kcelectra,overall_non_hate,9,6,2,6,4
kcelectra,overall_non_hate,9,6,3,5,6
kcelectra,overall_non_hate,9,6,4,4,1
kcelectra,overall_non_hate,9,7,0,7,2
kcelectra,overall_non_hate,9,7,1,6,2
kcelectra,overall_non_hate,9,8,1,5,3
kcelectra,overall_non_hate,9,8,2,4,2
kcelectra,overall_non_hate,9,8,3,3,1
kcelectra,overall_non_hate,9,8,4,2,1
kcelectra,overall_non_hate,9,9,0,5,5
kcelectra,overall_non_hate,9,10,0,4,7
kcelectra,overall_non_hate,9,10,1,3,1
kcelectra,overall_non_hate,9,10,2,2,1
kcelectra,overall_non_hate,9,11,0,3,4
kcelectra,overall_non_hate,9,11,1,2,1
kcelectra,overall_non_hate,9,11,2,1,1
kcelectra,overall_non_hate,9,12,0,2,9
kcelectra,overall_non_hate,9,12,1,1,3
kcelectra,overall_non_hate,9,13,0,1,23
kcelectra,overall_non_hate,9,13,1,0,5
kcelectra,overall_non_hate,9,14,0,0,34
kcelectra,overall_non_hate,10,0,2,11,1
kcelectra,overall_non_hate,10,0,5,8,3
kcelectra,overall_non_hate,10,0,8,5,1
kcelectra,overall_non_hate,10,0,9,4,3
kcelectra,overall_non_hate,10,0,10,3,2
kcelectra,overall_non_hate,10,0,11,2,3
kcelectra,overall_non_hate,10,0,12,1,2
kcelectra,overall_non_hate,10,0,13,0,3
kcelectra,overall_non_hate,10,1,3,9,1
kcelectra,overall_non_hate,10,1,6,6,3
kcelectra,overall_non_hate,10,1,7,5,1
kcelectra,overall_non_hate,10,1,8,4,2
kcelectra,overall_non_hate,10,1,11,1,3
kcelectra,overall_non_hate,10,2,2,9,2
kcelectra,overall_non_hate,10,2,4,7,1
kcelectra,overall_non_hate,10,2,5,6,3
kcelectra,overall_non_hate,10,2,6,5,1
kcelectra,overall_non_hate,10,2,8,3,1
kcelectra,overall_non_hate,10,2,9,2,2
kcelectra,overall_non_hate,10,2,11,0,1
kcelectra,overall_non_hate,10,3,0,10,2
kcelectra,overall_non_hate,10,3,1,9,1
kcelectra,overall_non_hate,10,3,2,8,3
kcelectra,overall_non_hate,10,3,3,7,2
kcelectra,overall_non_hate,10,3,5,5,1
kcelectra,overall_non_hate,10,3,6,4,1
kcelectra,overall_non_hate,10,3,10,0,2
kcelectra,overall_non_hate,10,4,0,9,1
kcelectra,overall_non_hate,10,4,1,8,3
kcelectra,overall_non_hate,10,4,2,7,3
kcelectra,overall_non_hate,10,4,4,5,1
kcelectra,overall_non_hate,10,4,5,4,1
kcelectra,overall_non_hate,10,4,9,0,1
kcelectra,overall_non_hate,10,5,1,7,2
kcelectra,overall_non_hate,10,5,2,6,1
kcelectra,overall_non_hate,10,5,3,5,2
kcelectra,overall_non_hate,10,5,4,4,1
kcelectra,overall_non_hate,10,5,5,3,1
kcelectra,overall_non_hate,10,6,0,7,2
kcelectra,overall_non_hate,10,6,1,6,2
kcelectra,overall_non_hate,10,6,2,5,2
kcelectra,overall_non_hate,10,6,3,4,1
kcelectra,overall_non_hate,10,7,1,5,2
kcelectra,overall_non_hate,10,7,2,4,2
kcelectra,overall_non_hate,10,8,0,5,5
kcelectra,overall_non_hate,10,8,1,4,2
kcelectra,overall_non_hate,10,9,0,4,2
kcelectra,overall_non_hate,10,9,1,3,6
kcelectra,overall_non_hate,10,10,0,3,3
kcelectra,overall_non_hate,10,10,1,2,2
kcelectra,overall_non_hate,10,10,2,1,1
kcelectra,overall_non_hate,10,10,3,0,2
kcelectra,overall_non_hate,10,11,0,2,12
kcelectra,overall_non_hate,10,11,1,1,1
kcelectra,overall_non_hate,10,12,0,1,9
kcelectra,overall_non_hate,10,12,1,0,2
kcelectra,overall_non_hate,10,13,0,0,26
kcelectra,overall_non_hate,11,0,5,7,1
kcelectra,overall_non_hate,11,0,7,5,3
kcelectra,overall_non_hate,11,0,8,4,1
kcelectra,overall_non_hate,11,0,9,3,2
kcelectra,overall_non_hate,11,0,10,2,2
kcelectra,overall_non_hate,11,0,11,1,1
kcelectra,overall_non_hate,11,0,12,0,1
kcelectra,overall_non_hate,11,1,2,9,1
kcelectra,overall_non_hate,11,1,4,7,2
kcelectra,overall_non_hate,11,1,5,6,2
kcelectra,overall_non_hate,11,1,6,5,3
kcelectra,overall_non_hate,11,1,7,4,1
kcelectra,overall_non_hate,11,1,8,3,1
kcelectra,overall_non_hate,11,1,9,2,4
kcelectra,overall_non_hate,11,1,11,0,2
kcelectra,overall_non_hate,11,2,2,8,2
kcelectra,overall_non_hate,11,2,3,7,1
kcelectra,overall_non_hate,11,2,4,6,1
kcelectra,overall_non_hate,11,2,5,5,1
kcelectra,overall_non_hate,11,2,6,4,2
kcelectra,overall_non_hate,11,2,7,3,1
kcelectra,overall_non_hate,11,3,2,7,3
kcelectra,overall_non_hate,11,3,3,6,1
kcelectra,overall_non_hate,11,3,4,5,1
kcelectra,overall_non_hate,11,3,5,4,1
kcelectra,overall_non_hate,11,3,6,3,2
kcelectra,overall_non_hate,11,3,8,1,1
kcelectra,overall_non_hate,11,4,1,7,2
kcelectra,overall_non_hate,11,4,2,6,3
kcelectra,overall_non_hate,11,4,3,5,2
kcelectra,overall_non_hate,11,4,4,4,3
kcelectra,overall_non_hate,11,4,5,3,1
kcelectra,overall_non_hate,11,4,6,2,1
kcelectra,overall_non_hate,11,4,7,1,1
kcelectra,overall_non_hate,11,5,0,7,2
kcelectra,overall_non_hate,11,5,1,6,3
kcelectra,overall_non_hate,11,5,2,5,2
kcelectra,overall_non_hate,11,5,3,4,2
kcelectra,overall_non_hate,11,5,7,0,1
kcelectra,overall_non_hate,11,6,0,6,3
kcelectra,overall_non_hate,11,6,1,5,2
kcelectra,overall_non_hate,11,6,2,4,2
kcelectra,overall_non_hate,11,7,0,5,2
kcelectra,overall_non_hate,11,7,1,4,6
kcelectra,overall_non_hate,11,7,2,3,2
kcelectra,overall_non_hate,11,8,0,4,3
kcelectra,overall_non_hate,11,8,1,3,3
kcelectra,overall_non_hate,11,8,3,1,1
kcelectra,overall_non_hate,11,9,0,3,9
kcelectra,overall_non_hate,11,9,1,2,3
kcelectra,overall_non_hate,11,9,2,1,4
kcelectra,overall_non_hate,11,10,0,2,3
kcelectra,overall_non_hate,11,10,1,1,1
kcelectra,overall_non_hate,11,10,2,0,1
kcelectra,overall_non_hate,11,11,0,1,7
kcelectra,overall_non_hate,11,11,1,0,3
kcelectra,overall_non_hate,11,12,0,0,38
kcelectra,overall_non_hate,12,0,4,7,1
kcelectra,overall_non_hate,12,0,5,6,2
kcelectra,overall_non_hate,12,0,7,4,3
kcelectra,overall_non_hate,12,0,8,3,3
kcelectra,overall_non_hate,12,0,9,2,2
kcelectra,overall_non_hate,12,0,10,1,3
kcelectra,overall_non_hate,12,0,11,0,1
kcelectra,overall_non_hate,12,1,2,8,3
kcelectra,overall_non_hate,12,1,3,7,3
kcelectra,overall_non_hate,12,1,4,6,1
kcelectra,overall_non_hate,12,1,5,5,1
kcelectra,overall_non_hate,12,1,6,4,2
kcelectra,overall_non_hate,12,1,7,3,1
kcelectra,overall_non_hate,12,1,8,2,1
kcelectra,overall_non_hate,12,1,9,1,3
kcelectra,overall_non_hate,12,2,2,7,1
kcelectra,overall_non_hate,12,2,4,5,1
kcelectra,overall_non_hate,12,2,5,4,1
kcelectra,overall_non_hate,12,2,9,0,1
kcelectra,overall_non_hate,12,3,1,7,1
kcelectra,overall_non_hate,12,3,3,5,2
kcelectra,overall_non_hate,12,3,4,4,1
kcelectra,overall_non_hate,12,3,5,3,3
kcelectra,overall_non_hate,12,3,6,2,1
kcelectra,overall_non_hate,12,3,7,1,1
kcelectra,overall_non_hate,12,3,8,0,1
kcelectra,overall_non_hate,12,4,1,6,4
kcelectra,overall_non_hate,12,4,3,4,2
kcelectra,overall_non_hate,12,5,0,6,1
kcelectra,overall_non_hate,12,5,1,5,3
kcelectra,overall_non_hate,12,5,2,4,3
kcelectra,overall_non_hate,12,5,3,3,3
kcelectra,overall_non_hate,12,5,5,1,1
kcelectra,overall_non_hate,12,6,1,4,1
kcelectra,overall_non_hate,12,6,2,3,3
kcelectra,overall_non_hate,12,6,3,2,2
kcelectra,overall_non_hate,12,6,4,1,1
kcelectra,overall_non_hate,12,7,0,4,2
kcelectra,overall_non_hate,12,7,1,3,2
kcelectra,overall_non_hate,12,7,3,1,1
kcelectra,overall_non_hate,12,7,4,0,1
kcelectra,overall_non_hate,12,8,0,3,8
kcelectra,overall_non_hate,12,8,1,2,7
kcelectra,overall_non_hate,12,8,2,1,1
kcelectra,overall_non_hate,12,9,0,2,13
kcelectra,overall_non_hate,12,9,1,1,4
kcelectra,overall_non_hate,12,10,0,1,13
kcelectra,overall_non_hate,12,10,1,0,4
kcelectra,overall_non_hate,12,11,0,0,43
kcelectra,overall_non_hate,13,0,0,10,1
kcelectra,overall_non_hate,13,0,5,5,1
kcelectra,overall_non_hate,13,0,6,4,1
kcelectra,overall_non_hate,13,0,7,3,1
kcelectra,overall_non_hate,13,0,8,2,4
kcelectra,overall_non_hate,13,0,9,1,4
kcelectra,overall_non_hate,13,0,10,0,1
kcelectra,overall_non_hate,13,1,3,6,1
kcelectra,overall_non_hate,13,1,4,5,5
kcelectra,overall_non_hate,13,1,5,4,3
kcelectra,overall_non_hate,13,1,6,3,1
kcelectra,overall_non_hate,13,1,7,2,2
kcelectra,overall_non_hate,13,1,8,1,1
kcelectra,overall_non_hate,13,2,1,7,2
kcelectra,overall_non_hate,13,2,2,6,4
kcelectra,overall_non_hate,13,2,3,5,1
kcelectra,overall_non_hate,13,2,4,4,5
kcelectra,overall_non_hate,13,2,5,3,1
kcelectra,overall_non_hate,13,2,6,2,2
kcelectra,overall_non_hate,13,2,7,1,2
kcelectra,overall_non_hate,13,2,8,0,1
kcelectra,overall_non_hate,13,3,0,7,2
kcelectra,overall_non_hate,13,3,2,5,1
kcelectra,overall_non_hate,13,3,3,4,4
kcelectra,overall_non_hate,13,3,4,3,2
kcelectra,overall_non_hate,13,3,5,2,3
kcelectra,overall_non_hate,13,3,7,0,1
kcelectra,overall_non_hate,13,4,1,5,1
kcelectra,overall_non_hate,13,4,2,4,3
kcelectra,overall_non_hate,13,4,3,3,5
kcelectra,overall_non_hate,13,4,4,2,2
kcelectra,overall_non_hate,13,4,5,1,1
kcelectra,overall_non_hate,13,4,6,0,1
kcelectra,overall_non_hate,13,5,0,5,2
kcelectra,overall_non_hate,13,5,1,4,2
kcelectra,overall_non_hate,13,5,2,3,2
kcelectra,overall_non_hate,13,5,3,2,2
kcelectra,overall_non_hate,13,5,4,1,2
kcelectra,overall_non_hate,13,6,0,4,1
kcelectra,overall_non_hate,13,6,1,3,3
kcelectra,overall_non_hate,13,6,2,2,2
kcelectra,overall_non_hate,13,7,0,3,7
kcelectra,overall_non_hate,13,7,1,2,6
kcelectra,overall_non_hate,13,7,2,1,3
kcelectra,overall_non_hate,13,8,0,2,6
kcelectra,overall_non_hate,13,8,1,1,5
kcelectra,overall_non_hate,13,8,2,0,1
kcelectra,overall_non_hate,13,9,0,1,10
kcelectra,overall_non_hate,13,9,1,0,5
kcelectra,overall_non_hate,13,10,0,0,47
kcelectra,overall_non_hate,14,0,2,7,1
kcelectra,overall_non_hate,14,0,3,6,1
kcelectra,overall_non_hate,14,0,6,3,3
kcelectra,overall_non_hate,14,0,7,2,3
kcelectra,overall_non_hate,14,0,8,1,3
kcelectra,overall_non_hate,14,0,9,0,4
kcelectra,overall_non_hate,14,1,3,5,2
kcelectra,overall_non_hate,14,1,5,3,4
kcelectra,overall_non_hate,14,1,6,2,2
kcelectra,overall_non_hate,14,1,7,1,3
kcelectra,overall_non_hate,14,1,8,0,2
kcelectra,overall_non_hate,14,2,1,6,1
kcelectra,overall_non_hate,14,2,2,5,2
kcelectra,overall_non_hate,14,2,3,4,2
kcelectra,overall_non_hate,14,2,4,3,4
kcelectra,overall_non_hate,14,2,5,2,1
kcelectra,overall_non_hate,14,2,6,1,3
kcelectra,overall_non_hate,14,3,1,5,1
kcelectra,overall_non_hate,14,3,2,4,1
kcelectra,overall_non_hate,14,3,3,3,2
kcelectra,overall_non_hate,14,3,4,2,4
kcelectra,overall_non_hate,14,3,6,0,2
kcelectra,overall_non_hate,14,4,0,5,3
kcelectra,overall_non_hate,14,4,1,4,4
kcelectra,overall_non_hate,14,4,3,2,5
kcelectra,overall_non_hate,14,5,0,4,2
kcelectra,overall_non_hate,14,5,1,3,3
kcelectra,overall_non_hate,14,5,2,2,5
kcelectra,overall_non_hate,14,6,0,3,4
kcelectra,overall_non_hate,14,6,1,2,4
kcelectra,overall_non_hate,14,6,2,1,4
kcelectra,overall_non_hate,14,7,0,2,7
kcelectra,overall_non_hate,14,7,1,1,4
kcelectra,overall_non_hate,14,7,2,0,1
kcelectra,overall_non_hate,14,8,0,1,19
kcelectra,overall_non_hate,14,8,1,0,3
kcelectra,overall_non_hate,14,9,0,0,48
kcelectra,overall_non_hate,15,0,4,4,1
kcelectra,overall_non_hate,15,0,6,2,4
kcelectra,overall_non_hate,15,0,7,1,1
kcelectra,overall_non_hate,15,0,8,0,2
kcelectra,overall_non_hate,15,1,1,6,2
kcelectra,overall_non_hate,15,1,2,5,1
kcelectra,overall_non_hate,15,1,3,4,2
kcelectra,overall_non_hate,15,1,4,3,1
kcelectra,overall_non_hate,15,1,5,2,2
kcelectra,overall_non_hate,15,1,6,1,5
kcelectra,overall_non_hate,15,1,7,0,1
kcelectra,overall_non_hate,15,2,0,6,1
kcelectra,overall_non_hate,15,2,2,4,5
kcelectra,overall_non_hate,15,2,3,3,2
kcelectra,overall_non_hate,15,2,4,2,5
kcelectra,overall_non_hate,15,2,5,1,3
kcelectra,overall_non_hate,15,2,6,0,1
kcelectra,overall_non_hate,15,3,1,4,2
kcelectra,overall_non_hate,15,3,2,3,4
kcelectra,overall_non_hate,15,3,3,2,4
kcelectra,overall_non_hate,15,3,4,1,2
kcelectra,overall_non_hate,15,4,0,4,1
kcelectra,overall_non_hate,15,4,1,3,3
kcelectra,overall_non_hate,15,4,2,2,4
kcelectra,overall_non_hate,15,4,3,1,5
kcelectra,overall_non_hate,15,5,0,3,4
kcelectra,overall_non_hate,15,5,1,2,4
kcelectra,overall_non_hate,15,5,2,1,2
kcelectra,overall_non_hate,15,6,0,2,10
kcelectra,overall_non_hate,15,6,1,1,4
kcelectra,overall_non_hate,15,6,2,0,2
kcelectra,overall_non_hate,15,7,0,1,15
kcelectra,overall_non_hate,15,7,1,0,7
kcelectra,overall_non_hate,15,8,0,0,50
kcelectra,overall_non_hate,16,0,3,4,1
kcelectra,overall_non_hate,16,0,4,3,1
kcelectra,overall_non_hate,16,0,5,2,2
kcelectra,overall_non_hate,16,0,6,1,8
kcelectra,overall_non_hate,16,0,7,0,4
kcelectra,overall_non_hate,16,1,2,4,4
kcelectra,overall_non_hate,16,1,3,3,5
kcelectra,overall_non_hate,16,1,4,2,3
kcelectra,overall_non_hate,16,1,5,1,6
kcelectra,overall_non_hate,16,1,6,0,2
kcelectra,overall_non_hate,16,2,0,5,1
kcelectra,overall_non_hate,16,2,1,4,1
kcelectra,overall_non_hate,16,2,2,3,3
kcelectra,overall_non_hate,16,2,3,2,3
kcelectra,overall_non_hate,16,2,4,1,5
kcelectra,overall_non_hate,16,2,5,0,1
kcelectra,overall_non_hate,16,3,0,4,1
kcelectra,overall_non_hate,16,3,1,3,3
kcelectra,overall_non_hate,16,3,2,2,6
kcelectra,overall_non_hate,16,3,3,1,6
kcelectra,overall_non_hate,16,4,0,3,5
kcelectra,overall_non_hate,16,4,1,2,1
kcelectra,overall_non_hate,16,4,2,1,4
kcelectra,overall_non_hate,16,5,0,2,10
kcelectra,overall_non_hate,16,5,1,1,8
kcelectra,overall_non_hate,16,5,2,0,3
kcelectra,overall_non_hate,16,6,0,1,10
kcelectra,overall_non_hate,16,6,1,0,14
kcelectra,overall_non_hate,16,7,0,0,67
kcelectra,overall_non_hate,17,0,2,4,2
kcelectra,overall_non_hate,17,0,3,3,1
kcelectra,overall_non_hate,17,0,4,2,5
kcelectra,overall_non_hate,17,0,5,1,3
kcelectra,overall_non_hate,17,0,6,0,10
kcelectra,overall_non_hate,17,1,1,4,2
kcelectra,overall_non_hate,17,1,2,3,1
kcelectra,overall_non_hate,17,1,3,2,7
kcelectra,overall_non_hate,17,1,5,0,2
kcelectra,overall_non_hate,17,2,0,4,3
kcelectra,overall_non_hate,17,2,1,3,5
kcelectra,overall_non_hate,17,2,2,2,4
kcelectra,overall_non_hate,17,2,3,1,4
kcelectra,overall_non_hate,17,2,4,0,3
kcelectra,overall_non_hate,17,3,0,3,1
kcelectra,overall_non_hate,17,3,1,2,2
kcelectra,overall_non_hate,17,3,2,1,10
kcelectra,overall_non_hate,17,3,3,0,1
kcelectra,overall_non_hate,17,4,0,2,11
kcelectra,overall_non_hate,17,4,1,1,8
kcelectra,overall_non_hate,17,4,2,0,3
kcelectra,overall_non_hate,17,5,0,1,27
kcelectra,overall_non_hate,17,5,1,0,4
kcelectra,overall_non_hate,17,6,0,0,78
kcelectra,overall_non_hate,18,0,1,4,1
kcelectra,overall_non_hate,18,0,3,2,4
kcelectra,overall_non_hate,18,0,4,1,3
kcelectra,overall_non_hate,18,0,5,0,5
kcelectra,overall_non_hate,18,1,2,2,2
kcelectra,overall_non_hate,18,1,3,1,3
kcelectra,overall_non_hate,18,1,4,0,9
kcelectra,overall_non_hate,18,2,0,3,1
kcelectra,overall_non_hate,18,2,1,2,3
kcelectra,overall_non_hate,18,2,2,1,8
kcelectra,overall_non_hate,18,2,3,0,2
kcelectra,overall_non_hate,18,3,0,2,9
kcelectra,overall_non_hate,18,3,1,1,13
kcelectra,overall_non_hate,18,3,2,0,6
kcelectra,overall_non_hate,18,4,0,1,15
kcelectra,overall_non_hate,18,4,1,0,8
kcelectra,overall_non_hate,18,5,0,0,117
kcelectra,overall_non_hate,19,0,1,3,1
kcelectra,overall_non_hate,19,0,2,2,3
kcelectra,overall_non_hate,19,0,3,1,4
kcelectra,overall_non_hate,19,0,4,0,9
kcelectra,overall_non_hate,19,1,0,3,3
kcelectra,overall_non_hate,19,1,1,2,2
kcelectra,overall_non_hate,19,1,2,1,3
kcelectra,overall_non_hate,19,1,3,0,10
kcelectra,overall_non_hate,19,2,0,2,5
kcelectra,overall_non_hate,19,2,1,1,9
kcelectra,overall_non_hate,19,2,2,0,10
kcelectra,overall_non_hate,19,3,0,1,12
kcelectra,overall_non_hate,19,3,1,0,15
kcelectra,overall_non_hate,19,4,0,0,136
kcelectra,overall_non_hate,20,0,0,3,1
kcelectra,overall_non_hate,20,0,1,2,4
kcelectra,overall_non_hate,20,0,2,1,4
kcelectra,overall_non_hate,20,0,3,0,16
kcelectra,overall_non_hate,20,1,0,2,6
kcelectra,overall_non_hate,20,1,1,1,3
kcelectra,overall_non_hate,20,1,2,0,19
kcelectra,overall_non_hate,20,2,0,1,16
kcelectra,overall_non_hate,20,2,1,0,21
kcelectra,overall_non_hate,20,3,0,0,162
kcelectra,overall_non_hate,21,0,0,2,1
kcelectra,overall_non_hate,21,0,1,1,8
kcelectra,overall_non_hate,21,0,2,0,21
kcelectra,overall_non_hate,21,1,0,1,14
kcelectra,overall_non_hate,21,1,1,0,43
kcelectra,overall_non_hate,21,2,0,0,225
kcelectra,overall_non_hate,22,0,0,1,14
kcelectra,overall_non_hate,22,0,1,0,72
kcelectra,overall_non_hate,22,1,0,0,382
kcelectra,overall_non_hate,23,0,0,0,1274
kcelectra,politics,0,0,0,23,13
kcelectra,politics,0,0,1,22,6
kcelectra,politics,0,0,2,21,5
kcelectra,politics,0,0,3,20,3
kcelectra,politics,0,0,5,18,3
kcelectra,politics,0,0,6,17,1
kcelectra,politics,0,0,8,15,1
kcelectra,politics,0,0,9,14,2
kcelectra,politics,0,0,13,10,1
kcelectra,politics,0,0,16,7,1
kcelectra,politics,0,0,21,2,1
kcelectra,politics,0,0,22,1,1
kcelectra,politics,0,1,0,22,5
kcelectra,politics,0,1,1,21,1
kcelectra,politics,0,1,3,19,1
kcelectra,politics,0,1,5,17,1
kcelectra,politics,0,1,6,16,1
kcelectra,politics,0,2,0,21,3
kcelectra,politics,0,2,1,20,4
kcelectra,politics,0,2,2,19,1
kcelectra,politics,0,2,9,12,1
kcelectra,politics,0,3,0,20,2
kcelectra,politics,0,3,1,19,2
kcelectra,politics,0,3,2,18,1
kcelectra,politics,0,4,0,19,1
kcelectra,politics,0,5,3,15,1
kcelectra,politics,0,5,6,12,1
kcelectra,politics,0,6,1,16,1
kcelectra,politics,0,6,2,15,1
kcelectra,politics,0,7,0,16,1
kcelectra,politics,0,7,3,13,1
kcelectra,politics,0,8,2,13,1
kcelectra,politics,0,9,1,13,1
kcelectra,politics,0,10,0,13,2
kcelectra,politics,0,10,2,11,1
kcelectra,politics,0,12,1,10,1
kcelectra,politics,0,13,0,10,2
kcelectra,politics,0,14,0,9,1
kcelectra,politics,0,15,1,7,1
kcelectra,politics,0,20,0,3,1
kcelectra,politics,1,0,0,22,1
kcelectra,politics,1,0,1,21,2
kcelectra,politics,1,0,4,18,1
kcelectra,politics,1,0,5,17,1
kcelectra,politics,1,0,6,16,1
kcelectra,politics,1,0,7,15,1
kcelectra,politics,1,0,9,13,3
kcelectra,politics,1,0,10,12,2
kcelectra,politics,1,0,11,11,1
kcelectra,politics,1,0,13,9,1
kcelectra,politics,1,0,14,8,1
kcelectra,politics,1,0,20,2,1
kcelectra,politics,1,1,3,18,1
kcelectra,politics,1,1,6,15,1
kcelectra,politics,1,1,11,10,1
kcelectra,politics,1,2,0,20,1
kcelectra,politics,1,2,1,19,1
kcelectra,politics,1,2,2,18,2
kcelectra,politics,1,2,5,15,1
kcelectra,politics,1,2,7,13,1
kcelectra,politics,1,3,0,19,2
kcelectra,politics,1,3,1,18,2
kcelectra,politics,1,3,2,17,2
kcelectra,politics,1,3,4,15,1
kcelectra,politics,1,4,0,18,1
kcelectra,politics,1,4,4,14,1
kcelectra,politics,1,5,0,17,1
kcelectra,politics,1,5,2,15,2
kcelectra,politics,1,5,3,14,1
kcelectra,politics,1,6,0,16,2
kcelectra,politics,1,6,4,12,1
kcelectra,politics,1,7,0,15,2
kcelectra,politics,1,7,1,14,3
kcelectra,politics,1,9,0,13,2
kcelectra,politics,1,9,3,10,1
kcelectra,politics,1,10,0,12,1
kcelectra,politics,1,10,1,11,1
kcelectra,politics,1,10,3,9,1
kcelectra,politics,1,11,0,11,2
kcelectra,politics,1,11,1,10,1
kcelectra,politics,1,12,0,10,1
kcelectra,politics,1,14,0,8,2
kcelectra,politics,1,15,0,7,4
kcelectra,politics,1,16,0,6,2
kcelectra,politics,1,16,1,5,1
kcelectra,politics,1,17,0,5,2
kcelectra,politics,1,20,0,2,1
kcelectra,politics,2,0,1,20,1
kcelectra,politics,2,0,14,7,2
kcelectra,politics,2,0,17,4,1
kcelectra,politics,2,0,20,1,1
kcelectra,politics,2,1,1,19,1
kcelectra,politics,2,1,2,18,1
kcelectra,politics,2,1,5,15,1
kcelectra,politics,2,1,8,12,1
kcelectra,politics,2,1,10,10,2
kcelectra,politics,2,2,1,18,1
kcelectra,politics,2,2,4,15,1
kcelectra,politics,2,2,6,13,2
kcelectra,politics,2,2,9,10,1
kcelectra,politics,2,3,0,18,1
kcelectra,politics,2,3,7,11,1
kcelectra,politics,2,4,0,17,2
kcelectra,politics,2,4,3,14,1
kcelectra,politics,2,5,0,16,1
kcelectra,politics,2,5,2,14,2
kcelectra,politics,2,5,5,11,1
kcelectra,politics,2,6,0,15,1
kcelectra,politics,2,6,1,14,2
kcelectra,politics,2,7,0,14,3
kcelectra,politics,2,9,1,11,1
kcelectra,politics,2,9,2,10,1
kcelectra,politics,2,11,1,9,1
kcelectra,politics,2,12,0,9,1
kcelectra,politics,2,12,1,8,1
kcelectra,politics,2,13,0,8,2
kcelectra,politics,2,13,1,7,1
kcelectra,politics,2,17,0,4,1
kcelectra,politics,2,17,1,3,1
kcelectra,politics,2,18,1,2,1
kcelectra,politics,2,20,0,1,1
kcelectra,politics,3,0,5,15,1
kcelectra,politics,3,0,6,14,1
kcelectra,politics,3,0,8,12,1
kcelectra,politics,3,0,10,10,2
kcelectra,politics,3,0,12,8,1
kcelectra,politics,3,1,4,15,1
kcelectra,politics,3,1,5,14,1
kcelectra,politics,3,1,15,4,1
kcelectra,politics,3,2,7,11,1
kcelectra,politics,3,3,1,16,1
kcelectra,politics,3,3,5,12,1
kcelectra,politics,3,3,10,7,1
kcelectra,politics,3,4,1,15,1
kcelectra,politics,3,4,4,12,1
kcelectra,politics,3,5,1,14,1
kcelectra,politics,3,5,2,13,1
kcelectra,politics,3,5,4,11,1
kcelectra,politics,3,5,6,9,1
kcelectra,politics,3,6,1,13,2
kcelectra,politics,3,6,3,11,1
kcelectra,politics,3,6,5,9,1
kcelectra,politics,3,7,1,12,2
kcelectra,politics,3,9,0,11,1
kcelectra,politics,3,9,1,10,1
kcelectra,politics,3,9,2,9,1
kcelectra,politics,3,9,4,7,1
kcelectra,politics,3,10,0,10,1
kcelectra,politics,3,10,1,9,2
kcelectra,politics,3,11,1,8,2
kcelectra,politics,3,12,0,8,2
kcelectra,politics,3,13,1,6,1
kcelectra,politics,3,14,0,6,3
kcelectra,politics,3,16,0,4,1
kcelectra,politics,3,19,0,1,3
kcelectra,politics,3,20,0,0,3
kcelectra,politics,4,0,4,15,1
kcelectra,politics,4,0,6,13,1
kcelectra,politics,4,0,12,7,1
kcelectra,politics,4,0,14,5,1
kcelectra,politics,4,1,1,17,1
kcelectra,politics,4,1,7,11,1
kcelectra,politics,4,3,0,16,1
kcelectra,politics,4,3,2,14,1
kcelectra,politics,4,3,6,10,1
kcelectra,politics,4,4,0,15,1
kcelectra,politics,4,4,6,9,1
kcelectra,politics,4,5,5,9,1
kcelectra,politics,4,5,10,4,1
kcelectra,politics,4,6,0,13,1
kcelectra,politics,4,6,6,7,1
kcelectra,politics,4,7,0,12,1
kcelectra,politics,4,9,2,8,1
kcelectra,politics,4,9,3,7,1
kcelectra,politics,4,9,4,6,2
kcelectra,politics,4,11,3,5,1
kcelectra,politics,4,12,0,7,4
kcelectra,politics,4,13,1,5,1
kcelectra,politics,4,14,0,5,4
kcelectra,politics,4,14,2,3,1
kcelectra,politics,4,15,1,3,1
kcelectra,politics,4,15,2,2,1
kcelectra,politics,4,16,0,3,1
kcelectra,politics,4,17,0,2,2
kcelectra,politics,4,18,0,1,5
kcelectra,politics,4,19,0,0,1
kcelectra,politics,5,0,10,8,2
kcelectra,politics,5,0,12,6,1
kcelectra,politics,5,1,4,13,1
kcelectra,politics,5,2,1,15,1
kcelectra,politics,5,2,5,11,1
kcelectra,politics,5,2,11,5,1
kcelectra,politics,5,4,0,14,1
kcelectra,politics,5,4,4,10,1
kcelectra,politics,5,4,5,9,1
kcelectra,politics,5,5,1,12,1
kcelectra,politics,5,5,3,10,1
kcelectra,politics,5,6,1,11,1
kcelectra,politics,5,7,1,10,1
kcelectra,politics,5,7,2,9,1
kcelectra,politics,5,8,2,8,3
kcelectra,politics,5,9,1,8,1
kcelectra,politics,5,9,3,6,1
kcelectra,politics,5,10,0,8,2
kcelectra,politics,5,10,6,2,1
kcelectra,politics,5,11,0,7,1
kcelectra,politics,5,12,2,4,1
kcelectra,politics,5,12,3,3,1
kcelectra,politics,5,14,0,4,1
kcelectra,politics,5,14,2,2,1
kcelectra,politics,5,15,0,3,1
kcelectra,politics,5,17,0,1,2
kcelectra,politics,5,18,0,0,6
kcelectra,politics,6,0,4,13,1
kcelectra,politics,6,0,7,10,1
kcelectra,politics,6,1,7,9,1
kcelectra,politics,6,2,6,9,1
kcelectra,politics,6,2,8,7,1
kcelectra,politics,6,2,10,5,1
kcelectra,politics,6,3,3,11,1
kcelectra,politics,6,3,4,10,1
kcelectra,politics,6,3,5,9,2
kcelectra,politics,6,3,6,8,1
kcelectra,politics,6,3,10,4,1
kcelectra,politics,6,6,0,11,1
kcelectra,politics,6,7,2,8,2
kcelectra,politics,6,8,3,6,1
kcelectra,politics,6,9,3,5,1
kcelectra,politics,6,10,1,6,1
kcelectra,politics,6,11,0,6,1
kcelectra,politics,6,11,2,4,1
kcelectra,politics,6,11,3,3,1
kcelectra,politics,6,12,0,5,3
kcelectra,politics,6,13,2,2,1
kcelectra,politics,6,15,0,2,3
kcelectra,politics,6,16,0,1,2
kcelectra,politics,6,17,0,0,3
kcelectra,politics,7,0,9,7,2
kcelectra,politics,7,0,13,3,1
kcelectra,politics,7,0,15,1,1
kcelectra,politics,7,0,16,0,1
kcelectra,politics,7,1,1,14,1
kcelectra,politics,7,1,3,12,1
kcelectra,politics,7,1,8,7,1
kcelectra,politics,7,2,4,10,2
kcelectra,politics,7,2,6,8,3
kcelectra,politics,7,2,7,7,1
kcelectra,politics,7,2,8,6,1
kcelectra,politics,7,2,10,4,1
kcelectra,politics,7,3,6,7,1
kcelectra,politics,7,3,8,5,1
kcelectra,politics,7,3,11,2,1
kcelectra,politics,7,4,0,12,1
kcelectra,politics,7,4,2,10,2
kcelectra,politics,7,4,3,9,1
kcelectra,politics,7,5,1,10,1
kcelectra,politics,7,5,6,5,1
kcelectra,politics,7,6,1,9,1
kcelectra,politics,7,6,2,8,1
kcelectra,politics,7,7,1,8,3
kcelectra,politics,7,8,0,8,2
kcelectra,politics,7,8,1,7,1
kcelectra,politics,7,8,2,6,1
kcelectra,politics,7,8,4,4,1
kcelectra,politics,7,9,0,7,1
kcelectra,politics,7,9,1,6,1
kcelectra,politics,7,9,3,4,2
kcelectra,politics,7,10,1,5,1
kcelectra,politics,7,11,1,4,1
kcelectra,politics,7,12,0,4,2
kcelectra,politics,7,12,1,3,1
kcelectra,politics,7,12,4,0,1
kcelectra,politics,7,13,0,3,1
kcelectra,politics,7,14,0,2,2
kcelectra,politics,7,14,1,1,1
kcelectra,politics,7,16,0,0,2
kcelectra,politics,8,0,9,6,1
kcelectra,politics,8,1,5,9,1
kcelectra,politics,8,1,6,8,1
kcelectra,politics,8,1,7,7,1
kcelectra,politics,8,3,2,10,1
kcelectra,politics,8,3,3,9,1
kcelectra,politics,8,3,4,8,1
kcelectra,politics,8,3,5,7,1
kcelectra,politics,8,4,3,8,1
kcelectra,politics,8,4,5,6,1
kcelectra,politics,8,5,4,6,1
kcelectra,politics,8,5,5,5,1
kcelectra,politics,8,6,2,7,2
kcelectra,politics,8,6,4,5,1
kcelectra,politics,8,7,1,7,1
kcelectra,politics,8,7,3,5,2
kcelectra,politics,8,8,0,7,1
kcelectra,politics,8,8,3,4,1
kcelectra,politics,8,9,0,6,1
kcelectra,politics,8,9,1,5,1
kcelectra,politics,8,9,2,4,2
kcelectra,politics,8,10,0,5,1
kcelectra,politics,8,10,1,4,1
kcelectra,politics,8,10,5,0,1
kcelectra,politics,8,11,0,4,1
kcelectra,politics,8,11,1,3,6
kcelectra,politics,8,12,1,2,1
kcelectra,politics,8,13,0,2,3
kcelectra,politics,8,13,1,1,2
kcelectra,politics,8,15,0,0,6
kcelectra,politics,9,0,5,9,1
kcelectra,politics,9,0,6,8,1
kcelectra,politics,9,0,9,5,2
kcelectra,politics,9,0,11,3,2
kcelectra,politics,9,0,12,2,1
kcelectra,politics,9,1,4,9,1
kcelectra,politics,9,1,9,4,1
kcelectra,politics,9,1,10,3,1
kcelectra,politics,9,2,5,7,1
kcelectra,politics,9,2,7,5,1
kcelectra,politics,9,3,4,7,2
kcelectra,politics,9,3,5,6,1
kcelectra,politics,9,4,1,9,1
kcelectra,politics,9,4,2,8,1
kcelectra,politics,9,4,7,3,1
kcelectra,politics,9,5,1,8,2
kcelectra,politics,9,5,4,5,2
kcelectra,politics,9,6,0,8,1
kcelectra,politics,9,6,2,6,1
kcelectra,politics,9,7,0,7,1
kcelectra,politics,9,8,0,6,2
kcelectra,politics,9,8,1,5,1
kcelectra,politics,9,8,2,4,1
kcelectra,politics,9,8,3,3,1
kcelectra,politics,9,9,1,4,2
kcelectra,politics,9,10,0,4,1
kcelectra,politics,9,10,1,3,2
kcelectra,politics,9,11,0,3,1
kcelectra,politics,9,11,1,2,2
kcelectra,politics,9,11,2,1,1
kcelectra,politics,9,12,0,2,5
kcelectra,politics,9,12,1,1,5
kcelectra,politics,9,13,0,1,2
kcelectra,politics,9,13,1,0,1
kcelectra,politics,9,14,0,0,3
kcelectra,politics,10,0,2,11,1
kcelectra,politics,10,0,6,7,1
kcelectra,politics,10,0,7,6,2
kcelectra,politics,10,1,5,7,1
kcelectra,politics,10,1,6,6,1
kcelectra,politics,10,1,7,5,1
kcelectra,politics,10,1,8,4,1
kcelectra,politics,10,2,3,8,2
kcelectra,politics,10,2,4,7,1
kcelectra,politics,10,2,7,4,1
kcelectra,politics,10,4,0,9,1
kcelectra,politics,10,4,2,7,1
kcelectra,politics,10,5,1,7,1
kcelectra,politics,10,5,2,6,1
kcelectra,politics,10,5,3,5,1
kcelectra,politics,10,5,4,4,1
kcelectra,politics,10,5,5,3,1
kcelectra,politics,10,6,3,4,1
kcelectra,politics,10,7,1,5,1
kcelectra,politics,10,7,3,3,1
kcelectra,politics,10,7,4,2,1
kcelectra,politics,10,8,0,5,1
kcelectra,politics,10,8,3,2,1
kcelectra,politics,10,9,0,4,1
kcelectra,politics,10,10,0,3,5
kcelectra,politics,10,10,1,2,1
kcelectra,politics,10,10,2,1,1
kcelectra,politics,10,11,0,2,4
kcelectra,politics,10,11,1,1,1
kcelectra,politics,10,12,0,1,4
kcelectra,politics,10,12,1,0,3
kcelectra,politics,10,13,0,0,8
kcelectra,politics,11,0,5,7,1
kcelectra,politics,11,1,5,6,2
kcelectra,politics,11,1,7,4,1
kcelectra,politics,11,2,0,10,1
kcelectra,politics,11,2,3,7,1
kcelectra,politics,11,2,5,5,1
kcelectra,politics,11,2,6,4,1
kcelectra,politics,11,2,9,1,1
kcelectra,politics,11,3,2,7,1
kcelectra,politics,11,3,4,5,1
kcelectra,politics,11,3,5,4,1
kcelectra,politics,11,4,2,6,1
kcelectra,politics,11,5,0,7,1
kcelectra,politics,11,5,4,3,3
kcelectra,politics,11,6,1,5,1
kcelectra,politics,11,6,3,3,2
kcelectra,politics,11,7,0,5,1
kcelectra,politics,11,7,2,3,2
kcelectra,politics,11,7,3,2,2
kcelectra,politics,11,8,0,4,1
kcelectra,politics,11,8,1,3,2
kcelectra,politics,11,9,0,3,2
kcelectra,politics,11,9,2,1,1
kcelectra,politics,11,10,0,2,2
kcelectra,politics,11,10,1,1,4
kcelectra,politics,11,10,2,0,1
kcelectra,politics,11,11,0,1,3
kcelectra,politics,11,12,0,0,7
kcelectra,politics,12,0,3,8,1
kcelectra,politics,12,0,6,5,1
kcelectra,politics,12,0,7,4,2
kcelectra,politics,12,0,9,2,1
kcelectra,politics,12,0,10,1,1
kcelectra,politics,12,1,2,8,1
kcelectra,politics,12,1,5,5,1
kcelectra,politics,12,1,7,3,1
kcelectra,politics,12,2,3,6,2
kcelectra,politics,12,2,5,4,2
kcelectra,politics,12,2,6,3,1
kcelectra,politics,12,3,2,6,1
kcelectra,politics,12,3,3,5,2
kcelectra,politics,12,4,2,5,1
kcelectra,politics,12,4,3,4,3
kcelectra,politics,12,4,4,3,2
kcelectra,politics,12,4,5,2,1
kcelectra,politics,12,5,0,6,1
kcelectra,politics,12,6,0,5,1
kcelectra,politics,12,6,1,4,3
kcelectra,politics,12,6,3,2,1
kcelectra,politics,12,7,2,2,1
kcelectra,politics,12,7,3,1,1
kcelectra,politics,12,8,0,3,3
kcelectra,politics,12,8,1,2,3
kcelectra,politics,12,8,3,0,1
kcelectra,politics,12,9,0,2,3
kcelectra,politics,12,9,1,1,2
kcelectra,politics,12,9,2,0,1
kcelectra,politics,12,10,0,1,8
kcelectra,politics,12,10,1,0,4
kcelectra,politics,12,11,0,0,4
kcelectra,politics,13,0,5,5,1
kcelectra,politics,13,0,6,4,3
kcelectra,politics,13,1,4,5,1
kcelectra,politics,13,2,4,4,1
kcelectra,politics,13,2,5,3,3
kcelectra,politics,13,2,7,1,2
kcelectra,politics,13,3,3,4,2
kcelectra,politics,13,4,2,4,2
kcelectra,politics,13,4,3,3,1
kcelectra,politics,13,4,4,2,1
kcelectra,politics,13,5,0,5,2
kcelectra,politics,13,5,1,4,2
kcelectra,politics,13,5,2,3,2
kcelectra,politics,13,6,0,4,1
kcelectra,politics,13,6,2,2,1
kcelectra,politics,13,7,0,3,3
kcelectra,politics,13,7,1,2,3
kcelectra,politics,13,7,2,1,3
kcelectra,politics,13,7,3,0,1
kcelectra,politics,13,8,0,2,3
kcelectra,politics,13,8,1,1,4
kcelectra,politics,13,8,2,0,2
kcelectra,politics,13,9,0,1,6
kcelectra,politics,13,9,1,0,3
kcelectra,politics,13,10,0,0,16
kcelectra,politics,14,0,6,3,1
kcelectra,politics,14,0,9,0,1
kcelectra,politics,14,1,4,4,2
kcelectra,politics,14,2,2,5,1
kcelectra,politics,14,2,4,3,1
kcelectra,politics,14,3,2,4,1
kcelectra,politics,14,3,3,3,1
kcelectra,politics,14,3,4,2,2
kcelectra,politics,14,4,0,5,1
kcelectra,politics,14,4,1,4,1
kcelectra,politics,14,4,2,3,1
kcelectra,politics,14,4,3,2,1
kcelectra,politics,14,4,4,1,2
kcelectra,politics,14,5,0,4,1
kcelectra,politics,14,5,1,3,2
kcelectra,politics,14,5,2,2,1
kcelectra,politics,14,6,0,3,3
kcelectra,politics,14,6,3,0,1
kcelectra,politics,14,7,0,2,1
kcelectra,politics,14,7,1,1,1
kcelectra,politics,14,8,0,1,10
kcelectra,politics,14,8,1,0,9
kcelectra,politics,14,9,0,0,19
kcelectra,politics,15,0,3,5,2
kcelectra,politics,15,0,7,1,1
kcelectra,politics,15,1,1,6,1
kcelectra,politics,15,1,5,2,2
kcelectra,politics,15,1,6,1,2
kcelectra,politics,15,2,3,3,3
kcelectra,politics,15,2,4,2,1
kcelectra,politics,15,3,1,4,2
kcelectra,politics,15,3,2,3,1
kcelectra,politics,15,3,3,2,2
kcelectra,politics,15,3,4,1,2
kcelectra,politics,15,4,0,4,1
kcelectra,politics,15,4,1,3,2
kcelectra,politics,15,4,2,2,1
kcelectra,politics,15,4,4,0,1
kcelectra,politics,15,5,0,3,1
kcelectra,politics,15,5,1,2,4
kcelectra,politics,15,5,2,1,1
kcelectra,politics,15,6,0,2,3
kcelectra,politics,15,6,1,1,5
kcelectra,politics,15,6,2,0,4
kcelectra,politics,15,7,0,1,10
kcelectra,politics,15,7,1,0,5
kcelectra,politics,15,8,0,0,23
kcelectra,politics,16,0,6,1,1
kcelectra,politics,16,1,2,4,2
kcelectra,politics,16,1,3,3,1
kcelectra,politics,16,1,4,2,1
kcelectra,politics,16,1,5,1,1
kcelectra,politics,16,2,1,4,1
kcelectra,politics,16,2,2,3,3
kcelectra,politics,16,2,3,2,1
kcelectra,politics,16,2,4,1,1
kcelectra,politics,16,3,1,3,1
kcelectra,politics,16,3,2,2,1
kcelectra,politics,16,3,4,0,2
kcelectra,politics,16,4,1,2,1
kcelectra,politics,16,4,3,0,2
kcelectra,politics,16,5,0,2,4
kcelectra,politics,16,5,1,1,4
kcelectra,politics,16,5,2,0,3
kcelectra,politics,16,6,0,1,6
kcelectra,politics,16,6,1,0,6
kcelectra,politics,16,7,0,0,26
kcelectra,politics,17,0,6,0,2
kcelectra,politics,17,1,1,4,2
kcelectra,politics,17,1,2,3,2
kcelectra,politics,17,1,5,0,1
kcelectra,politics,17,2,1,3,1
kcelectra,politics,17,2,2,2,1
kcelectra,politics,17,2,3,1,1
kcelectra,politics,17,2,4,0,1
kcelectra,politics,17,3,0,3,2
kcelectra,politics,17,3,1,2,2
kcelectra,politics,17,3,2,1,3
kcelectra,politics,17,3,3,0,1
kcelectra,politics,17,4,0,2,5
kcelectra,politics,17,4,1,1,7
kcelectra,politics,17,4,2,0,2
kcelectra,politics,17,5,0,1,9
kcelectra,politics,17,5,1,0,11
kcelectra,politics,17,6,0,0,44
kcelectra,politics,18,1,1,3,1
kcelectra,politics,18,1,2,2,3
kcelectra,politics,18,2,1,2,4
kcelectra,politics,18,2,2,1,2
kcelectra,politics,18,2,3,0,1
kcelectra,politics,18,3,0,2,2
kcelectra,politics,18,3,1,1,6
kcelectra,politics,18,3,2,0,5
kcelectra,politics,18,4,0,1,6
kcelectra,politics,18,4,1,0,10
kcelectra,politics,18,5,0,0,68
kcelectra,politics,19,0,2,2,1
kcelectra,politics,19,0,3,1,1
kcelectra,politics,19,1,0,3,2
kcelectra,politics,19,1,2,1,1
kcelectra,politics,19,1,3,0,1
kcelectra,politics,19,2,0,2,3
kcelectra,politics,19,2,1,1,12
kcelectra,politics,19,2,2,0,1
kcelectra,politics,19,3,0,1,7
kcelectra,politics,19,3,1,0,19
kcelectra,politics,19,4,0,0,78
kcelectra,politics,20,0,0,3,1
kcelectra,politics,20,0,1,2,1
kcelectra,politics,20,0,2,1,1
kcelectra,politics,20,1,1,1,4
kcelectra,politics,20,2,0,1,5
kcelectra,politics,20,2,1,0,15
kcelectra,politics,20,3,0,0,131
kcelectra,politics,21,0,0,2,1
kcelectra,politics,21,0,1,1,1
kcelectra,politics,21,0,2,0,4
kcelectra,politics,21,1,0,1,2
kcelectra,politics,21,1,1,0,3
kcelectra,politics,21,2,0,0,109
kcelectra,politics,22,0,0,1,4
kcelectra,politics,22,0,1,0,3
kcelectra,politics,22,1,0,0,107
kcelectra,politics,23,0,0,0,123
kcelectra,race_or_region_of_origin,0,0,0,23,3
kcelectra,race_or_region_of_origin,0,0,1,22,7
kcelectra,race_or_region_of_origin,0,0,2,21,1
kcelectra,race_or_region_of_origin,0,0,3,20,3
kcelectra,race_or_region_of_origin,0,0,4,19,3
kcelectra,race_or_region_of_origin,0,0,5,18,1
kcelectra,race_or_region_of_origin,0,0,7,16,1
kcelectra,race_or_region_of_origin,0,0,8,15,1
kcelectra,race_or_region_of_origin,0,0,12,11,2
kcelectra,race_or_region_of_origin,0,0,16,7,1
kcelectra,race_or_region_of_origin,0,0,20,3,1
kcelectra,race_or_region_of_origin,0,1,0,22,1
kcelectra,race_or_region_of_origin,0,1,4,18,1
kcelectra,race_or_region_of_origin,0,1,8,14,1
kcelectra,race_or_region_of_origin,0,2,2,19,1
kcelectra,race_or_region_of_origin,0,2,3,18,1
kcelectra,race_or_region_of_origin,0,2,4,17,1
kcelectra,race_or_region_of_origin,0,3,0,20,1
kcelectra,race_or_region_of_origin,0,3,2,18,1
kcelectra,race_or_region_of_origin,0,3,3,17,1
kcelectra,race_or_region_of_origin,0,5,0,18,1
kcelectra,race_or_region_of_origin,0,6,0,17,1
kcelectra,race_or_region_of_origin,0,6,2,15,1
kcelectra,race_or_region_of_origin,0,19,0,4,1
kcelectra,race_or_region_of_origin,1,0,1,21,1
kcelectra,race_or_region_of_origin,1,0,2,20,2
kcelectra,race_or_region_of_origin,1,0,3,19,1
kcelectra,race_or_region_of_origin,1,0,4,18,1
kcelectra,race_or_region_of_origin,1,0,6,16,3
kcelectra,race_or_region_of_origin,1,0,7,15,1
kcelectra,race_or_region_of_origin,1,0,20,2,1
kcelectra,race_or_region_of_origin,1,1,8,13,1
kcelectra,race_or_region_of_origin,1,2,7,13,1
kcelectra,race_or_region_of_origin,1,3,2,17,1
kcelectra,race_or_region_of_origin,1,3,3,16,1
kcelectra,race_or_region_of_origin,1,4,0,18,1
kcelectra,race_or_region_of_origin,1,4,2,16,1
kcelectra,race_or_region_of_origin,1,4,8,10,1
kcelectra,race_or_region_of_origin,1,5,0,17,1
kcelectra,race_or_region_of_origin,1,5,7,10,1
kcelectra,race_or_region_of_origin,1,7,2,13,1
kcelectra,race_or_region_of_origin,1,9,0,13,1
kcelectra,race_or_region_of_origin,1,11,1,10,1
kcelectra,race_or_region_of_origin,1,13,0,9,1
kcelectra,race_or_region_of_origin,1,14,0,8,1
kcelectra,race_or_region_of_origin,1,15,0,7,1
kcelectra,race_or_region_of_origin,1,16,0,6,1
kcelectra,race_or_region_of_origin,1,20,0,2,1
kcelectra,race_or_region_of_origin,1,21,0,1,1
kcelectra,race_or_region_of_origin,2,0,11,10,1
kcelectra,race_or_region_of_origin,2,0,15,6,1
kcelectra,race_or_region_of_origin,2,1,0,20,1
kcelectra,race_or_region_of_origin,2,1,5,15,1
kcelectra,race_or_region_of_origin,2,1,7,13,1
kcelectra,race_or_region_of_origin,2,2,5,14,1
kcelectra,race_or_region_of_origin,2,4,0,17,1
kcelectra,race_or_region_of_origin,2,7,0,14,1
kcelectra,race_or_region_of_origin,2,15,0,6,1
kcelectra,race_or_region_of_origin,2,18,0,3,1
kcelectra,race_or_region_of_origin,3,0,8,12,1
kcelectra,race_or_region_of_origin,3,0,9,11,1
kcelectra,race_or_region_of_origin,3,1,4,15,2
kcelectra,race_or_region_of_origin,3,4,3,13,1
kcelectra,race_or_region_of_origin,3,4,4,12,1
kcelectra,race_or_region_of_origin,3,5,1,14,1
kcelectra,race_or_region_of_origin,3,7,0,13,1
kcelectra,race_or_region_of_origin,3,7,2,11,1
kcelectra,race_or_region_of_origin,3,7,4,9,1
kcelectra,race_or_region_of_origin,3,11,2,7,1
kcelectra,race_or_region_of_origin,3,12,1,7,1
kcelectra,race_or_region_of_origin,3,14,0,6,3
kcelectra,race_or_region_of_origin,3,16,0,4,1
kcelectra,race_or_region_of_origin,3,17,0,3,1
kcelectra,race_or_region_of_origin,3,18,1,1,1
kcelectra,race_or_region_of_origin,4,0,10,9,1
kcelectra,race_or_region_of_origin,4,0,11,8,1
kcelectra,race_or_region_of_origin,4,0,13,6,1
kcelectra,race_or_region_of_origin,4,1,5,13,1
kcelectra,race_or_region_of_origin,4,3,4,12,1
kcelectra,race_or_region_of_origin,4,4,2,13,2
kcelectra,race_or_region_of_origin,4,4,4,11,1
kcelectra,race_or_region_of_origin,4,4,6,9,1
kcelectra,race_or_region_of_origin,4,5,2,12,1
kcelectra,race_or_region_of_origin,4,5,3,11,1
kcelectra,race_or_region_of_origin,4,5,4,10,1
kcelectra,race_or_region_of_origin,4,9,0,10,1
kcelectra,race_or_region_of_origin,4,12,0,7,1
kcelectra,race_or_region_of_origin,4,13,0,6,1
kcelectra,race_or_region_of_origin,4,14,0,5,1
kcelectra,race_or_region_of_origin,4,15,0,4,1
kcelectra,race_or_region_of_origin,4,17,0,2,1
kcelectra,race_or_region_of_origin,5,0,6,12,1
kcelectra,race_or_region_of_origin,5,0,7,11,2
kcelectra,race_or_region_of_origin,5,0,8,10,1
kcelectra,race_or_region_of_origin,5,0,11,7,1
kcelectra,race_or_region_of_origin,5,0,18,0,1
kcelectra,race_or_region_of_origin,5,2,11,5,1
kcelectra,race_or_region_of_origin,5,2,12,4,1
kcelectra,race_or_region_of_origin,5,2,13,3,1
kcelectra,race_or_region_of_origin,5,3,4,11,1
kcelectra,race_or_region_of_origin,5,5,3,10,2
kcelectra,race_or_region_of_origin,5,7,4,7,1
kcelectra,race_or_region_of_origin,5,8,0,10,1
kcelectra,race_or_region_of_origin,5,8,2,8,2
kcelectra,race_or_region_of_origin,5,9,0,9,1
kcelectra,race_or_region_of_origin,5,11,3,4,1
kcelectra,race_or_region_of_origin,5,13,1,4,1
kcelectra,race_or_region_of_origin,5,14,0,4,1
kcelectra,race_or_region_of_origin,5,15,0,3,1
kcelectra,race_or_region_of_origin,5,18,0,0,1
kcelectra,race_or_region_of_origin,6,0,9,8,1
kcelectra,race_or_region_of_origin,6,1,6,10,1
kcelectra,race_or_region_of_origin,6,4,2,11,2
kcelectra,race_or_region_of_origin,6,10,2,5,1
kcelectra,race_or_region_of_origin,6,13,3,1,1
kcelectra,race_or_region_of_origin,6,14,0,3,1
kcelectra,race_or_region_of_origin,6,15,0,2,1
kcelectra,race_or_region_of_origin,6,17,0,0,1
kcelectra,race_or_region_of_origin,7,0,10,6,1
kcelectra,race_or_region_of_origin,7,1,8,7,1
kcelectra,race_or_region_of_origin,7,2,5,9,1
kcelectra,race_or_region_of_origin,7,3,6,7,3
kcelectra,race_or_region_of_origin,7,4,2,10,1
kcelectra,race_or_region_of_origin,7,4,5,7,1
kcelectra,race_or_region_of_origin,7,5,5,6,2
kcelectra,race_or_region_of_origin,7,6,6,4,1
kcelectra,race_or_region_of_origin,7,8,3,5,1
kcelectra,race_or_region_of_origin,7,10,0,6,1
kcelectra,race_or_region_of_origin,7,10,3,3,1
kcelectra,race_or_region_of_origin,7,11,2,3,1
kcelectra,race_or_region_of_origin,7,13,0,3,2
kcelectra,race_or_region_of_origin,7,14,0,2,1
kcelectra,race_or_region_of_origin,7,15,0,1,1
kcelectra,race_or_region_of_origin,8,1,4,10,1
kcelectra,race_or_region_of_origin,8,4,1,10,1
kcelectra,race_or_region_of_origin,8,6,6,3,1
kcelectra,race_or_region_of_origin,8,7,2,6,1
kcelectra,race_or_region_of_origin,8,9,1,5,1
kcelectra,race_or_region_of_origin,8,10,0,5,1
kcelectra,race_or_region_of_origin,8,12,0,3,1
kcelectra,race_or_region_of_origin,8,13,0,2,1
kcelectra,race_or_region_of_origin,8,14,0,1,2
kcelectra,race_or_region_of_origin,8,15,0,0,1
kcelectra,race_or_region_of_origin,9,0,13,1,1
kcelectra,race_or_region_of_origin,9,1,11,2,1
kcelectra,race_or_region_of_origin,9,2,4,8,1
kcelectra,race_or_region_of_origin,9,2,5,7,1
kcelectra,race_or_region_of_origin,9,6,0,8,1
kcelectra,race_or_region_of_origin,9,6,2,6,1
kcelectra,race_or_region_of_origin,9,8,1,5,1
kcelectra,race_or_region_of_origin,9,9,0,5,2
kcelectra,race_or_region_of_origin,9,9,2,3,1
kcelectra,race_or_region_of_origin,9,11,0,3,1
kcelectra,race_or_region_of_origin,9,12,0,2,2
kcelectra,race_or_region_of_origin,9,13,0,1,1
kcelectra,race_or_region_of_origin,9,14,0,0,3
kcelectra,race_or_region_of_origin,10,0,5,8,1
kcelectra,race_or_region_of_origin,10,2,5,6,1
kcelectra,race_or_region_of_origin,10,4,3,6,2
kcelectra,race_or_region_of_origin,10,4,5,4,1
kcelectra,race_or_region_of_origin,10,5,0,8,1
kcelectra,race_or_region_of_origin,10,5,3,5,1
kcelectra,race_or_region_of_origin,10,6,2,5,1
kcelectra,race_or_region_of_origin,10,6,4,3,1
kcelectra,race_or_region_of_origin,10,7,0,6,2
kcelectra,race_or_region_of_origin,10,7,2,4,1
kcelectra,race_or_region_of_origin,10,7,4,2,1
kcelectra,race_or_region_of_origin,10,8,1,4,1
kcelectra,race_or_region_of_origin,10,8,2,3,1
kcelectra,race_or_region_of_origin,10,9,1,3,1
kcelectra,race_or_region_of_origin,10,10,0,3,1
kcelectra,race_or_region_of_origin,10,10,1,2,1
kcelectra,race_or_region_of_origin,10,11,1,1,1
kcelectra,race_or_region_of_origin,10,11,2,0,1
kcelectra,race_or_region_of_origin,10,12,0,1,1
kcelectra,race_or_region_of_origin,10,13,0,0,1
kcelectra,race_or_region_of_origin,11,1,3,8,1
kcelectra,race_or_region_of_origin,11,1,5,6,1
kcelectra,race_or_region_of_origin,11,1,6,5,2
kcelectra,race_or_region_of_origin,11,1,7,4,1
kcelectra,race_or_region_of_origin,11,1,8,3,1
kcelectra,race_or_region_of_origin,11,1,9,2,1
kcelectra,race_or_region_of_origin,11,2,4,6,1
kcelectra,race_or_region_of_origin,11,2,9,1,1
kcelectra,race_or_region_of_origin,11,3,3,6,1
kcelectra,race_or_region_of_origin,11,3,5,4,1
kcelectra,race_or_region_of_origin,11,6,4,2,1
kcelectra,race_or_region_of_origin,11,8,0,4,2
kcelectra,race_or_region_of_origin,11,9,0,3,1
kcelectra,race_or_region_of_origin,11,9,1,2,1
kcelectra,race_or_region_of_origin,11,9,2,1,1
kcelectra,race_or_region_of_origin,11,10,0,2,1
kcelectra,race_or_region_of_origin,11,11,0,1,3
kcelectra,race_or_region_of_origin,11,11,1,0,1
kcelectra,race_or_region_of_origin,11,12,0,0,3
kcelectra,race_or_region_of_origin,12,1,10,0,1
kcelectra,race_or_region_of_origin,12,3,2,6,1
kcelectra,race_or_region_of_origin,12,3,3,5,1
kcelectra,race_or_region_of_origin,12,4,0,7,2
kcelectra,race_or_region_of_origin,12,4,2,5,1
kcelectra,race_or_region_of_origin,12,4,3,4,1
kcelectra,race_or_region_of_origin,12,4,5,2,1
kcelectra,race_or_region_of_origin,12,5,3,3,1
kcelectra,race_or_region_of_origin,12,6,1,4,1
kcelectra,race_or_region_of_origin,12,6,2,3,1
kcelectra,race_or_region_of_origin,12,7,0,4,1
kcelectra,race_or_region_of_origin,12,8,0,3,1
kcelectra,race_or_region_of_origin,12,8,1,2,1
kcelectra,race_or_region_of_origin,12,8,2,1,1
kcelectra,race_or_region_of_origin,12,9,1,1,1
kcelectra,race_or_region_of_origin,12,10,0,1,2
kcelectra,race_or_region_of_origin,12,10,1,0,2
kcelectra,race_or_region_of_origin,12,11,0,0,5
kcelectra,race_or_region_of_origin,13,0,5,5,1
kcelectra,race_or_region_of_origin,13,1,4,5,1
kcelectra,race_or_region_of_origin,13,3,4,3,1
kcelectra,race_or_region_of_origin,13,4,1,5,1
kcelectra,race_or_region_of_origin,13,5,1,4,1
kcelectra,race_or_region_of_origin,13,5,2,3,1
kcelectra,race_or_region_of_origin,13,5,3,2,1
kcelectra,race_or_region_of_origin,13,6,0,4,2
kcelectra,race_or_region_of_origin,13,6,1,3,1
kcelectra,race_or_region_of_origin,13,6,2,2,1
kcelectra,race_or_region_of_origin,13,6,3,1,1
kcelectra,race_or_region_of_origin,13,7,1,2,1
kcelectra,race_or_region_of_origin,13,8,1,1,1
kcelectra,race_or_region_of_origin,13,9,0,1,5
kcelectra,race_or_region_of_origin,13,9,1,0,2
kcelectra,race_or_region_of_origin,13,10,0,0,6
kcelectra,race_or_region_of_origin,14,0,3,6,1
kcelectra,race_or_region_of_origin,14,1,7,1,1
kcelectra,race_or_region_of_origin,14,2,0,7,1
kcelectra,race_or_region_of_origin,14,2,1,6,1
kcelectra,race_or_region_of_origin,14,2,3,4,1
kcelectra,race_or_region_of_origin,14,2,5,2,1
kcelectra,race_or_region_of_origin,14,3,1,5,1
kcelectra,race_or_region_of_origin,14,3,3,3,2
kcelectra,race_or_region_of_origin,14,3,4,2,1
kcelectra,race_or_region_of_origin,14,4,0,5,1
kcelectra,race_or_region_of_origin,14,4,1,4,1
kcelectra,race_or_region_of_origin,14,4,3,2,1
kcelectra,race_or_region_of_origin,14,5,1,3,1
kcelectra,race_or_region_of_origin,14,6,0,3,2
kcelectra,race_or_region_of_origin,14,6,3,0,2
kcelectra,race_or_region_of_origin,14,7,1,1,2
kcelectra,race_or_region_of_origin,14,8,0,1,1
kcelectra,race_or_region_of_origin,14,8,1,0,3
kcelectra,race_or_region_of_origin,14,9,0,0,12
kcelectra,race_or_region_of_origin,15,0,4,4,1
kcelectra,race_or_region_of_origin,15,2,5,1,3
kcelectra,race_or_region_of_origin,15,3,1,4,2
kcelectra,race_or_region_of_origin,15,4,1,3,1
kcelectra,race_or_region_of_origin,15,4,2,2,1
kcelectra,race_or_region_of_origin,15,5,1,2,3
kcelectra,race_or_region_of_origin,15,5,2,1,1
kcelectra,race_or_region_of_origin,15,6,0,2,5
kcelectra,race_or_region_of_origin,15,6,1,1,3
kcelectra,race_or_region_of_origin,15,6,2,0,2
kcelectra,race_or_region_of_origin,15,7,1,0,2
kcelectra,race_or_region_of_origin,15,8,0,0,8
kcelectra,race_or_region_of_origin,16,0,5,2,1
kcelectra,race_or_region_of_origin,16,0,7,0,1
kcelectra,race_or_region_of_origin,16,1,3,3,1
kcelectra,race_or_region_of_origin,16,1,5,1,1
kcelectra,race_or_region_of_origin,16,3,1,3,1
kcelectra,race_or_region_of_origin,16,3,2,2,1
kcelectra,race_or_region_of_origin,16,3,3,1,1
kcelectra,race_or_region_of_origin,16,4,0,3,1
kcelectra,race_or_region_of_origin,16,4,1,2,1
kcelectra,race_or_region_of_origin,16,5,0,2,2
kcelectra,race_or_region_of_origin,16,5,1,1,2
kcelectra,race_or_region_of_origin,16,5,2,0,1
kcelectra,race_or_region_of_origin,16,6,0,1,6
kcelectra,race_or_region_of_origin,16,6,1,0,4
kcelectra,race_or_region_of_origin,16,7,0,0,15
kcelectra,race_or_region_of_origin,17,0,4,2,1
kcelectra,race_or_region_of_origin,17,1,2,3,1
kcelectra,race_or_region_of_origin,17,1,4,1,1
kcelectra,race_or_region_of_origin,17,2,0,4,1
kcelectra,race_or_region_of_origin,17,2,2,2,2
kcelectra,race_or_region_of_origin,17,3,0,3,1
kcelectra,race_or_region_of_origin,17,3,1,2,1
kcelectra,race_or_region_of_origin,17,3,2,1,1
kcelectra,race_or_region_of_origin,17,3,3,0,1
kcelectra,race_or_region_of_origin,17,4,0,2,1
kcelectra,race_or_region_of_origin,17,5,0,1,3
kcelectra,race_or_region_of_origin,17,5,1,0,2
kcelectra,race_or_region_of_origin,17,6,0,0,21
kcelectra,race_or_region_of_origin,18,0,3,2,1
kcelectra,race_or_region_of_origin,18,1,3,1,2
kcelectra,race_or_region_of_origin,18,2,0,3,1
kcelectra,race_or_region_of_origin,18,2,1,2,3
kcelectra,race_or_region_of_origin,18,2,2,1,2
kcelectra,race_or_region_of_origin,18,3,0,2,2
kcelectra,race_or_region_of_origin,18,3,1,1,2
kcelectra,race_or_region_of_origin,18,4,0,1,6
kcelectra,race_or_region_of_origin,18,4,1,0,5
kcelectra,race_or_region_of_origin,18,5,0,0,34
kcelectra,race_or_region_of_origin,19,0,1,3,1
kcelectra,race_or_region_of_origin,19,1,0,3,1
kcelectra,race_or_region_of_origin,19,1,1,2,1
kcelectra,race_or_region_of_origin,19,1,2,1,2
kcelectra,race_or_region_of_origin,19,1,3,0,1
kcelectra,race_or_region_of_origin,19,2,0,2,3
kcelectra,race_or_region_of_origin,19,2,1,1,5
kcelectra,race_or_region_of_origin,19,2,2,0,2
kcelectra,race_or_region_of_origin,19,3,0,1,5
kcelectra,race_or_region_of_origin,19,3,1,0,7
kcelectra,race_or_region_of_origin,19,4,0,0,41
kcelectra,race_or_region_of_origin,20,0,3,0,2
kcelectra,race_or_region_of_origin,20,1,0,2,1
kcelectra,race_or_region_of_origin,20,1,1,1,3
kcelectra,race_or_region_of_origin,20,1,2,0,2
kcelectra,race_or_region_of_origin,20,2,0,1,4
kcelectra,race_or_region_of_origin,20,2,1,0,6
kcelectra,race_or_region_of_origin,20,3,0,0,49
kcelectra,race_or_region_of_origin,21,0,1,1,4
kcelectra,race_or_region_of_origin,21,0,2,0,2
kcelectra,race_or_region_of_origin,21,1,0,1,1
kcelectra,race_or_region_of_origin,21,1,1,0,7
kcelectra,race_or_region_of_origin,21,2,0,0,70
kcelectra,race_or_region_of_origin,22,0,0,1,3
kcelectra,race_or_region_of_origin,22,0,1,0,8
kcelectra,race_or_region_of_origin,22,1,0,0,66
kcelectra,race_or_region_of_origin,23,0,0,0,106
kcelectra,religion,0,0,1,22,1
kcelectra,religion,0,0,2,21,1
kcelectra,religion,0,0,6,17,1
kcelectra,religion,0,2,0,21,1
kcelectra,religion,1,0,9,13,1
kcelectra,religion,1,1,3,18,1
kcelectra,religion,1,4,4,14,1
kcelectra,religion,1,5,0,17,1
kcelectra,religion,2,1,6,14,1
kcelectra,religion,2,12,2,7,1
kcelectra,religion,3,3,7,10,1
kcelectra,religion,3,4,8,8,1
kcelectra,religion,5,5,2,11,1
kcelectra,religion,6,1,11,5,1
kcelectra,religion,8,12,0,3,1
kcelectra,religion,8,14,0,1,1
kcelectra,religion,10,0,9,4,1
kcelectra,religion,10,5,0,8,1
kcelectra,religion,10,12,0,1,1
kcelectra,religion,11,1,9,2,1
kcelectra,religion,12,9,1,1,1
kcelectra,religion,13,1,6,3,1
kcelectra,religion,13,2,4,4,1
kcelectra,religion,13,8,1,1,1
kcelectra,religion,14,8,0,1,1
kcelectra,religion,16,7,0,0,1
kcelectra,religion,17,6,0,0,1
kcelectra,religion,18,0,3,2,1
kcelectra,religion,19,1,2,1,1
kcelectra,religion,19,3,0,1,1
kcelectra,religion,19,4,0,0,1
kcelectra,religion,20,2,1,0,1
kcelectra,religion,20,3,0,0,1
kcelectra,religion,21,2,0,0,4
kcelectra,religion,22,0,1,0,1
kcelectra,religion,22,1,0,0,4
kcelectra,religion,23,0,0,0,4
xlmr,age,0,0,0,23,3
xlmr,age,0,0,1,22,4
xlmr,age,0,0,2,21,1
xlmr,age,0,0,3,20,1
xlmr,age,0,0,4,19,6
xlmr,age,0,0,5,18,1
xlmr,age,0,0,6,17,1
xlmr,age,0,0,9,14,1
xlmr,age,0,0,10,13,1
xlmr,age,0,0,15,8,1
xlmr,age,0,0,17,6,1
xlmr,age,0,0,20,3,1
xlmr,age,0,2,0,21,1
xlmr,age,0,2,1,20,1
xlmr,age,0,5,0,18,1
xlmr,age,1,0,1,21,1
xlmr,age,1,0,6,16,1
xlmr,age,1,0,18,4,2
xlmr,age,1,2,3,17,1
xlmr,age,1,3,1,18,1
xlmr,age,1,3,8,11,1
xlmr,age,1,10,1,11,1
xlmr,age,2,0,7,14,1
xlmr,age,2,0,11,10,1
xlmr,age,2,0,13,8,1
xlmr,age,2,0,19,2,2
xlmr,age,2,2,5,14,1
xlmr,age,2,7,3,11,1
xlmr,age,3,2,7,11,1
xlmr,age,3,14,2,4,1
xlmr,age,4,2,15,2,1
xlmr,age,4,7,5,7,1
xlmr,age,5,0,10,8,1
xlmr,age,5,1,16,1,1
xlmr,age,6,1,9,7,1
xlmr,age,6,2,10,5,1
xlmr,age,6,2,15,0,1
xlmr,age,6,4,7,6,1
xlmr,age,6,6,4,7,1
xlmr,age,7,1,11,4,1
xlmr,age,7,7,6,3,1
xlmr,age,8,0,13,2,1
xlmr,age,8,15,0,0,1
xlmr,age,9,0,12,2,2
xlmr,age,9,5,6,3,1
xlmr,age,10,1,11,1,1
xlmr,age,10,13,0,0,1
xlmr,age,11,0,9,3,1
xlmr,age,11,12,0,0,1
xlmr,age,12,4,6,1,1
xlmr,age,12,10,1,0,1
xlmr,age,13,2,7,1,1
xlmr,age,13,3,4,3,1
xlmr,age,14,4,2,3,1
xlmr,age,14,7,0,2,1
xlmr,age,15,1,6,1,1
xlmr,age,15,2,5,1,1
xlmr,age,16,2,5,0,2
xlmr,age,16,7,0,0,2
xlmr,age,17,1,4,1,1
xlmr,age,17,4,2,0,1
xlmr,age,18,1,2,2,1
xlmr,age,18,4,1,0,2
xlmr,age,18,5,0,0,1
xlmr,age,19,0,2,2,1
xlmr,age,19,2,2,0,1
xlmr,age,19,4,0,0,1
xlmr,age,20,2,1,0,5
xlmr,age,20,3,0,0,2
xlmr,age,21,2,0,0,12
xlmr,disability,0,0,0,23,13
xlmr,disability,0,0,1,22,4
xlmr,disability,0,0,2,21,3
xlmr,disability,0,0,3,20,1
xlmr,disability,0,0,5,18,1
xlmr,disability,0,0,6,17,1
xlmr,disability,0,0,7,16,1
xlmr,disability,0,0,11,12,1
xlmr,disability,0,0,12,11,1
xlmr,disability,0,0,13,10,1
xlmr,disability,0,0,14,9,1
xlmr,disability,0,0,15,8,1
xlmr,disability,0,0,19,4,1
xlmr,disability,0,0,21,2,1
xlmr,disability,0,1,0,22,1
xlmr,disability,0,1,1,21,2
xlmr,disability,0,1,2,20,1
xlmr,disability,0,1,4,18,1
xlmr,disability,0,1,11,11,1
xlmr,disability,0,2,3,18,1
xlmr,disability,0,8,1,14,1
xlmr,disability,0,11,0,12,1
xlmr,disability,0,12,1,10,1
xlmr,disability,1,0,6,16,2
xlmr,disability,1,0,10,12,1
xlmr,disability,1,0,14,8,1
xlmr,disability,1,0,16,6,1
xlmr,disability,1,0,18,4,1
xlmr,disability,1,1,7,14,1
xlmr,disability,1,1,10,11,1
xlmr,disability,1,3,7,12,1
xlmr,disability,2,0,19,2,3
xlmr,disability,2,5,2,14,1
xlmr,disability,3,0,8,12,1
xlmr,disability,3,14,2,4,1
xlmr,disability,3,17,1,2,1
xlmr,disability,3,20,0,0,1
xlmr,disability,4,2,17,0,1
xlmr,disability,5,0,10,8,1
xlmr,disability,5,1,12,5,1
xlmr,disability,5,1,14,3,1
xlmr,disability,5,5,4,9,1
xlmr,disability,6,0,11,6,1
xlmr,disability,6,5,10,2,1
xlmr,disability,7,0,13,3,1
xlmr,disability,7,4,6,6,1
xlmr,disability,7,8,4,4,1
xlmr,disability,9,10,2,2,1
xlmr,disability,10,13,0,0,1
xlmr,disability,11,1,5,6,1
xlmr,disability,12,3,7,1,1
xlmr,disability,12,10,0,1,1
xlmr,disability,13,7,2,1,1
xlmr,disability,13,8,2,0,1
xlmr,disability,13,10,0,0,1
xlmr,disability,14,2,6,1,1
xlmr,disability,14,4,5,0,1
xlmr,disability,15,2,2,4,1
xlmr,disability,16,6,0,1,1
xlmr,disability,16,7,0,0,1
xlmr,disability,17,1,5,0,1
xlmr,disability,17,4,2,0,1
xlmr,disability,17,5,0,1,1
xlmr,disability,17,5,1,0,1
xlmr,disability,17,6,0,0,2
xlmr,disability,18,4,0,1,1
xlmr,disability,19,2,2,0,1
xlmr,disability,19,3,1,0,1
xlmr,disability,20,2,0,1,1
xlmr,disability,20,3,0,0,3
xlmr,disability,21,2,0,0,5
xlmr,gender,0,0,0,23,5
xlmr,gender,0,0,1,22,4
xlmr,gender,0,0,2,21,3
xlmr,gender,0,0,3,20,3
xlmr,gender,0,0,4,19,3
xlmr,gender,0,0,5,18,2
xlmr,gender,0,0,6,17,1
xlmr,gender,0,0,8,15,3
xlmr,gender,0,0,9,14,2
xlmr,gender,0,0,10,13,2
xlmr,gender,0,0,11,12,2
xlmr,gender,0,0,12,11,3
xlmr,gender,0,0,13,10,3
xlmr,gender,0,0,14,9,1
xlmr,gender,0,0,15,8,1
xlmr,gender,0,0,16,7,2
xlmr,gender,0,0,19,4,3
xlmr,gender,0,0,20,3,2
xlmr,gender,0,0,21,2,2
xlmr,gender,0,1,0,22,1
xlmr,gender,0,1,1,21,2
xlmr,gender,0,1,2,20,2
xlmr,gender,0,1,3,19,1
xlmr,gender,0,1,4,18,1
xlmr,gender,0,1,5,17,1
xlmr,gender,0,1,6,16,1
xlmr,gender,0,1,20,2,1
xlmr,gender,0,2,4,17,1
xlmr,gender,0,2,6,15,1
xlmr,gender,0,2,7,14,1
xlmr,gender,0,2,10,11,1
xlmr,gender,0,3,6,14,1
xlmr,gender,0,4,2,17,1
xlmr,gender,0,15,0,8,1
xlmr,gender,1,0,2,20,1
xlmr,gender,1,0,3,19,1
xlmr,gender,1,0,10,12,1
xlmr,gender,1,0,16,6,1
xlmr,gender,1,0,17,5,1
xlmr,gender,1,0,18,4,1
xlmr,gender,1,0,20,2,1
xlmr,gender,1,1,11,10,1
xlmr,gender,1,1,12,9,2
xlmr,gender,1,2,9,11,1
xlmr,gender,1,3,7,12,1
xlmr,gender,1,3,9,10,1
xlmr,gender,1,4,6,12,1
xlmr,gender,1,5,3,14,1
xlmr,gender,1,5,6,11,1
xlmr,gender,1,6,1,15,2
xlmr,gender,1,13,1,8,1
xlmr,gender,1,16,0,6,1
xlmr,gender,2,0,17,4,1
xlmr,gender,2,0,19,2,1
xlmr,gender,2,1,5,15,1
xlmr,gender,2,1,18,2,1
xlmr,gender,2,1,19,1,1
xlmr,gender,2,2,14,5,1
xlmr,gender,2,3,4,14,1
xlmr,gender,2,3,5,13,1
xlmr,gender,2,3,12,6,1
xlmr,gender,2,4,8,9,1
xlmr,gender,2,6,5,10,1
xlmr,gender,2,6,6,9,1
xlmr,gender,2,7,4,10,1
xlmr,gender,2,13,2,6,1
xlmr,gender,2,13,3,5,1
xlmr,gender,3,0,14,6,1
xlmr,gender,3,1,12,7,1
xlmr,gender,3,2,7,11,1
xlmr,gender,3,2,10,8,1
xlmr,gender,3,2,14,4,1
xlmr,gender,3,2,17,1,1
xlmr,gender,3,3,0,17,1
xlmr,gender,3,3,15,2,1
xlmr,gender,3,7,5,8,1
xlmr,gender,3,9,4,7,1
xlmr,gender,3,10,4,6,1
xlmr,gender,4,0,17,2,1
xlmr,gender,4,1,12,6,1
xlmr,gender,4,1,17,1,1
xlmr,gender,4,2,15,2,1
xlmr,gender,4,2,16,1,2
xlmr,gender,4,2,17,0,1
xlmr,gender,4,3,10,6,1
xlmr,gender,4,3,11,5,1
xlmr,gender,4,3,12,4,1
xlmr,gender,4,5,11,3,1
xlmr,gender,4,7,4,8,1
xlmr,gender,5,1,14,3,2
xlmr,gender,5,2,14,2,2
xlmr,gender,5,2,16,0,1
xlmr,gender,5,3,12,3,1
xlmr,gender,5,4,7,7,1
xlmr,gender,5,4,9,5,1
xlmr,gender,5,4,12,2,1
xlmr,gender,5,5,12,1,1
xlmr,gender,5,8,7,3,1
xlmr,gender,5,18,0,0,1
xlmr,gender,6,0,15,2,2
xlmr,gender,6,2,15,0,1
xlmr,gender,6,3,8,6,1
xlmr,gender,6,4,5,8,1
xlmr,gender,6,8,3,6,1
xlmr,gender,6,8,5,4,1
xlmr,gender,6,8,6,3,1
xlmr,gender,7,1,11,4,2
xlmr,gender,7,1,14,1,1
xlmr,gender,7,3,7,6,1
xlmr,gender,7,3,10,3,1
xlmr,gender,7,5,4,7,1
xlmr,gender,7,5,10,1,1
xlmr,gender,8,1,13,1,1
xlmr,gender,8,8,4,3,1
xlmr,gender,9,0,12,2,1
xlmr,gender,9,3,5,6,1
xlmr,gender,9,4,9,1,1
xlmr,gender,9,5,7,2,1
xlmr,gender,9,6,4,4,1
xlmr,gender,9,14,0,0,1
xlmr,gender,10,1,11,1,2
xlmr,gender,10,3,8,2,2
xlmr,gender,11,0,9,3,1
xlmr,gender,11,2,9,1,1
xlmr,gender,11,2,10,0,2
xlmr,gender,11,4,3,5,1
xlmr,gender,11,6,3,3,1
xlmr,gender,12,1,9,1,1
xlmr,gender,12,2,5,4,1
xlmr,gender,12,2,9,0,1
xlmr,gender,12,3,7,1,1
xlmr,gender,12,3,8,0,2
xlmr,gender,12,5,5,1,1
xlmr,gender,12,6,5,0,1
xlmr,gender,13,2,8,0,1
xlmr,gender,14,2,7,0,1
xlmr,gender,14,3,5,1,1
xlmr,gender,14,4,3,2,1
xlmr,gender,14,4,5,0,1
xlmr,gender,15,2,6,0,1
xlmr,gender,15,3,3,2,1
xlmr,gender,15,4,3,1,1
xlmr,gender,15,7,1,0,1
xlmr,gender,16,2,5,0,2
xlmr,gender,16,3,3,1,1
xlmr,gender,16,5,1,1,1
xlmr,gender,16,5,2,0,1
xlmr,gender,17,1,5,0,1
xlmr,gender,17,2,2,2,1
xlmr,gender,17,2,4,0,1
xlmr,gender,17,5,0,1,1
xlmr,gender,17,5,1,0,1
xlmr,gender,17,6,0,0,1
xlmr,gender,18,2,3,0,4
xlmr,gender,18,5,0,0,1
xlmr,gender,19,2,2,0,1
xlmr,gender,19,3,1,0,3
xlmr,gender,19,4,0,0,2
xlmr,gender,20,1,2,0,2
xlmr,gender,20,2,1,0,5
xlmr,gender,20,3,0,0,2
xlmr,gender,21,2,0,0,17
xlmr,occupation,0,0,0,23,36
xlmr,occupation,0,0,1,22,10
xlmr,occupation,0,0,2,21,7
xlmr,occupation,0,0,3,20,7
xlmr,occupation,0,0,4,19,7
xlmr,occupation,0,0,6,17,1
xlmr,occupation,0,0,7,16,2
xlmr,occupation,0,0,8,15,2
xlmr,occupation,0,0,9,14,2
xlmr,occupation,0,0,10,13,2
xlmr,occupation,0,0,11,12,6
xlmr,occupation,0,0,12,11,3
xlmr,occupation,0,0,16,7,2
xlmr,occupation,0,0,19,4,2
xlmr,occupation,0,1,0,22,1
xlmr,occupation,0,1,1,21,3
xlmr,occupation,0,1,2,20,4
xlmr,occupation,0,1,3,19,1
xlmr,occupation,0,1,5,17,1
xlmr,occupation,0,1,7,15,1
xlmr,occupation,0,1,8,14,1
xlmr,occupation,0,1,10,12,1
xlmr,occupation,0,1,12,10,2
xlmr,occupation,0,1,18,4,1
xlmr,occupation,0,2,0,21,1
xlmr,occupation,0,2,1,20,1
xlmr,occupation,0,2,4,17,1
xlmr,occupation,0,2,5,16,2
xlmr,occupation,0,3,0,20,2
xlmr,occupation,0,3,3,17,1
xlmr,occupation,0,4,2,17,1
xlmr,occupation,0,6,0,17,1
xlmr,occupation,0,6,1,16,1
xlmr,occupation,0,7,0,16,1
xlmr,occupation,0,7,4,12,1
xlmr,occupation,0,9,0,14,1
xlmr,occupation,0,9,1,13,1
xlmr,occupation,0,11,0,12,2
xlmr,occupation,0,11,3,9,1
xlmr,occupation,0,16,1,6,1
xlmr,occupation,0,20,0,3,1
xlmr,occupation,0,22,0,1,2
xlmr,occupation,1,0,0,22,1
xlmr,occupation,1,0,2,20,1
xlmr,occupation,1,0,3,19,1
xlmr,occupation,1,0,6,16,1
xlmr,occupation,1,0,9,13,1
xlmr,occupation,1,0,10,12,1
xlmr,occupation,1,0,12,10,2
xlmr,occupation,1,0,15,7,1
xlmr,occupation,1,0,16,6,1
xlmr,occupation,1,0,17,5,1
xlmr,occupation,1,1,8,13,2
xlmr,occupation,1,1,13,8,1
xlmr,occupation,1,1,14,7,1
xlmr,occupation,1,2,7,13,1
xlmr,occupation,1,2,8,12,1
xlmr,occupation,1,2,10,10,1
xlmr,occupation,1,4,4,14,1
xlmr,occupation,1,5,3,14,1
xlmr,occupation,1,6,4,12,1
xlmr,occupation,1,6,5,11,1
xlmr,occupation,1,7,2,13,1
xlmr,occupation,1,12,2,8,1
xlmr,occupation,1,15,0,7,1
xlmr,occupation,1,20,0,2,1
xlmr,occupation,1,21,0,1,1
xlmr,occupation,1,22,0,0,1
xlmr,occupation,2,0,16,5,1
xlmr,occupation,2,0,18,3,1
xlmr,occupation,2,1,10,10,1
xlmr,occupation,2,1,18,2,1
xlmr,occupation,2,2,4,15,1
xlmr,occupation,2,3,4,14,1
xlmr,occupation,2,4,5,12,1
xlmr,occupation,2,4,8,9,1
xlmr,occupation,2,5,3,13,1
xlmr,occupation,2,5,5,11,1
xlmr,occupation,2,7,1,13,1
xlmr,occupation,2,11,1,9,1
xlmr,occupation,2,13,0,8,2
xlmr,occupation,2,14,0,7,1
xlmr,occupation,2,14,1,6,2
xlmr,occupation,3,0,8,12,1
xlmr,occupation,3,0,9,11,1
xlmr,occupation,3,1,12,7,1
xlmr,occupation,3,1,14,5,1
xlmr,occupation,3,2,7,11,1
xlmr,occupation,3,2,9,9,1
xlmr,occupation,3,3,11,6,1
xlmr,occupation,3,4,5,11,1
xlmr,occupation,3,4,6,10,1
xlmr,occupation,3,5,4,11,1
xlmr,occupation,3,7,5,8,1
xlmr,occupation,3,7,7,6,1
xlmr,occupation,3,8,6,6,1
xlmr,occupation,3,11,0,9,1
xlmr,occupation,3,15,2,3,1
xlmr,occupation,3,18,2,0,1
xlmr,occupation,3,19,0,1,1
xlmr,occupation,4,0,16,3,1
xlmr,occupation,4,2,9,8,1
xlmr,occupation,4,3,4,12,1
xlmr,occupation,4,3,10,6,1
xlmr,occupation,4,4,6,9,1
xlmr,occupation,4,6,5,8,1
xlmr,occupation,4,7,2,10,1
xlmr,occupation,4,8,2,9,1
xlmr,occupation,4,9,2,8,2
xlmr,occupation,4,10,1,8,1
xlmr,occupation,4,11,0,8,1
xlmr,occupation,4,11,2,6,1
xlmr,occupation,5,0,14,4,1
xlmr,occupation,5,0,16,2,1
xlmr,occupation,5,2,4,12,1
xlmr,occupation,5,2,9,7,1
xlmr,occupation,5,3,7,8,1
xlmr,occupation,5,5,1,12,1
xlmr,occupation,5,6,4,8,1
xlmr,occupation,5,6,8,4,1
xlmr,occupation,5,7,2,9,1
xlmr,occupation,5,8,5,5,1
xlmr,occupation,5,9,4,5,1
xlmr,occupation,5,12,5,1,1
xlmr,occupation,5,18,0,0,1
xlmr,occupation,6,0,14,3,1
xlmr,occupation,6,1,3,13,1
xlmr,occupation,6,1,14,2,1
xlmr,occupation,6,3,6,8,1
xlmr,occupation,6,4,6,7,1
xlmr,occupation,6,10,1,6,1
xlmr,occupation,7,0,10,6,1
xlmr,occupation,7,1,13,2,1
xlmr,occupation,7,4,7,5,1
xlmr,occupation,7,9,1,6,1
xlmr,occupation,7,11,2,3,1
xlmr,occupation,7,16,0,0,1
xlmr,occupation,8,2,8,5,1
xlmr,occupation,8,2,11,2,1
xlmr,occupation,8,4,5,6,1
xlmr,occupation,8,5,7,3,1
xlmr,occupation,8,6,4,5,1
xlmr,occupation,8,8,1,6,1
xlmr,occupation,8,11,3,1,1
xlmr,occupation,8,15,0,0,1
xlmr,occupation,9,0,12,2,1
xlmr,occupation,9,3,7,4,1
xlmr,occupation,9,6,3,5,1
xlmr,occupation,9,8,1,5,1
xlmr,occupation,9,8,5,1,1
xlmr,occupation,9,9,1,4,1
xlmr,occupation,9,9,2,3,1
xlmr,occupation,9,10,0,4,1
xlmr,occupation,9,14,0,0,2
xlmr,occupation,10,0,8,5,1
xlmr,occupation,10,1,5,7,1
xlmr,occupation,10,1,11,1,1
xlmr,occupation,10,3,5,5,1
xlmr,occupation,10,4,8,1,1
xlmr,occupation,10,7,3,3,1
xlmr,occupation,10,8,1,4,1
xlmr,occupation,10,8,2,3,1
xlmr,occupation,10,10,2,1,1
xlmr,occupation,10,12,1,0,1
xlmr,occupation,10,13,0,0,2
xlmr,occupation,11,1,7,4,1
xlmr,occupation,11,2,8,2,1
xlmr,occupation,11,3,7,2,1
xlmr,occupation,11,6,2,4,1
xlmr,occupation,11,7,0,5,1
xlmr,occupation,11,12,0,0,1
xlmr,occupation,12,1,9,1,1
xlmr,occupation,12,2,8,1,1
xlmr,occupation,12,3,6,2,1
xlmr,occupation,12,5,4,2,1
xlmr,occupation,12,8,2,1,2
xlmr,occupation,12,11,0,0,2
xlmr,occupation,13,1,8,1,1
xlmr,occupation,13,1,9,0,1
xlmr,occupation,13,3,4,3,1
xlmr,occupation,13,3,6,1,1
xlmr,occupation,13,7,2,1,1
xlmr,occupation,13,7,3,0,2
xlmr,occupation,13,10,0,0,3
xlmr,occupation,14,1,7,1,1
xlmr,occupation,14,2,6,1,2
xlmr,occupation,14,3,5,1,1
xlmr,occupation,14,4,1,4,1
xlmr,occupation,14,4,5,0,2
xlmr,occupation,14,6,1,2,1
xlmr,occupation,14,8,1,0,1
xlmr,occupation,15,3,4,1,2
xlmr,occupation,15,5,2,1,1
xlmr,occupation,15,7,0,1,1
xlmr,occupation,15,8,0,0,1
xlmr,occupation,16,3,3,1,2
xlmr,occupation,16,4,2,1,1
xlmr,occupation,16,5,1,1,2
xlmr,occupation,16,7,0,0,3
xlmr,occupation,17,0,4,2,1
xlmr,occupation,17,2,2,2,1
xlmr,occupation,17,2,4,0,1
xlmr,occupation,17,4,1,1,1
xlmr,occupation,17,5,1,0,3
xlmr,occupation,17,6,0,0,3
xlmr,occupation,18,2,3,0,3
xlmr,occupation,18,3,2,0,1
xlmr,occupation,18,4,1,0,2
xlmr,occupation,18,5,0,0,4
xlmr,occupation,19,1,2,1,1
xlmr,occupation,19,2,2,0,1
xlmr,occupation,19,3,1,0,1
xlmr,occupation,19,4,0,0,3
xlmr,occupation,20,2,1,0,5
xlmr,occupation,20,3,0,0,9
xlmr,occupation,21,2,0,0,19
xlmr,occupation,22,1,0,0,3
xlmr,overall_hate,0,0,0,23,106
xlmr,overall_hate,0,0,1,22,38
xlmr,overall_hate,0,0,2,21,24
xlmr,overall_hate,0,0,3,20,19
xlmr,overall_hate,0,0,4,19,19
xlmr,overall_hate,0,0,5,18,9
xlmr,overall_hate,0,0,6,17,4
xlmr,overall_hate,0,0,7,16,7
xlmr,overall_hate,0,0,8,15,6
xlmr,overall_hate,0,0,9,14,7
xlmr,overall_hate,0,0,10,13,7
xlmr,overall_hate,0,0,11,12,8
xlmr,overall_hate,0,0,12,11,8
xlmr,overall_hate,0,0,13,10,8
xlmr,overall_hate,0,0,14,9,3
xlmr,overall_hate,0,0,15,8,5
xlmr,overall_hate,0,0,16,7,4
xlmr,overall_hate,0,0,17,6,3
xlmr,overall_hate,0,0,18,5,2
xlmr,overall_hate,0,0,19,4,6
xlmr,overall_hate,0,0,20,3,4
xlmr,overall_hate,0,0,21,2,5
xlmr,overall_hate,0,1,0,22,12
xlmr,overall_hate,0,1,1,21,8
xlmr,overall_hate,0,1,2,20,9
xlmr,overall_hate,0,1,3,19,3
xlmr,overall_hate,0,1,4,18,3
xlmr,overall_hate,0,1,5,17,3
xlmr,overall_hate,0,1,6,16,3
xlmr,overall_hate,0,1,7,15,2
xlmr,overall_hate,0,1,8,14,1
xlmr,overall_hate,0,1,9,13,1
xlmr,overall_hate,0,1,10,12,2
xlmr,overall_hate,0,1,11,11,1
xlmr,overall_hate,0,1,12,10,2
xlmr,overall_hate,0,1,14,8,2
xlmr,overall_hate,0,1,18,4,1
xlmr,overall_hate,0,1,20,2,1
xlmr,overall_hate,0,2,0,21,18
xlmr,overall_hate,0,2,1,20,10
xlmr,overall_hate,0,2,2,19,2
xlmr,overall_hate,0,2,3,18,4
xlmr,overall_hate,0,2,4,17,2
xlmr,overall_hate,0,2,5,16,3
xlmr,overall_hate,0,2,6,15,1
xlmr,overall_hate,0,2,7,14,1
xlmr,overall_hate,0,2,9,12,1
xlmr,overall_hate,0,2,10,11,3
xlmr,overall_hate,0,2,18,3,1
xlmr,overall_hate,0,3,0,20,7
xlmr,overall_hate,0,3,1,19,2
xlmr,overall_hate,0,3,2,18,4
xlmr,overall_hate,0,3,3,17,2
xlmr,overall_hate,0,3,6,14,1
xlmr,overall_hate,0,4,0,19,6
xlmr,overall_hate,0,4,1,18,3
xlmr,overall_hate,0,4,2,17,5
xlmr,overall_hate,0,4,3,16,1
xlmr,overall_hate,0,4,6,13,1
xlmr,overall_hate,0,4,7,12,1
xlmr,overall_hate,0,5,0,18,10
xlmr,overall_hate,0,5,1,17,4
xlmr,overall_hate,0,5,3,15,2
xlmr,overall_hate,0,5,5,13,1
xlmr,overall_hate,0,6,0,17,6
xlmr,overall_hate,0,6,1,16,3
xlmr,overall_hate,0,6,2,15,1
xlmr,overall_hate,0,6,3,14,2
xlmr,overall_hate,0,6,4,13,1
xlmr,overall_hate,0,7,0,16,5
xlmr,overall_hate,0,7,1,15,1
xlmr,overall_hate,0,7,3,13,1
xlmr,overall_hate,0,7,4,12,1
xlmr,overall_hate,0,8,0,15,5
xlmr,overall_hate,0,8,1,14,2
xlmr,overall_hate,0,8,2,13,2
xlmr,overall_hate,0,9,0,14,3
xlmr,overall_hate,0,9,1,13,3
xlmr,overall_hate,0,9,3,11,1
xlmr,overall_hate,0,10,0,13,2
xlmr,overall_hate,0,10,1,12,2
xlmr,overall_hate,0,10,2,11,1
xlmr,overall_hate,0,11,0,12,4
xlmr,overall_hate,0,11,3,9,1
xlmr,overall_hate,0,12,0,11,5
xlmr,overall_hate,0,12,1,10,2
xlmr,overall_hate,0,12,2,9,1
xlmr,overall_hate,0,12,5,6,1
xlmr,overall_hate,0,13,1,9,2
xlmr,overall_hate,0,14,0,9,3
xlmr,overall_hate,0,15,0,8,5
xlmr,overall_hate,0,16,0,7,4
xlmr,overall_hate,0,16,1,6,2
xlmr,overall_hate,0,17,0,6,1
xlmr,overall_hate,0,18,0,5,2
xlmr,overall_hate,0,18,1,4,1
xlmr,overall_hate,0,19,0,4,2
xlmr,overall_hate,0,19,1,3,1
xlmr,overall_hate,0,20,0,3,3
xlmr,overall_hate,0,21,0,2,6
xlmr,overall_hate,0,22,0,1,7
xlmr,overall_hate,0,23,0,0,8
xlmr,overall_hate,1,0,0,22,1
xlmr,overall_hate,1,0,1,21,2
xlmr,overall_hate,1,0,2,20,2
xlmr,overall_hate,1,0,3,19,3
xlmr,overall_hate,1,0,4,18,1
xlmr,overall_hate,1,0,5,17,2
xlmr,overall_hate,1,0,6,16,6
xlmr,overall_hate,1,0,7,15,1
xlmr,overall_hate,1,0,8,14,1
xlmr,overall_hate,1,0,9,13,2
xlmr,overall_hate,1,0,10,12,4
xlmr,overall_hate,1,0,12,10,3
xlmr,overall_hate,1,0,14,8,1
xlmr,overall_hate,1,0,15,7,3
xlmr,overall_hate,1,0,16,6,2
xlmr,overall_hate,1,0,17,5,2
xlmr,overall_hate,1,0,18,4,5
xlmr,overall_hate,1,0,19,3,2
xlmr,overall_hate,1,0,20,2,1
xlmr,overall_hate,1,1,0,21,1
xlmr,overall_hate,1,1,1,20,1
xlmr,overall_hate,1,1,2,19,2
xlmr,overall_hate,1,1,3,18,1
xlmr,overall_hate,1,1,4,17,2
xlmr,overall_hate,1,1,6,15,1
xlmr,overall_hate,1,1,7,14,1
xlmr,overall_hate,1,1,8,13,2
xlmr,overall_hate,1,1,10,11,1
xlmr,overall_hate,1,1,11,10,1
xlmr,overall_hate,1,1,12,9,2
xlmr,overall_hate,1,1,13,8,1
xlmr,overall_hate,1,1,14,7,1
xlmr,overall_hate,1,1,15,6,2
xlmr,overall_hate,1,1,19,2,1
xlmr,overall_hate,1,2,0,20,1
xlmr,overall_hate,1,2,2,18,1
xlmr,overall_hate,1,2,3,17,2
xlmr,overall_hate,1,2,4,16,1
xlmr,overall_hate,1,2,5,15,2
xlmr,overall_hate,1,2,7,13,1
xlmr,overall_hate,1,2,8,12,2
xlmr,overall_hate,1,2,9,11,1
xlmr,overall_hate,1,2,10,10,1
xlmr,overall_hate,1,2,13,7,1
xlmr,overall_hate,1,3,1,18,1
xlmr,overall_hate,1,3,4,15,1
xlmr,overall_hate,1,3,5,14,1
xlmr,overall_hate,1,3,7,12,3
xlmr,overall_hate,1,3,8,11,1
xlmr,overall_hate,1,3,9,10,1
xlmr,overall_hate,1,3,13,6,1
xlmr,overall_hate,1,4,0,18,1
xlmr,overall_hate,1,4,1,17,2
xlmr,overall_hate,1,4,3,15,2
xlmr,overall_hate,1,4,4,14,2
xlmr,overall_hate,1,4,5,13,2
xlmr,overall_hate,1,4,6,12,2
xlmr,overall_hate,1,5,1,16,3
xlmr,overall_hate,1,5,2,15,3
xlmr,overall_hate,1,5,3,14,2
xlmr,overall_hate,1,5,6,11,1
xlmr,overall_hate,1,6,0,16,4
xlmr,overall_hate,1,6,1,15,2
xlmr,overall_hate,1,6,2,14,3
xlmr,overall_hate,1,6,3,13,3
xlmr,overall_hate,1,6,4,12,1
xlmr,overall_hate,1,6,5,11,1
xlmr,overall_hate,1,7,0,15,1
xlmr,overall_hate,1,7,1,14,1
xlmr,overall_hate,1,7,2,13,1
xlmr,overall_hate,1,7,9,6,1
xlmr,overall_hate,1,8,0,14,2
xlmr,overall_hate,1,8,1,13,1
xlmr,overall_hate,1,8,5,9,1
xlmr,overall_hate,1,9,0,13,2
xlmr,overall_hate,1,9,1,12,1
xlmr,overall_hate,1,9,3,10,1
xlmr,overall_hate,1,10,0,12,2
xlmr,overall_hate,1,10,1,11,1
xlmr,overall_hate,1,10,2,10,2
xlmr,overall_hate,1,10,3,9,1
xlmr,overall_hate,1,10,4,8,1
xlmr,overall_hate,1,11,0,11,2
xlmr,overall_hate,1,12,0,10,3
xlmr,overall_hate,1,12,2,8,1
xlmr,overall_hate,1,13,0,9,2
xlmr,overall_hate,1,13,1,8,4
xlmr,overall_hate,1,14,0,8,1
xlmr,overall_hate,1,14,1,7,1
xlmr,overall_hate,1,14,2,6,1
xlmr,overall_hate,1,15,0,7,5
xlmr,overall_hate,1,15,1,6,2
xlmr,overall_hate,1,15,2,5,1
xlmr,overall_hate,1,16,0,6,5
xlmr,overall_hate,1,16,1,5,1
xlmr,overall_hate,1,18,0,4,3
xlmr,overall_hate,1,18,1,3,1
xlmr,overall_hate,1,19,0,3,2
xlmr,overall_hate,1,19,1,2,1
xlmr,overall_hate,1,20,0,2,4
xlmr,overall_hate,1,20,1,1,1
xlmr,overall_hate,1,21,0,1,5
xlmr,overall_hate,1,22,0,0,8
xlmr,overall_hate,2,0,0,21,1
xlmr,overall_hate,2,0,7,14,1
xlmr,overall_hate,2,0,9,12,2
xlmr,overall_hate,2,0,11,10,1
xlmr,overall_hate,2,0,13,8,3
xlmr,overall_hate,2,0,15,6,2
xlmr,overall_hate,2,0,16,5,1
xlmr,overall_hate,2,0,17,4,2
xlmr,overall_hate,2,0,18,3,1
xlmr,overall_hate,2,0,19,2,9
xlmr,overall_hate,2,1,5,15,1
xlmr,overall_hate,2,1,10,10,1
xlmr,overall_hate,2,1,11,9,1
xlmr,overall_hate,2,1,15,5,1
xlmr,overall_hate,2,1,18,2,1
xlmr,overall_hate,2,1,19,1,2
xlmr,overall_hate,2,2,3,16,1
xlmr,overall_hate,2,2,4,15,1
xlmr,overall_hate,2,2,5,14,1
xlmr,overall_hate,2,2,8,11,3
xlmr,overall_hate,2,2,9,10,1
xlmr,overall_hate,2,2,14,5,1
xlmr,overall_hate,2,2,15,4,1
xlmr,overall_hate,2,3,0,18,1
xlmr,overall_hate,2,3,4,14,2
xlmr,overall_hate,2,3,5,13,1
xlmr,overall_hate,2,3,7,11,1
xlmr,overall_hate,2,3,8,10,1
xlmr,overall_hate,2,3,12,6,1
xlmr,overall_hate,2,4,0,17,1
xlmr,overall_hate,2,4,5,12,2
xlmr,overall_hate,2,4,8,9,2
xlmr,overall_hate,2,5,2,14,1
xlmr,overall_hate,2,5,3,13,2
xlmr,overall_hate,2,5,4,12,2
xlmr,overall_hate,2,5,5,11,1
xlmr,overall_hate,2,5,11,5,1
xlmr,overall_hate,2,6,1,14,1
xlmr,overall_hate,2,6,2,13,1
xlmr,overall_hate,2,6,3,12,1
xlmr,overall_hate,2,6,4,11,1
xlmr,overall_hate,2,6,5,10,2
xlmr,overall_hate,2,6,6,9,1
xlmr,overall_hate,2,7,1,13,1
xlmr,overall_hate,2,7,2,12,1
xlmr,overall_hate,2,7,3,11,2
xlmr,overall_hate,2,7,4,10,1
xlmr,overall_hate,2,7,5,9,1
xlmr,overall_hate,2,8,0,13,1
xlmr,overall_hate,2,8,1,12,2
xlmr,overall_hate,2,8,3,10,1
xlmr,overall_hate,2,8,4,9,1
xlmr,overall_hate,2,8,5,8,3
xlmr,overall_hate,2,9,7,5,1
xlmr,overall_hate,2,10,1,10,1
xlmr,overall_hate,2,10,2,9,1
xlmr,overall_hate,2,10,4,7,1
xlmr,overall_hate,2,11,0,10,3
xlmr,overall_hate,2,11,1,9,5
xlmr,overall_hate,2,11,2,8,2
xlmr,overall_hate,2,12,0,9,1
xlmr,overall_hate,2,12,2,7,1
xlmr,overall_hate,2,12,3,6,1
xlmr,overall_hate,2,13,0,8,3
xlmr,overall_hate,2,13,1,7,1
xlmr,overall_hate,2,13,2,6,1
xlmr,overall_hate,2,13,3,5,1
xlmr,overall_hate,2,14,0,7,1
xlmr,overall_hate,2,14,1,6,2
xlmr,overall_hate,2,15,0,6,1
xlmr,overall_hate,2,15,1,5,3
xlmr,overall_hate,2,15,3,3,1
xlmr,overall_hate,2,16,0,5,1
xlmr,overall_hate,2,16,2,3,1
xlmr,overall_hate,2,17,1,3,1
xlmr,overall_hate,2,18,0,3,4
xlmr,overall_hate,2,19,0,2,4
xlmr,overall_hate,2,20,0,1,2
xlmr,overall_hate,2,21,0,0,8
xlmr,overall_hate,3,0,8,12,2
xlmr,overall_hate,3,0,9,11,1
xlmr,overall_hate,3,0,14,6,4
xlmr,overall_hate,3,0,15,5,2
xlmr,overall_hate,3,0,17,3,1
xlmr,overall_hate,3,0,18,2,1
xlmr,overall_hate,3,1,8,11,1
xlmr,overall_hate,3,1,10,9,2
xlmr,overall_hate,3,1,12,7,2
xlmr,overall_hate,3,1,14,5,2
xlmr,overall_hate,3,2,2,16,1
xlmr,overall_hate,3,2,5,13,1
xlmr,overall_hate,3,2,6,12,1
xlmr,overall_hate,3,2,7,11,3
xlmr,overall_hate,3,2,9,9,2
xlmr,overall_hate,3,2,10,8,1
xlmr,overall_hate,3,2,14,4,1
xlmr,overall_hate,3,2,17,1,1
xlmr,overall_hate,3,3,0,17,1
xlmr,overall_hate,3,3,2,15,3
xlmr,overall_hate,3,3,6,11,2
xlmr,overall_hate,3,3,8,9,1
xlmr,overall_hate,3,3,9,8,1
xlmr,overall_hate,3,3,11,6,1
xlmr,overall_hate,3,3,15,2,1
xlmr,overall_hate,3,4,2,14,1
xlmr,overall_hate,3,4,4,12,2
xlmr,overall_hate,3,4,5,11,1
xlmr,overall_hate,3,4,6,10,1
xlmr,overall_hate,3,4,8,8,1
xlmr,overall_hate,3,4,10,6,1
xlmr,overall_hate,3,5,2,13,1
xlmr,overall_hate,3,5,3,12,1
xlmr,overall_hate,3,5,4,11,1
xlmr,overall_hate,3,5,5,10,1
xlmr,overall_hate,3,5,6,9,1
xlmr,overall_hate,3,5,8,7,1
xlmr,overall_hate,3,5,11,4,2
xlmr,overall_hate,3,6,5,9,2
xlmr,overall_hate,3,7,1,12,1
xlmr,overall_hate,3,7,5,8,1
xlmr,overall_hate,3,7,7,6,1
xlmr,overall_hate,3,8,1,11,1
xlmr,overall_hate,3,8,2,10,1
xlmr,overall_hate,3,8,3,9,2
xlmr,overall_hate,3,8,6,6,1
xlmr,overall_hate,3,9,0,11,1
xlmr,overall_hate,3,9,1,10,1
xlmr,overall_hate,3,9,2,9,1
xlmr,overall_hate,3,9,4,7,1
xlmr,overall_hate,3,10,2,8,1
xlmr,overall_hate,3,10,3,7,1
xlmr,overall_hate,3,10,4,6,1
xlmr,overall_hate,3,11,0,9,2
xlmr,overall_hate,3,11,1,8,1
xlmr,overall_hate,3,11,3,6,1
xlmr,overall_hate,3,11,5,4,2
xlmr,overall_hate,3,12,2,6,2
xlmr,overall_hate,3,13,0,7,1
xlmr,overall_hate,3,13,3,4,1
xlmr,overall_hate,3,13,4,3,1
xlmr,overall_hate,3,14,0,6,1
xlmr,overall_hate,3,14,1,5,3
xlmr,overall_hate,3,14,2,4,2
xlmr,overall_hate,3,15,0,5,2
xlmr,overall_hate,3,15,2,3,2
xlmr,overall_hate,3,16,0,4,2
xlmr,overall_hate,3,16,1,3,1
xlmr,overall_hate,3,16,2,2,1
xlmr,overall_hate,3,17,0,3,1
xlmr,overall_hate,3,17,1,2,3
xlmr,overall_hate,3,18,0,2,2
xlmr,overall_hate,3,18,1,1,3
xlmr,overall_hate,3,18,2,0,1
xlmr,overall_hate,3,19,0,1,4
xlmr,overall_hate,3,19,1,0,2
xlmr,overall_hate,3,20,0,0,10
xlmr,overall_hate,4,0,5,14,1
xlmr,overall_hate,4,0,8,11,1
xlmr,overall_hate,4,0,12,7,2
xlmr,overall_hate,4,0,13,6,1
xlmr,overall_hate,4,0,16,3,2
xlmr,overall_hate,4,0,17,2,4
xlmr,overall_hate,4,1,10,8,1
xlmr,overall_hate,4,1,12,6,2
xlmr,overall_hate,4,1,13,5,1
xlmr,overall_hate,4,1,17,1,1
xlmr,overall_hate,4,2,4,13,1
xlmr,overall_hate,4,2,6,11,1
xlmr,overall_hate,4,2,9,8,1
xlmr,overall_hate,4,2,15,2,2
xlmr,overall_hate,4,2,16,1,2
xlmr,overall_hate,4,2,17,0,1
xlmr,overall_hate,4,3,4,12,1
xlmr,overall_hate,4,3,5,11,1
xlmr,overall_hate,4,3,7,9,2
xlmr,overall_hate,4,3,8,8,1
xlmr,overall_hate,4,3,10,6,2
xlmr,overall_hate,4,3,11,5,1
xlmr,overall_hate,4,3,12,4,1
xlmr,overall_hate,4,4,3,12,1
xlmr,overall_hate,4,4,6,9,1
xlmr,overall_hate,4,4,8,7,1
xlmr,overall_hate,4,5,1,13,1
xlmr,overall_hate,4,5,6,8,1
xlmr,overall_hate,4,5,8,6,1
xlmr,overall_hate,4,5,10,4,2
xlmr,overall_hate,4,5,11,3,1
xlmr,overall_hate,4,6,1,12,1
xlmr,overall_hate,4,6,3,10,1
xlmr,overall_hate,4,6,4,9,3
xlmr,overall_hate,4,6,5,8,1
xlmr,overall_hate,4,7,2,10,2
xlmr,overall_hate,4,7,3,9,1
xlmr,overall_hate,4,7,4,8,1
xlmr,overall_hate,4,7,5,7,1
xlmr,overall_hate,4,8,2,9,1
xlmr,overall_hate,4,8,4,7,1
xlmr,overall_hate,4,8,7,4,1
xlmr,overall_hate,4,9,2,8,5
xlmr,overall_hate,4,9,4,6,2
xlmr,overall_hate,4,9,5,5,1
xlmr,overall_hate,4,10,1,8,1
xlmr,overall_hate,4,10,2,7,1
xlmr,overall_hate,4,11,0,8,1
xlmr,overall_hate,4,11,2,6,1
xlmr,overall_hate,4,11,3,5,1
xlmr,overall_hate,4,12,0,7,1
xlmr,overall_hate,4,12,1,6,1
xlmr,overall_hate,4,12,5,2,1
xlmr,overall_hate,4,13,0,6,2
xlmr,overall_hate,4,13,2,4,1
xlmr,overall_hate,4,14,0,5,1
xlmr,overall_hate,4,14,1,4,2
xlmr,overall_hate,4,14,2,3,2
xlmr,overall_hate,4,14,4,1,1
xlmr,overall_hate,4,15,0,4,2
xlmr,overall_hate,4,15,1,3,3
xlmr,overall_hate,4,16,3,0,1
xlmr,overall_hate,4,17,0,2,1
xlmr,overall_hate,4,17,2,0,1
xlmr,overall_hate,4,18,0,1,1
xlmr,overall_hate,4,19,0,0,11
xlmr,overall_hate,5,0,8,10,1
xlmr,overall_hate,5,0,10,8,2
xlmr,overall_hate,5,0,14,4,2
xlmr,overall_hate,5,0,16,2,4
xlmr,overall_hate,5,1,6,11,1
xlmr,overall_hate,5,1,7,10,1
xlmr,overall_hate,5,1,12,5,3
xlmr,overall_hate,5,1,14,3,2
xlmr,overall_hate,5,1,16,1,1
xlmr,overall_hate,5,2,4,12,1
xlmr,overall_hate,5,2,8,8,1
xlmr,overall_hate,5,2,9,7,2
xlmr,overall_hate,5,2,14,2,2
xlmr,overall_hate,5,2,16,0,1
xlmr,overall_hate,5,3,7,8,1
xlmr,overall_hate,5,3,11,4,3
xlmr,overall_hate,5,3,12,3,2
xlmr,overall_hate,5,4,2,12,1
xlmr,overall_hate,5,4,7,7,2
xlmr,overall_hate,5,4,9,5,2
xlmr,overall_hate,5,4,10,4,2
xlmr,overall_hate,5,4,12,2,1
xlmr,overall_hate,5,5,1,12,2
xlmr,overall_hate,5,5,4,9,1
xlmr,overall_hate,5,5,5,8,1
xlmr,overall_hate,5,5,12,1,1
xlmr,overall_hate,5,6,4,8,1
xlmr,overall_hate,5,6,8,4,1
xlmr,overall_hate,5,6,10,2,1
xlmr,overall_hate,5,7,2,9,3
xlmr,overall_hate,5,7,5,6,1
xlmr,overall_hate,5,8,1,9,1
xlmr,overall_hate,5,8,2,8,2
xlmr,overall_hate,5,8,5,5,1
xlmr,overall_hate,5,8,7,3,1
xlmr,overall_hate,5,9,2,7,1
xlmr,overall_hate,5,9,3,6,1
xlmr,overall_hate,5,9,4,5,1
xlmr,overall_hate,5,10,1,7,2
xlmr,overall_hate,5,11,2,5,3
xlmr,overall_hate,5,11,4,3,2
xlmr,overall_hate,5,12,0,6,1
xlmr,overall_hate,5,12,3,3,1
xlmr,overall_hate,5,12,5,1,1
xlmr,overall_hate,5,13,1,4,1
xlmr,overall_hate,5,13,3,2,1
xlmr,overall_hate,5,14,1,3,1
xlmr,overall_hate,5,14,2,2,1
xlmr,overall_hate,5,15,0,3,2
xlmr,overall_hate,5,15,1,2,1
xlmr,overall_hate,5,16,0,2,2
xlmr,overall_hate,5,17,0,1,4
xlmr,overall_hate,5,18,0,0,15
xlmr,overall_hate,6,0,10,7,1
xlmr,overall_hate,6,0,11,6,2
xlmr,overall_hate,6,0,14,3,1
xlmr,overall_hate,6,0,15,2,3
xlmr,overall_hate,6,1,3,13,1
xlmr,overall_hate,6,1,4,12,1
xlmr,overall_hate,6,1,9,7,1
xlmr,overall_hate,6,1,10,6,1
xlmr,overall_hate,6,1,14,2,1
xlmr,overall_hate,6,2,8,7,1
xlmr,overall_hate,6,2,10,5,1
xlmr,overall_hate,6,2,11,4,1
xlmr,overall_hate,6,2,15,0,1
xlmr,overall_hate,6,3,6,8,1
xlmr,overall_hate,6,3,8,6,1
xlmr,overall_hate,6,3,10,4,1
xlmr,overall_hate,6,4,5,8,1
xlmr,overall_hate,6,4,6,7,2
xlmr,overall_hate,6,4,7,6,2
xlmr,overall_hate,6,5,0,12,1
xlmr,overall_hate,6,5,7,5,1
xlmr,overall_hate,6,5,10,2,1
xlmr,overall_hate,6,6,1,10,1
xlmr,overall_hate,6,6,4,7,3
xlmr,overall_hate,6,6,9,2,1
xlmr,overall_hate,6,7,3,7,1
xlmr,overall_hate,6,8,2,7,2
xlmr,overall_hate,6,8,3,6,1
xlmr,overall_hate,6,8,5,4,2
xlmr,overall_hate,6,8,6,3,1
xlmr,overall_hate,6,9,2,6,1
xlmr,overall_hate,6,9,3,5,1
xlmr,overall_hate,6,9,4,4,1
xlmr,overall_hate,6,10,0,7,1
xlmr,overall_hate,6,10,1,6,1
xlmr,overall_hate,6,10,2,5,1
xlmr,overall_hate,6,10,3,4,1
xlmr,overall_hate,6,11,1,5,2
xlmr,overall_hate,6,11,3,3,1
xlmr,overall_hate,6,12,2,3,1
xlmr,overall_hate,6,13,0,4,3
xlmr,overall_hate,6,13,1,3,2
xlmr,overall_hate,6,13,2,2,2
xlmr,overall_hate,6,14,0,3,2
xlmr,overall_hate,6,14,1,2,1
xlmr,overall_hate,6,15,0,2,2
xlmr,overall_hate,6,16,0,1,5
xlmr,overall_hate,6,16,1,0,3
xlmr,overall_hate,6,17,0,0,11
xlmr,overall_hate,7,0,10,6,1
xlmr,overall_hate,7,0,13,3,1
xlmr,overall_hate,7,1,5,10,1
xlmr,overall_hate,7,1,11,4,3
xlmr,overall_hate,7,1,13,2,2
xlmr,overall_hate,7,1,14,1,1
xlmr,overall_hate,7,2,7,7,1
xlmr,overall_hate,7,2,9,5,1
xlmr,overall_hate,7,2,10,4,1
xlmr,overall_hate,7,2,11,3,1
xlmr,overall_hate,7,3,5,8,1
xlmr,overall_hate,7,3,7,6,2
xlmr,overall_hate,7,3,8,5,1
xlmr,overall_hate,7,3,10,3,1
xlmr,overall_hate,7,4,6,6,1
xlmr,overall_hate,7,4,7,5,1
xlmr,overall_hate,7,5,3,8,1
xlmr,overall_hate,7,5,4,7,1
xlmr,overall_hate,7,5,10,1,1
xlmr,overall_hate,7,6,2,8,1
xlmr,overall_hate,7,7,4,5,2
xlmr,overall_hate,7,7,6,3,1
xlmr,overall_hate,7,8,4,4,1
xlmr,overall_hate,7,9,1,6,1
xlmr,overall_hate,7,9,2,5,2
xlmr,overall_hate,7,9,3,4,3
xlmr,overall_hate,7,9,4,3,1
xlmr,overall_hate,7,10,0,6,1
xlmr,overall_hate,7,10,3,3,2
xlmr,overall_hate,7,11,1,4,4
xlmr,overall_hate,7,11,2,3,1
xlmr,overall_hate,7,12,0,4,1
xlmr,overall_hate,7,12,2,2,1
xlmr,overall_hate,7,13,0,3,1
xlmr,overall_hate,7,13,1,2,3
xlmr,overall_hate,7,14,0,2,2
xlmr,overall_hate,7,14,1,1,1
xlmr,overall_hate,7,14,2,0,1
xlmr,overall_hate,7,15,0,1,2
xlmr,overall_hate,7,15,1,0,2
xlmr,overall_hate,7,16,0,0,20
xlmr,overall_hate,8,0,10,5,1
xlmr,overall_hate,8,0,11,4,1
xlmr,overall_hate,8,0,13,2,1
xlmr,overall_hate,8,1,8,6,1
xlmr,overall_hate,8,1,10,4,1
xlmr,overall_hate,8,1,12,2,1
xlmr,overall_hate,8,1,13,1,1
xlmr,overall_hate,8,2,8,5,1
xlmr,overall_hate,8,2,9,4,1
xlmr,overall_hate,8,2,10,3,3
xlmr,overall_hate,8,2,11,2,3
xlmr,overall_hate,8,3,8,4,1
xlmr,overall_hate,8,4,5,6,1
xlmr,overall_hate,8,5,1,9,1
xlmr,overall_hate,8,5,3,7,1
xlmr,overall_hate,8,5,4,6,2
xlmr,overall_hate,8,5,5,5,2
xlmr,overall_hate,8,5,7,3,1
xlmr,overall_hate,8,6,4,5,1
xlmr,overall_hate,8,6,6,3,2
xlmr,overall_hate,8,6,7,2,1
xlmr,overall_hate,8,7,4,4,2
xlmr,overall_hate,8,8,1,6,1
xlmr,overall_hate,8,8,2,5,2
xlmr,overall_hate,8,8,4,3,2
xlmr,overall_hate,8,9,2,4,1
xlmr,overall_hate,8,9,4,2,1
xlmr,overall_hate,8,10,2,3,1
xlmr,overall_hate,8,10,3,2,1
xlmr,overall_hate,8,10,4,1,1
xlmr,overall_hate,8,11,1,3,4
xlmr,overall_hate,8,11,2,2,3
xlmr,overall_hate,8,11,3,1,1
xlmr,overall_hate,8,12,0,3,2
xlmr,overall_hate,8,13,1,1,3
xlmr,overall_hate,8,14,0,1,8
xlmr,overall_hate,8,15,0,0,24
xlmr,overall_hate,9,0,11,3,1
xlmr,overall_hate,9,0,12,2,4
xlmr,overall_hate,9,1,10,3,1
xlmr,overall_hate,9,1,11,2,1
xlmr,overall_hate,9,1,12,1,1
xlmr,overall_hate,9,2,7,5,1
xlmr,overall_hate,9,2,8,4,1
xlmr,overall_hate,9,2,12,0,1
xlmr,overall_hate,9,3,5,6,2
xlmr,overall_hate,9,3,6,5,1
xlmr,overall_hate,9,3,7,4,1
xlmr,overall_hate,9,4,3,7,1
xlmr,overall_hate,9,4,4,6,1
xlmr,overall_hate,9,4,5,5,1
xlmr,overall_hate,9,4,8,2,1
xlmr,overall_hate,9,4,9,1,1
xlmr,overall_hate,9,5,0,9,1
xlmr,overall_hate,9,5,5,4,1
xlmr,overall_hate,9,5,6,3,1
xlmr,overall_hate,9,5,7,2,1
xlmr,overall_hate,9,6,2,6,1
xlmr,overall_hate,9,6,3,5,1
xlmr,overall_hate,9,6,4,4,2
xlmr,overall_hate,9,6,5,3,1
xlmr,overall_hate,9,7,2,5,1
xlmr,overall_hate,9,7,3,4,2
xlmr,overall_hate,9,7,4,3,1
xlmr,overall_hate,9,8,1,5,1
xlmr,overall_hate,9,8,4,2,1
xlmr,overall_hate,9,8,5,1,1
xlmr,overall_hate,9,9,1,4,1
xlmr,overall_hate,9,9,2,3,4
xlmr,overall_hate,9,10,0,4,3
xlmr,overall_hate,9,10,2,2,1
xlmr,overall_hate,9,11,0,3,1
xlmr,overall_hate,9,11,1,2,2
xlmr,overall_hate,9,11,2,1,2
xlmr,overall_hate,9,12,0,2,1
xlmr,overall_hate,9,12,1,1,2
xlmr,overall_hate,9,13,0,1,5
xlmr,overall_hate,9,13,1,0,1
xlmr,overall_hate,9,14,0,0,24
xlmr,overall_hate,10,0,8,5,1
xlmr,overall_hate,10,0,10,3,1
xlmr,overall_hate,10,0,11,2,1
xlmr,overall_hate,10,1,5,7,1
xlmr,overall_hate,10,1,8,4,1
xlmr,overall_hate,10,1,9,3,1
xlmr,overall_hate,10,1,11,1,4
xlmr,overall_hate,10,2,3,8,1
xlmr,overall_hate,10,2,8,3,1
xlmr,overall_hate,10,2,10,1,1
xlmr,overall_hate,10,2,11,0,1
xlmr,overall_hate,10,3,5,5,1
xlmr,overall_hate,10,3,8,2,2
xlmr,overall_hate,10,3,10,0,1
xlmr,overall_hate,10,4,4,5,1
xlmr,overall_hate,10,4,7,2,1
xlmr,overall_hate,10,4,8,1,1
xlmr,overall_hate,10,5,3,5,1
xlmr,overall_hate,10,5,5,3,1
xlmr,overall_hate,10,6,4,3,3
xlmr,overall_hate,10,6,7,0,1
xlmr,overall_hate,10,7,1,5,1
xlmr,overall_hate,10,7,3,3,1
xlmr,overall_hate,10,7,4,2,1
xlmr,overall_hate,10,7,6,0,1
xlmr,overall_hate,10,8,1,4,2
xlmr,overall_hate,10,8,2,3,2
xlmr,overall_hate,10,8,3,2,1
xlmr,overall_hate,10,9,0,4,1
xlmr,overall_hate,10,9,1,3,1
xlmr,overall_hate,10,9,2,2,1
xlmr,overall_hate,10,10,1,2,2
xlmr,overall_hate,10,10,2,1,2
xlmr,overall_hate,10,10,3,0,1
xlmr,overall_hate,10,11,0,2,1
xlmr,overall_hate,10,11,1,1,1
xlmr,overall_hate,10,12,0,1,7
xlmr,overall_hate,10,12,1,0,3
xlmr,overall_hate,10,13,0,0,21
xlmr,overall_hate,11,0,9,3,1
xlmr,overall_hate,11,1,5,6,1
xlmr,overall_hate,11,1,7,4,1
xlmr,overall_hate,11,1,10,1,2
xlmr,overall_hate,11,2,7,3,1
xlmr,overall_hate,11,2,8,2,2
xlmr,overall_hate,11,2,9,1,1
xlmr,overall_hate,11,2,10,0,3
xlmr,overall_hate,11,3,7,2,1
xlmr,overall_hate,11,4,2,6,1
xlmr,overall_hate,11,4,3,5,1
xlmr,overall_hate,11,4,5,3,2
xlmr,overall_hate,11,4,7,1,2
xlmr,overall_hate,11,5,4,3,3
xlmr,overall_hate,11,6,0,6,1
xlmr,overall_hate,11,6,2,4,1
xlmr,overall_hate,11,6,3,3,1
xlmr,overall_hate,11,6,4,2,1
xlmr,overall_hate,11,7,0,5,1
xlmr,overall_hate,11,7,2,3,1
xlmr,overall_hate,11,8,1,3,1
xlmr,overall_hate,11,8,2,2,3
xlmr,overall_hate,11,8,3,1,1
xlmr,overall_hate,11,8,4,0,1
xlmr,overall_hate,11,9,0,3,2
xlmr,overall_hate,11,9,1,2,3
xlmr,overall_hate,11,9,2,1,1
xlmr,overall_hate,11,10,0,2,3
xlmr,overall_hate,11,10,1,1,3
xlmr,overall_hate,11,10,2,0,1
xlmr,overall_hate,11,11,0,1,6
xlmr,overall_hate,11,11,1,0,2
xlmr,overall_hate,11,12,0,0,26
xlmr,overall_hate,12,0,4,7,1
xlmr,overall_hate,12,0,8,3,1
xlmr,overall_hate,12,0,9,2,2
xlmr,overall_hate,12,1,6,4,1
xlmr,overall_hate,12,1,8,2,1
xlmr,overall_hate,12,1,9,1,3
xlmr,overall_hate,12,1,10,0,1
xlmr,overall_hate,12,2,5,4,1
xlmr,overall_hate,12,2,6,3,1
xlmr,overall_hate,12,2,7,2,1
xlmr,overall_hate,12,2,8,1,3
xlmr,overall_hate,12,2,9,0,1
xlmr,overall_hate,12,3,4,4,2
xlmr,overall_hate,12,3,6,2,1
xlmr,overall_hate,12,3,7,1,2
xlmr,overall_hate,12,3,8,0,2
xlmr,overall_hate,12,4,6,1,1
xlmr,overall_hate,12,5,2,4,1
xlmr,overall_hate,12,5,3,3,2
xlmr,overall_hate,12,5,4,2,4
xlmr,overall_hate,12,5,5,1,1
xlmr,overall_hate,12,6,2,3,2
xlmr,overall_hate,12,6,4,1,1
xlmr,overall_hate,12,6,5,0,1
xlmr,overall_hate,12,7,0,4,1
xlmr,overall_hate,12,7,1,3,1
xlmr,overall_hate,12,7,2,2,1
xlmr,overall_hate,12,7,3,1,1
xlmr,overall_hate,12,8,1,2,1
xlmr,overall_hate,12,8,2,1,4
xlmr,overall_hate,12,9,0,2,1
xlmr,overall_hate,12,9,2,0,2
xlmr,overall_hate,12,10,0,1,3
xlmr,overall_hate,12,10,1,0,6
xlmr,overall_hate,12,11,0,0,30
xlmr,overall_hate,13,1,8,1,1
xlmr,overall_hate,13,1,9,0,1
xlmr,overall_hate,13,2,4,4,1
xlmr,overall_hate,13,2,6,2,1
xlmr,overall_hate,13,2,7,1,1
xlmr,overall_hate,13,2,8,0,2
xlmr,overall_hate,13,3,4,3,2
xlmr,overall_hate,13,3,6,1,1
xlmr,overall_hate,13,4,2,4,1
xlmr,overall_hate,13,4,3,3,1
xlmr,overall_hate,13,4,5,1,1
xlmr,overall_hate,13,4,6,0,1
xlmr,overall_hate,13,5,4,1,2
xlmr,overall_hate,13,6,2,2,1
xlmr,overall_hate,13,6,3,1,1
xlmr,overall_hate,13,6,4,0,2
xlmr,overall_hate,13,7,1,2,1
xlmr,overall_hate,13,7,2,1,1
xlmr,overall_hate,13,7,3,0,2
xlmr,overall_hate,13,8,0,2,4
xlmr,overall_hate,13,8,1,1,3
xlmr,overall_hate,13,8,2,0,4
xlmr,overall_hate,13,9,0,1,2
xlmr,overall_hate,13,9,1,0,6
xlmr,overall_hate,13,10,0,0,34
xlmr,overall_hate,14,1,7,1,2
xlmr,overall_hate,14,2,6,1,4
xlmr,overall_hate,14,2,7,0,1
xlmr,overall_hate,14,3,5,1,3
xlmr,overall_hate,14,3,6,0,2
xlmr,overall_hate,14,4,1,4,1
xlmr,overall_hate,14,4,2,3,2
xlmr,overall_hate,14,4,3,2,4
xlmr,overall_hate,14,4,4,1,1
xlmr,overall_hate,14,4,5,0,3
xlmr,overall_hate,14,5,1,3,1
xlmr,overall_hate,14,5,3,1,2
xlmr,overall_hate,14,6,1,2,3
xlmr,overall_hate,14,6,2,1,3
xlmr,overall_hate,14,6,3,0,1
xlmr,overall_hate,14,7,0,2,5
xlmr,overall_hate,14,7,1,1,3
xlmr,overall_hate,14,7,2,0,2
xlmr,overall_hate,14,8,0,1,1
xlmr,overall_hate,14,8,1,0,5
xlmr,overall_hate,14,9,0,0,24
xlmr,overall_hate,15,0,5,3,1
xlmr,overall_hate,15,0,6,2,1
xlmr,overall_hate,15,1,4,3,2
xlmr,overall_hate,15,1,6,1,3
xlmr,overall_hate,15,2,2,4,1
xlmr,overall_hate,15,2,3,3,3
xlmr,overall_hate,15,2,5,1,5
xlmr,overall_hate,15,2,6,0,1
xlmr,overall_hate,15,3,3,2,2
xlmr,overall_hate,15,3,4,1,4
xlmr,overall_hate,15,3,5,0,1
xlmr,overall_hate,15,4,2,2,3
xlmr,overall_hate,15,4,3,1,2
xlmr,overall_hate,15,5,1,2,2
xlmr,overall_hate,15,5,2,1,5
xlmr,overall_hate,15,6,0,2,1
xlmr,overall_hate,15,6,1,1,3
xlmr,overall_hate,15,7,0,1,6
xlmr,overall_hate,15,7,1,0,8
xlmr,overall_hate,15,8,0,0,46
xlmr,overall_hate,16,0,5,2,2
xlmr,overall_hate,16,1,4,2,1
xlmr,overall_hate,16,1,5,1,2
xlmr,overall_hate,16,2,1,4,1
xlmr,overall_hate,16,2,3,2,1
xlmr,overall_hate,16,2,5,0,5
xlmr,overall_hate,16,3,1,3,2
xlmr,overall_hate,16,3,2,2,2
xlmr,overall_hate,16,3,3,1,6
xlmr,overall_hate,16,3,4,0,2
xlmr,overall_hate,16,4,1,2,3
xlmr,overall_hate,16,4,2,1,4
xlmr,overall_hate,16,4,3,0,2
xlmr,overall_hate,16,5,0,2,3
xlmr,overall_hate,16,5,1,1,6
xlmr,overall_hate,16,5,2,0,4
xlmr,overall_hate,16,6,0,1,5
xlmr,overall_hate,16,6,1,0,8
xlmr,overall_hate,16,7,0,0,62
xlmr,overall_hate,17,0,4,2,2
xlmr,overall_hate,17,1,4,1,4
xlmr,overall_hate,17,1,5,0,1
xlmr,overall_hate,17,2,2,2,4
xlmr,overall_hate,17,2,3,1,2
xlmr,overall_hate,17,2,4,0,6
xlmr,overall_hate,17,3,1,2,3
xlmr,overall_hate,17,3,2,1,7
xlmr,overall_hate,17,3,3,0,3
xlmr,overall_hate,17,4,0,2,1
xlmr,overall_hate,17,4,1,1,3
xlmr,overall_hate,17,4,2,0,7
xlmr,overall_hate,17,5,0,1,7
xlmr,overall_hate,17,5,1,0,12
xlmr,overall_hate,17,6,0,0,43
xlmr,overall_hate,18,0,3,2,1
xlmr,overall_hate,18,1,2,2,2
xlmr,overall_hate,18,2,1,2,1
xlmr,overall_hate,18,2,2,1,4
xlmr,overall_hate,18,2,3,0,13
xlmr,overall_hate,18,3,0,2,4
xlmr,overall_hate,18,3,1,1,2
xlmr,overall_hate,18,3,2,0,4
xlmr,overall_hate,18,4,0,1,9
xlmr,overall_hate,18,4,1,0,18
xlmr,overall_hate,18,5,0,0,77
xlmr,overall_hate,19,0,2,2,1
xlmr,overall_hate,19,1,2,1,5
xlmr,overall_hate,19,1,3,0,1
xlmr,overall_hate,19,2,0,2,2
xlmr,overall_hate,19,2,1,1,4
xlmr,overall_hate,19,2,2,0,17
xlmr,overall_hate,19,3,0,1,5
xlmr,overall_hate,19,3,1,0,14
xlmr,overall_hate,19,4,0,0,99
xlmr,overall_hate,20,1,0,2,1
xlmr,overall_hate,20,1,1,1,7
xlmr,overall_hate,20,1,2,0,2
xlmr,overall_hate,20,2,0,1,4
xlmr,overall_hate,20,2,1,0,42
xlmr,overall_hate,20,3,0,0,178
xlmr,overall_hate,21,0,0,2,4
xlmr,overall_hate,21,1,0,1,7
xlmr,overall_hate,21,1,1,0,4
xlmr,overall_hate,21,2,0,0,388
xlmr,overall_hate,22,0,0,1,1
xlmr,overall_hate,22,1,0,0,31
xlmr,overall_non_hate,0,0,1,22,7
xlmr,overall_non_hate,0,0,2,21,123
xlmr,overall_non_hate,0,0,3,20,65
xlmr,overall_non_hate,0,0,4,19,35
xlmr,overall_non_hate,0,0,5,18,32
xlmr,overall_non_hate,0,0,6,17,38
xlmr,overall_non_hate,0,0,7,16,27
xlmr,overall_non_hate,0,0,8,15,17
xlmr,overall_non_hate,0,0,9,14,10
xlmr,overall_non_hate,0,0,10,13,13
xlmr,overall_non_hate,0,0,11,12,12
xlmr,overall_non_hate,0,0,12,11,15
xlmr,overall_non_hate,0,0,13,10,18
xlmr,overall_non_hate,0,0,14,9,16
xlmr,overall_non_hate,0,0,15,8,16
xlmr,overall_non_hate,0,0,16,7,14
xlmr,overall_non_hate,0,0,17,6,10
xlmr,overall_non_hate,0,0,18,5,7
xlmr,overall_non_hate,0,0,19,4,14
xlmr,overall_non_hate,0,0,20,3,14
xlmr,overall_non_hate,0,0,21,2,18
xlmr,overall_non_hate,0,0,22,1,14
xlmr,overall_non_hate,0,0,23,0,12
xlmr,overall_non_hate,0,1,1,21,3
xlmr,overall_non_hate,0,1,2,20,24
xlmr,overall_non_hate,0,1,3,19,14
xlmr,overall_non_hate,0,1,4,18,16
xlmr,overall_non_hate,0,1,5,17,12
xlmr,overall_non_hate,0,1,6,16,6
xlmr,overall_non_hate,0,1,7,15,8
xlmr,overall_non_hate,0,1,8,14,7
xlmr,overall_non_hate,0,1,9,13,5
xlmr,overall_non_hate,0,1,10,12,4
xlmr,overall_non_hate,0,1,11,11,8
xlmr,overall_non_hate,0,1,14,8,6
xlmr,overall_non_hate,0,1,15,7,3
xlmr,overall_non_hate,0,1,16,6,2
xlmr,overall_non_hate,0,1,17,5,1
xlmr,overall_non_hate,0,1,20,2,1
xlmr,overall_non_hate,0,2,1,20,1
xlmr,overall_non_hate,0,2,2,19,9
xlmr,overall_non_hate,0,2,3,18,5
xlmr,overall_non_hate,0,2,4,17,5
xlmr,overall_non_hate,0,2,5,16,3
xlmr,overall_non_hate,0,2,6,15,3
xlmr,overall_non_hate,0,2,7,14,3
xlmr,overall_non_hate,0,2,8,13,2
xlmr,overall_non_hate,0,2,9,12,1
xlmr,overall_non_hate,0,2,10,11,2
xlmr,overall_non_hate,0,2,11,10,1
xlmr,overall_non_hate,0,2,12,9,2
xlmr,overall_non_hate,0,3,2,18,11
xlmr,overall_non_hate,0,3,3,17,12
xlmr,overall_non_hate,0,3,4,16,2
xlmr,overall_non_hate,0,3,5,15,2
xlmr,overall_non_hate,0,3,6,14,4
xlmr,overall_non_hate,0,3,8,12,1
xlmr,overall_non_hate,0,3,9,11,2
xlmr,overall_non_hate,0,4,2,17,3
xlmr,overall_non_hate,0,4,3,16,2
xlmr,overall_non_hate,0,4,5,14,2
xlmr,overall_non_hate,0,4,6,13,1
xlmr,overall_non_hate,0,4,14,5,1
xlmr,overall_non_hate,0,5,2,16,5
xlmr,overall_non_hate,0,5,3,15,2
xlmr,overall_non_hate,0,5,9,9,1
xlmr,overall_non_hate,0,6,2,15,7
xlmr,overall_non_hate,0,6,3,14,2
xlmr,overall_non_hate,0,6,4,13,2
xlmr,overall_non_hate,0,6,8,9,1
xlmr,overall_non_hate,0,7,2,14,1
xlmr,overall_non_hate,0,7,3,13,1
xlmr,overall_non_hate,0,8,1,14,2
xlmr,overall_non_hate,0,8,2,13,1
xlmr,overall_non_hate,0,8,5,10,1
xlmr,overall_non_hate,0,9,2,12,2
xlmr,overall_non_hate,0,10,2,11,3
xlmr,overall_non_hate,0,11,1,11,1
xlmr,overall_non_hate,0,11,2,10,3
xlmr,overall_non_hate,0,11,3,9,1
xlmr,overall_non_hate,0,12,2,9,1
xlmr,overall_non_hate,0,13,2,8,2
xlmr,overall_non_hate,0,14,2,7,1
xlmr,overall_non_hate,0,14,3,6,1
xlmr,overall_non_hate,0,15,3,5,1
xlmr,overall_non_hate,0,22,1,0,1
xlmr,overall_non_hate,1,0,1,21,3
xlmr,overall_non_hate,1,0,2,20,1
xlmr,overall_non_hate,1,0,3,19,1
xlmr,overall_non_hate,1,0,5,17,2
xlmr,overall_non_hate,1,0,6,16,2
xlmr,overall_non_hate,1,0,7,15,3
xlmr,overall_non_hate,1,0,8,14,2
xlmr,overall_non_hate,1,0,10,12,8
xlmr,overall_non_hate,1,0,11,11,7
xlmr,overall_non_hate,1,0,12,10,2
xlmr,overall_non_hate,1,0,13,9,4
xlmr,overall_non_hate,1,0,14,8,7
xlmr,overall_non_hate,1,0,15,7,3
xlmr,overall_non_hate,1,0,16,6,8
xlmr,overall_non_hate,1,0,17,5,4
xlmr,overall_non_hate,1,0,18,4,4
xlmr,overall_non_hate,1,0,19,3,5
xlmr,overall_non_hate,1,0,20,2,8
xlmr,overall_non_hate,1,0,21,1,7
xlmr,overall_non_hate,1,0,22,0,9
xlmr,overall_non_hate,1,1,1,20,4
xlmr,overall_non_hate,1,1,2,19,3
xlmr,overall_non_hate,1,1,3,18,2
xlmr,overall_non_hate,1,1,4,17,5
xlmr,overall_non_hate,1,1,5,16,5
xlmr,overall_non_hate,1,1,6,15,6
xlmr,overall_non_hate,1,1,7,14,2
xlmr,overall_non_hate,1,1,8,13,3
xlmr,overall_non_hate,1,1,9,12,3
xlmr,overall_non_hate,1,1,10,11,3
xlmr,overall_non_hate,1,1,11,10,1
xlmr,overall_non_hate,1,1,12,9,1
xlmr,overall_non_hate,1,1,13,8,2
xlmr,overall_non_hate,1,1,14,7,1
xlmr,overall_non_hate,1,1,16,5,1
xlmr,overall_non_hate,1,1,17,4,1
xlmr,overall_non_hate,1,1,18,3,1
xlmr,overall_non_hate,1,1,19,2,1
xlmr,overall_non_hate,1,1,20,1,1
xlmr,overall_non_hate,1,1,21,0,1
xlmr,overall_non_hate,1,2,2,18,4
xlmr,overall_non_hate,1,2,3,17,2
xlmr,overall_non_hate,1,2,4,16,2
xlmr,overall_non_hate,1,2,5,15,4
xlmr,overall_non_hate,1,2,7,13,3
xlmr,overall_non_hate,1,2,8,12,3
xlmr,overall_non_hate,1,2,10,10,1
xlmr,overall_non_hate,1,2,11,9,1
xlmr,overall_non_hate,1,2,13,7,1
xlmr,overall_non_hate,1,2,15,5,1
xlmr,overall_non_hate,1,3,1,18,6
xlmr,overall_non_hate,1,3,2,17,8
xlmr,overall_non_hate,1,3,3,16,3
xlmr,overall_non_hate,1,3,4,15,2
xlmr,overall_non_hate,1,3,5,14,1
xlmr,overall_non_hate,1,3,6,13,4
xlmr,overall_non_hate,1,3,7,12,3
xlmr,overall_non_hate,1,3,8,11,1
xlmr,overall_non_hate,1,3,9,10,1
xlmr,overall_non_hate,1,3,10,9,2
xlmr,overall_non_hate,1,3,11,8,2
xlmr,overall_non_hate,1,3,12,7,1
xlmr,overall_non_hate,1,4,1,17,4
xlmr,overall_non_hate,1,4,2,16,2
xlmr,overall_non_hate,1,4,3,15,2
xlmr,overall_non_hate,1,4,4,14,2
xlmr,overall_non_hate,1,4,5,13,1
xlmr,overall_non_hate,1,4,6,12,2
xlmr,overall_non_hate,1,4,7,11,2
xlmr,overall_non_hate,1,4,8,10,1
xlmr,overall_non_hate,1,5,1,16,6
xlmr,overall_non_hate,1,5,2,15,2
xlmr,overall_non_hate,1,5,3,14,1
xlmr,overall_non_hate,1,5,6,11,1
xlmr,overall_non_hate,1,5,7,10,1
xlmr,overall_non_hate,1,5,9,8,1
xlmr,overall_non_hate,1,5,11,6,1
xlmr,overall_non_hate,1,6,1,15,1
xlmr,overall_non_hate,1,6,2,14,4
xlmr,overall_non_hate,1,6,3,13,1
xlmr,overall_non_hate,1,6,4,12,2
xlmr,overall_non_hate,1,6,8,8,1
xlmr,overall_non_hate,1,7,1,14,3
xlmr,overall_non_hate,1,7,2,13,3
xlmr,overall_non_hate,1,8,0,14,1
xlmr,overall_non_hate,1,8,1,13,3
xlmr,overall_non_hate,1,8,3,11,2
xlmr,overall_non_hate,1,8,4,10,1
xlmr,overall_non_hate,1,9,1,12,1
xlmr,overall_non_hate,1,9,3,10,3
xlmr,overall_non_hate,1,10,1,11,5
xlmr,overall_non_hate,1,10,2,10,1
xlmr,overall_non_hate,1,10,4,8,2
xlmr,overall_non_hate,1,11,1,10,2
xlmr,overall_non_hate,1,11,2,9,1
xlmr,overall_non_hate,1,11,5,6,1
xlmr,overall_non_hate,1,12,1,9,1
xlmr,overall_non_hate,1,12,2,8,2
xlmr,overall_non_hate,1,12,5,5,1
xlmr,overall_non_hate,1,13,1,8,4
xlmr,overall_non_hate,1,13,2,7,1
xlmr,overall_non_hate,1,14,1,7,2
xlmr,overall_non_hate,1,14,2,6,1
xlmr,overall_non_hate,1,14,5,3,1
xlmr,overall_non_hate,1,15,1,6,1
xlmr,overall_non_hate,1,15,2,5,3
xlmr,overall_non_hate,1,16,0,6,1
xlmr,overall_non_hate,1,16,1,5,3
xlmr,overall_non_hate,1,17,0,5,1
xlmr,overall_non_hate,1,17,1,4,2
xlmr,overall_non_hate,1,18,0,4,1
xlmr,overall_non_hate,1,19,1,2,3
xlmr,overall_non_hate,1,19,2,1,1
xlmr,overall_non_hate,1,21,1,0,1
xlmr,overall_non_hate,1,22,0,0,2
xlmr,overall_non_hate,2,0,0,21,1
xlmr,overall_non_hate,2,0,4,17,1
xlmr,overall_non_hate,2,0,5,16,1
xlmr,overall_non_hate,2,0,6,15,2
xlmr,overall_non_hate,2,0,7,14,1
xlmr,overall_non_hate,2,0,8,13,1
xlmr,overall_non_hate,2,0,9,12,1
xlmr,overall_non_hate,2,0,10,11,2
xlmr,overall_non_hate,2,0,11,10,4
xlmr,overall_non_hate,2,0,12,9,3
xlmr,overall_non_hate,2,0,13,8,1
xlmr,overall_non_hate,2,0,14,7,3
xlmr,overall_non_hate,2,0,15,6,1
xlmr,overall_non_hate,2,0,16,5,3
xlmr,overall_non_hate,2,0,17,4,3
xlmr,overall_non_hate,2,0,18,3,3
xlmr,overall_non_hate,2,0,19,2,7
xlmr,overall_non_hate,2,0,20,1,5
xlmr,overall_non_hate,2,0,21,0,9
xlmr,overall_non_hate,2,1,4,16,1
xlmr,overall_non_hate,2,1,6,14,3
xlmr,overall_non_hate,2,1,7,13,3
xlmr,overall_non_hate,2,1,8,12,3
xlmr,overall_non_hate,2,1,9,11,6
xlmr,overall_non_hate,2,1,10,10,5
xlmr,overall_non_hate,2,1,11,9,2
xlmr,overall_non_hate,2,1,13,7,1
xlmr,overall_non_hate,2,1,14,6,4
xlmr,overall_non_hate,2,1,15,5,3
xlmr,overall_non_hate,2,1,19,1,3
xlmr,overall_non_hate,2,2,1,18,2
xlmr,overall_non_hate,2,2,3,16,1
xlmr,overall_non_hate,2,2,4,15,1
xlmr,overall_non_hate,2,2,5,14,1
xlmr,overall_non_hate,2,2,6,13,1
xlmr,overall_non_hate,2,2,7,12,1
xlmr,overall_non_hate,2,2,8,11,2
xlmr,overall_non_hate,2,2,9,10,1
xlmr,overall_non_hate,2,2,10,9,2
xlmr,overall_non_hate,2,2,12,7,1
xlmr,overall_non_hate,2,2,14,5,2
xlmr,overall_non_hate,2,2,15,4,1
xlmr,overall_non_hate,2,2,18,1,1
xlmr,overall_non_hate,2,3,0,18,2
xlmr,overall_non_hate,2,3,2,16,1
xlmr,overall_non_hate,2,3,3,15,1
xlmr,overall_non_hate,2,3,6,12,4
xlmr,overall_non_hate,2,3,7,11,2
xlmr,overall_non_hate,2,3,8,10,2
xlmr,overall_non_hate,2,3,11,7,1
xlmr,overall_non_hate,2,4,1,16,1
xlmr,overall_non_hate,2,4,3,14,2
xlmr,overall_non_hate,2,4,4,13,1
xlmr,overall_non_hate,2,4,5,12,2
xlmr,overall_non_hate,2,4,6,11,1
xlmr,overall_non_hate,2,4,8,9,2
xlmr,overall_non_hate,2,4,11,6,1
xlmr,overall_non_hate,2,5,1,15,1
xlmr,overall_non_hate,2,5,2,14,3
xlmr,overall_non_hate,2,5,4,12,2
xlmr,overall_non_hate,2,5,6,10,1
xlmr,overall_non_hate,2,5,7,9,1
xlmr,overall_non_hate,2,5,9,7,1
xlmr,overall_non_hate,2,5,12,4,1
xlmr,overall_non_hate,2,6,0,15,2
xlmr,overall_non_hate,2,6,1,14,1
xlmr,overall_non_hate,2,6,2,13,1
xlmr,overall_non_hate,2,6,5,10,1
xlmr,overall_non_hate,2,6,6,9,1
xlmr,overall_non_hate,2,6,7,8,1
xlmr,overall_non_hate,2,6,9,6,1
xlmr,overall_non_hate,2,7,1,13,2
xlmr,overall_non_hate,2,7,2,12,2
xlmr,overall_non_hate,2,7,3,11,2
xlmr,overall_non_hate,2,7,4,10,2
xlmr,overall_non_hate,2,7,6,8,1
xlmr,overall_non_hate,2,7,10,4,1
xlmr,overall_non_hate,2,8,0,13,1
xlmr,overall_non_hate,2,8,1,12,1
xlmr,overall_non_hate,2,8,2,11,2
xlmr,overall_non_hate,2,8,4,9,1
xlmr,overall_non_hate,2,9,0,12,2
xlmr,overall_non_hate,2,9,1,11,3
xlmr,overall_non_hate,2,9,2,10,3
xlmr,overall_non_hate,2,9,3,9,1
xlmr,overall_non_hate,2,9,4,8,1
xlmr,overall_non_hate,2,10,0,11,3
xlmr,overall_non_hate,2,10,1,10,4
xlmr,overall_non_hate,2,10,2,9,1
xlmr,overall_non_hate,2,10,3,8,1
xlmr,overall_non_hate,2,10,6,5,1
xlmr,overall_non_hate,2,11,0,10,3
xlmr,overall_non_hate,2,11,1,9,3
xlmr,overall_non_hate,2,11,2,8,2
xlmr,overall_non_hate,2,11,3,7,1
xlmr,overall_non_hate,2,12,0,9,1
xlmr,overall_non_hate,2,12,1,8,3
xlmr,overall_non_hate,2,12,3,6,2
xlmr,overall_non_hate,2,12,5,4,1
xlmr,overall_non_hate,2,13,0,8,3
xlmr,overall_non_hate,2,13,1,7,3
xlmr,overall_non_hate,2,13,2,6,1
xlmr,overall_non_hate,2,13,3,5,1
xlmr,overall_non_hate,2,14,0,7,3
xlmr,overall_non_hate,2,14,1,6,5
xlmr,overall_non_hate,2,14,2,5,2
xlmr,overall_non_hate,2,14,3,4,1
xlmr,overall_non_hate,2,14,4,3,1
xlmr,overall_non_hate,2,15,0,6,3
xlmr,overall_non_hate,2,15,1,5,3
xlmr,overall_non_hate,2,15,2,4,1
xlmr,overall_non_hate,2,16,0,5,2
xlmr,overall_non_hate,2,16,1,4,1
xlmr,overall_non_hate,2,17,0,4,3
xlmr,overall_non_hate,2,17,1,3,1
xlmr,overall_non_hate,2,18,0,3,1
xlmr,overall_non_hate,2,18,1,2,2
xlmr,overall_non_hate,2,18,2,1,1
xlmr,overall_non_hate,2,19,0,2,5
xlmr,overall_non_hate,2,19,1,1,2
xlmr,overall_non_hate,2,20,0,1,6
xlmr,overall_non_hate,2,21,0,0,19
xlmr,overall_non_hate,3,0,10,10,1
xlmr,overall_non_hate,3,0,11,9,1
xlmr,overall_non_hate,3,0,12,8,2
xlmr,overall_non_hate,3,0,13,7,1
xlmr,overall_non_hate,3,0,15,5,3
xlmr,overall_non_hate,3,0,16,4,3
xlmr,overall_non_hate,3,0,17,3,1
xlmr,overall_non_hate,3,0,18,2,6
xlmr,overall_non_hate,3,0,19,1,4
xlmr,overall_non_hate,3,0,20,0,3
xlmr,overall_non_hate,3,1,2,17,1
xlmr,overall_non_hate,3,1,5,14,2
xlmr,overall_non_hate,3,1,9,10,1
xlmr,overall_non_hate,3,1,10,9,3
xlmr,overall_non_hate,3,1,11,8,2
xlmr,overall_non_hate,3,1,12,7,2
xlmr,overall_non_hate,3,1,13,6,1
xlmr,overall_non_hate,3,1,14,5,2
xlmr,overall_non_hate,3,1,16,3,2
xlmr,overall_non_hate,3,2,6,12,1
xlmr,overall_non_hate,3,2,7,11,2
xlmr,overall_non_hate,3,2,8,10,1
xlmr,overall_non_hate,3,2,9,9,1
xlmr,overall_non_hate,3,2,11,7,2
xlmr,overall_non_hate,3,2,12,6,1
xlmr,overall_non_hate,3,2,13,5,1
xlmr,overall_non_hate,3,2,15,3,1
xlmr,overall_non_hate,3,3,3,14,1
xlmr,overall_non_hate,3,3,4,13,1
xlmr,overall_non_hate,3,3,5,12,3
xlmr,overall_non_hate,3,3,7,10,3
xlmr,overall_non_hate,3,3,9,8,4
xlmr,overall_non_hate,3,3,10,7,1
xlmr,overall_non_hate,3,3,12,5,2
xlmr,overall_non_hate,3,3,14,3,1
xlmr,overall_non_hate,3,4,3,13,1
xlmr,overall_non_hate,3,4,4,12,1
xlmr,overall_non_hate,3,4,5,11,1
xlmr,overall_non_hate,3,4,6,10,1
xlmr,overall_non_hate,3,4,7,9,1
xlmr,overall_non_hate,3,4,8,8,3
xlmr,overall_non_hate,3,4,9,7,1
xlmr,overall_non_hate,3,4,11,5,1
xlmr,overall_non_hate,3,5,0,15,1
xlmr,overall_non_hate,3,5,1,14,1
xlmr,overall_non_hate,3,5,3,12,1
xlmr,overall_non_hate,3,5,5,10,1
xlmr,overall_non_hate,3,5,6,9,1
xlmr,overall_non_hate,3,5,7,8,2
xlmr,overall_non_hate,3,5,9,6,2
xlmr,overall_non_hate,3,6,0,14,1
xlmr,overall_non_hate,3,6,1,13,1
xlmr,overall_non_hate,3,6,3,11,2
xlmr,overall_non_hate,3,6,5,9,1
xlmr,overall_non_hate,3,6,6,8,1
xlmr,overall_non_hate,3,6,9,5,1
xlmr,overall_non_hate,3,7,1,12,1
xlmr,overall_non_hate,3,7,2,11,1
xlmr,overall_non_hate,3,7,6,7,1
xlmr,overall_non_hate,3,7,7,6,1
xlmr,overall_non_hate,3,7,10,3,1
xlmr,overall_non_hate,3,8,0,12,1
xlmr,overall_non_hate,3,8,1,11,3
xlmr,overall_non_hate,3,8,2,10,4
xlmr,overall_non_hate,3,8,3,9,2
xlmr,overall_non_hate,3,8,4,8,2
xlmr,overall_non_hate,3,8,6,6,1
xlmr,overall_non_hate,3,9,0,11,2
xlmr,overall_non_hate,3,9,3,8,1
xlmr,overall_non_hate,3,10,0,10,2
xlmr,overall_non_hate,3,10,1,9,1
xlmr,overall_non_hate,3,10,2,8,1
xlmr,overall_non_hate,3,11,0,9,2
xlmr,overall_non_hate,3,11,1,8,2
xlmr,overall_non_hate,3,11,2,7,1
xlmr,overall_non_hate,3,11,3,6,1
xlmr,overall_non_hate,3,12,0,8,1
xlmr,overall_non_hate,3,12,2,6,1
xlmr,overall_non_hate,3,13,0,7,3
xlmr,overall_non_hate,3,13,1,6,4
xlmr,overall_non_hate,3,13,2,5,2
xlmr,overall_non_hate,3,14,0,6,2
xlmr,overall_non_hate,3,14,1,5,2
xlmr,overall_non_hate,3,14,2,4,1
xlmr,overall_non_hate,3,14,3,3,1
xlmr,overall_non_hate,3,15,0,5,2
xlmr,overall_non_hate,3,16,0,4,6
xlmr,overall_non_hate,3,16,1,3,1
xlmr,overall_non_hate,3,17,0,3,2
xlmr,overall_non_hate,3,17,1,2,2
xlmr,overall_non_hate,3,18,0,2,8
xlmr,overall_non_hate,3,18,1,1,2
xlmr,overall_non_hate,3,19,0,1,7
xlmr,overall_non_hate,3,19,1,0,2
xlmr,overall_non_hate,3,20,0,0,21
xlmr,overall_non_hate,4,0,4,15,1
xlmr,overall_non_hate,4,0,6,13,1
xlmr,overall_non_hate,4,0,9,10,1
xlmr,overall_non_hate,4,0,11,8,1
xlmr,overall_non_hate,4,0,12,7,3
xlmr,overall_non_hate,4,0,13,6,3
xlmr,overall_non_hate,4,0,14,5,1
xlmr,overall_non_hate,4,0,16,3,2
xlmr,overall_non_hate,4,0,17,2,3
xlmr,overall_non_hate,4,0,18,1,8
xlmr,overall_non_hate,4,0,19,0,8
xlmr,overall_non_hate,4,1,7,11,1
xlmr,overall_non_hate,4,1,9,9,4
xlmr,overall_non_hate,4,1,10,8,3
xlmr,overall_non_hate,4,1,11,7,1
xlmr,overall_non_hate,4,1,12,6,2
xlmr,overall_non_hate,4,1,14,4,3
xlmr,overall_non_hate,4,1,15,3,1
xlmr,overall_non_hate,4,1,16,2,1
xlmr,overall_non_hate,4,1,17,1,1
xlmr,overall_non_hate,4,1,18,0,3
xlmr,overall_non_hate,4,2,5,12,2
xlmr,overall_non_hate,4,2,6,11,2
xlmr,overall_non_hate,4,2,8,9,1
xlmr,overall_non_hate,4,2,9,8,2
xlmr,overall_non_hate,4,2,10,7,1
xlmr,overall_non_hate,4,2,11,6,1
xlmr,overall_non_hate,4,2,12,5,2
xlmr,overall_non_hate,4,2,14,3,2
xlmr,overall_non_hate,4,2,15,2,1
xlmr,overall_non_hate,4,3,3,13,1
xlmr,overall_non_hate,4,3,4,12,2
xlmr,overall_non_hate,4,3,6,10,1
xlmr,overall_non_hate,4,3,7,9,3
xlmr,overall_non_hate,4,3,9,7,1
xlmr,overall_non_hate,4,3,11,5,2
xlmr,overall_non_hate,4,3,12,4,1
xlmr,overall_non_hate,4,4,1,14,1
xlmr,overall_non_hate,4,4,3,12,1
xlmr,overall_non_hate,4,4,4,11,1
xlmr,overall_non_hate,4,4,6,9,2
xlmr,overall_non_hate,4,4,7,8,2
xlmr,overall_non_hate,4,4,8,7,1
xlmr,overall_non_hate,4,4,10,5,1
xlmr,overall_non_hate,4,4,12,3,1
xlmr,overall_non_hate,4,5,1,13,1
xlmr,overall_non_hate,4,5,2,12,1
xlmr,overall_non_hate,4,5,3,11,1
xlmr,overall_non_hate,4,5,4,10,2
xlmr,overall_non_hate,4,5,10,4,1
xlmr,overall_non_hate,4,6,3,10,2
xlmr,overall_non_hate,4,6,5,8,1
xlmr,overall_non_hate,4,7,1,11,2
xlmr,overall_non_hate,4,8,1,10,1
xlmr,overall_non_hate,4,8,3,8,1
xlmr,overall_non_hate,4,8,4,7,2
xlmr,overall_non_hate,4,10,0,9,1
xlmr,overall_non_hate,4,10,1,8,3
xlmr,overall_non_hate,4,10,3,6,1
xlmr,overall_non_hate,4,11,0,8,1
xlmr,overall_non_hate,4,11,1,7,1
xlmr,overall_non_hate,4,11,2,6,1
xlmr,overall_non_hate,4,11,4,4,1
xlmr,overall_non_hate,4,12,0,7,2
xlmr,overall_non_hate,4,12,2,5,1
xlmr,overall_non_hate,4,13,0,6,1
xlmr,overall_non_hate,4,13,1,5,4
xlmr,overall_non_hate,4,13,2,4,1
xlmr,overall_non_hate,4,13,3,3,1
xlmr,overall_non_hate,4,14,0,5,1
xlmr,overall_non_hate,4,15,0,4,1
xlmr,overall_non_hate,4,15,1,3,2
xlmr,overall_non_hate,4,15,2,2,1
xlmr,overall_non_hate,4,16,0,3,1
xlmr,overall_non_hate,4,16,1,2,2
xlmr,overall_non_hate,4,17,0,2,5
xlmr,overall_non_hate,4,17,2,0,1
xlmr,overall_non_hate,4,18,0,1,11
xlmr,overall_non_hate,4,18,1,0,2
xlmr,overall_non_hate,4,19,0,0,18
xlmr,overall_non_hate,5,0,9,9,1
xlmr,overall_non_hate,5,0,10,8,1
xlmr,overall_non_hate,5,0,11,7,1
xlmr,overall_non_hate,5,0,12,6,2
xlmr,overall_non_hate,5,0,13,5,4
xlmr,overall_non_hate,5,0,15,3,2
xlmr,overall_non_hate,5,0,16,2,3
xlmr,overall_non_hate,5,0,17,1,3
xlmr,overall_non_hate,5,0,18,0,4
xlmr,overall_non_hate,5,1,7,10,1
xlmr,overall_non_hate,5,1,8,9,3
xlmr,overall_non_hate,5,1,9,8,1
xlmr,overall_non_hate,5,1,10,7,1
xlmr,overall_non_hate,5,1,11,6,1
xlmr,overall_non_hate,5,1,13,4,1
xlmr,overall_non_hate,5,1,15,2,2
xlmr,overall_non_hate,5,1,16,1,1
xlmr,overall_non_hate,5,1,17,0,3
xlmr,overall_non_hate,5,2,3,13,1
xlmr,overall_non_hate,5,2,5,11,1
xlmr,overall_non_hate,5,2,7,9,1
xlmr,overall_non_hate,5,2,8,8,3
xlmr,overall_non_hate,5,2,11,5,2
xlmr,overall_non_hate,5,2,13,3,1
xlmr,overall_non_hate,5,2,14,2,2
xlmr,overall_non_hate,5,3,9,6,1
xlmr,overall_non_hate,5,3,11,4,1
xlmr,overall_non_hate,5,3,12,3,1
xlmr,overall_non_hate,5,3,13,2,1
xlmr,overall_non_hate,5,3,15,0,1
xlmr,overall_non_hate,5,4,4,10,1
xlmr,overall_non_hate,5,4,6,8,2
xlmr,overall_non_hate,5,4,7,7,1
xlmr,overall_non_hate,5,4,9,5,2
xlmr,overall_non_hate,5,4,11,3,1
xlmr,overall_non_hate,5,4,12,2,1
xlmr,overall_non_hate,5,5,3,10,2
xlmr,overall_non_hate,5,5,4,9,1
xlmr,overall_non_hate,5,5,6,7,3
xlmr,overall_non_hate,5,5,7,6,1
xlmr,overall_non_hate,5,5,11,2,1
xlmr,overall_non_hate,5,5,12,1,1
xlmr,overall_non_hate,5,6,0,12,1
xlmr,overall_non_hate,5,6,4,8,1
xlmr,overall_non_hate,5,6,6,6,1
xlmr,overall_non_hate,5,6,7,5,1
xlmr,overall_non_hate,5,7,0,11,1
xlmr,overall_non_hate,5,7,1,10,1
xlmr,overall_non_hate,5,7,2,9,2
xlmr,overall_non_hate,5,7,3,8,1
xlmr,overall_non_hate,5,7,4,7,1
xlmr,overall_non_hate,5,7,5,6,2
xlmr,overall_non_hate,5,7,7,4,1
xlmr,overall_non_hate,5,8,1,9,2
xlmr,overall_non_hate,5,8,3,7,1
xlmr,overall_non_hate,5,8,4,6,1
xlmr,overall_non_hate,5,9,1,8,1
xlmr,overall_non_hate,5,9,2,7,1
xlmr,overall_non_hate,5,10,1,7,2
xlmr,overall_non_hate,5,10,4,4,2
xlmr,overall_non_hate,5,11,1,6,1
xlmr,overall_non_hate,5,12,0,6,1
xlmr,overall_non_hate,5,12,1,5,1
xlmr,overall_non_hate,5,12,2,4,3
xlmr,overall_non_hate,5,12,3,3,2
xlmr,overall_non_hate,5,13,0,5,1
xlmr,overall_non_hate,5,13,1,4,2
xlmr,overall_non_hate,5,13,2,3,1
xlmr,overall_non_hate,5,14,0,4,1
xlmr,overall_non_hate,5,14,2,2,2
xlmr,overall_non_hate,5,15,0,3,2
xlmr,overall_non_hate,5,15,1,2,3
xlmr,overall_non_hate,5,16,0,2,4
xlmr,overall_non_hate,5,16,1,1,1
xlmr,overall_non_hate,5,17,0,1,11
xlmr,overall_non_hate,5,18,0,0,26
xlmr,overall_non_hate,6,0,11,6,2
xlmr,overall_non_hate,6,0,12,5,1
xlmr,overall_non_hate,6,0,13,4,1
xlmr,overall_non_hate,6,0,14,3,1
xlmr,overall_non_hate,6,0,15,2,1
xlmr,overall_non_hate,6,0,16,1,3
xlmr,overall_non_hate,6,0,17,0,8
xlmr,overall_non_hate,6,1,5,11,1
xlmr,overall_non_hate,6,1,9,7,2
xlmr,overall_non_hate,6,1,10,6,1
xlmr,overall_non_hate,6,1,11,5,2
xlmr,overall_non_hate,6,1,12,4,1
xlmr,overall_non_hate,6,1,14,2,2
xlmr,overall_non_hate,6,1,15,1,3
xlmr,overall_non_hate,6,1,16,0,1
xlmr,overall_non_hate,6,2,4,11,1
xlmr,overall_non_hate,6,2,9,6,1
xlmr,overall_non_hate,6,2,10,5,2
xlmr,overall_non_hate,6,2,13,2,1
xlmr,overall_non_hate,6,2,15,0,3
xlmr,overall_non_hate,6,3,3,11,1
xlmr,overall_non_hate,6,3,6,8,2
xlmr,overall_non_hate,6,3,7,7,3
xlmr,overall_non_hate,6,3,9,5,3
xlmr,overall_non_hate,6,3,10,4,1
xlmr,overall_non_hate,6,3,11,3,1
xlmr,overall_non_hate,6,3,12,2,1
xlmr,overall_non_hate,6,4,3,10,1
xlmr,overall_non_hate,6,4,4,9,1
xlmr,overall_non_hate,6,4,6,7,1
xlmr,overall_non_hate,6,4,7,6,1
xlmr,overall_non_hate,6,4,8,5,1
xlmr,overall_non_hate,6,4,9,4,1
xlmr,overall_non_hate,6,4,11,2,1
xlmr,overall_non_hate,6,5,5,7,2
xlmr,overall_non_hate,6,5,7,5,2
xlmr,overall_non_hate,6,5,8,4,1
xlmr,overall_non_hate,6,5,9,3,1
xlmr,overall_non_hate,6,6,4,7,1
xlmr,overall_non_hate,6,6,5,6,1
xlmr,overall_non_hate,6,6,6,5,2
xlmr,overall_non_hate,6,6,9,2,1
xlmr,overall_non_hate,6,7,1,9,2
xlmr,overall_non_hate,6,7,2,8,2
xlmr,overall_non_hate,6,7,6,4,1
xlmr,overall_non_hate,6,8,3,6,1
xlmr,overall_non_hate,6,8,4,5,1
xlmr,overall_non_hate,6,9,0,8,1
xlmr,overall_non_hate,6,9,5,3,2
xlmr,overall_non_hate,6,10,0,7,2
xlmr,overall_non_hate,6,10,2,5,2
xlmr,overall_non_hate,6,10,4,3,1
xlmr,overall_non_hate,6,11,1,5,1
xlmr,overall_non_hate,6,11,6,0,1
xlmr,overall_non_hate,6,12,0,5,1
xlmr,overall_non_hate,6,12,1,4,3
xlmr,overall_non_hate,6,12,2,3,1
xlmr,overall_non_hate,6,12,3,2,1
xlmr,overall_non_hate,6,12,4,1,1
xlmr,overall_non_hate,6,13,0,4,4
xlmr,overall_non_hate,6,13,1,3,4
xlmr,overall_non_hate,6,14,0,3,4
xlmr,overall_non_hate,6,14,1,2,1
xlmr,overall_non_hate,6,15,0,2,6
xlmr,overall_non_hate,6,15,1,1,2
xlmr,overall_non_hate,6,15,2,0,1
xlmr,overall_non_hate,6,16,0,1,7
xlmr,overall_non_hate,6,16,1,0,4
xlmr,overall_non_hate,6,17,0,0,24
xlmr,overall_non_hate,7,0,13,3,1
xlmr,overall_non_hate,7,0,14,2,4
xlmr,overall_non_hate,7,0,15,1,1
xlmr,overall_non_hate,7,0,16,0,7
xlmr,overall_non_hate,7,1,6,9,1
xlmr,overall_non_hate,7,1,8,7,1
xlmr,overall_non_hate,7,1,11,4,2
xlmr,overall_non_hate,7,1,12,3,1
xlmr,overall_non_hate,7,1,13,2,2
xlmr,overall_non_hate,7,1,14,1,2
xlmr,overall_non_hate,7,1,15,0,3
xlmr,overall_non_hate,7,2,8,6,3
xlmr,overall_non_hate,7,2,9,5,1
xlmr,overall_non_hate,7,2,10,4,1
xlmr,overall_non_hate,7,2,11,3,1
xlmr,overall_non_hate,7,2,12,2,3
xlmr,overall_non_hate,7,2,13,1,2
xlmr,overall_non_hate,7,2,14,0,1
xlmr,overall_non_hate,7,3,4,9,1
xlmr,overall_non_hate,7,3,6,7,2
xlmr,overall_non_hate,7,3,7,6,2
xlmr,overall_non_hate,7,3,8,5,1
xlmr,overall_non_hate,7,3,9,4,1
xlmr,overall_non_hate,7,3,10,3,1
xlmr,overall_non_hate,7,3,13,0,1
xlmr,overall_non_hate,7,4,4,8,1
xlmr,overall_non_hate,7,4,5,7,1
xlmr,overall_non_hate,7,4,6,6,4
xlmr,overall_non_hate,7,5,1,10,1
xlmr,overall_non_hate,7,5,5,6,1
xlmr,overall_non_hate,7,5,6,5,3
xlmr,overall_non_hate,7,6,1,9,1
xlmr,overall_non_hate,7,6,5,5,1
xlmr,overall_non_hate,7,6,7,3,1
xlmr,overall_non_hate,7,7,2,7,1
xlmr,overall_non_hate,7,7,4,5,2
xlmr,overall_non_hate,7,7,6,3,1
xlmr,overall_non_hate,7,7,8,1,1
xlmr,overall_non_hate,7,8,1,7,1
xlmr,overall_non_hate,7,8,3,5,1
xlmr,overall_non_hate,7,8,4,4,1
xlmr,overall_non_hate,7,8,5,3,1
xlmr,overall_non_hate,7,8,6,2,1
xlmr,overall_non_hate,7,9,1,6,2
xlmr,overall_non_hate,7,9,3,4,3
xlmr,overall_non_hate,7,9,6,1,1
xlmr,overall_non_hate,7,10,0,6,1
xlmr,overall_non_hate,7,10,1,5,3
xlmr,overall_non_hate,7,10,3,3,2
xlmr,overall_non_hate,7,11,0,5,2
xlmr,overall_non_hate,7,11,1,4,3
xlmr,overall_non_hate,7,11,2,3,3
xlmr,overall_non_hate,7,11,3,2,1
xlmr,overall_non_hate,7,12,0,4,1
xlmr,overall_non_hate,7,12,1,3,1
xlmr,overall_non_hate,7,12,2,2,1
xlmr,overall_non_hate,7,12,3,1,1
xlmr,overall_non_hate,7,13,0,3,4
xlmr,overall_non_hate,7,13,1,2,2
xlmr,overall_non_hate,7,13,2,1,1
xlmr,overall_non_hate,7,14,0,2,3
xlmr,overall_non_hate,7,14,2,0,2
xlmr,overall_non_hate,7,15,0,1,6
xlmr,overall_non_hate,7,15,1,0,3
xlmr,overall_non_hate,7,16,0,0,22
xlmr,overall_non_hate,8,0,11,4,2
xlmr,overall_non_hate,8,0,12,3,2
xlmr,overall_non_hate,8,0,13,2,2
xlmr,overall_non_hate,8,0,14,1,2
xlmr,overall_non_hate,8,0,15,0,15
xlmr,overall_non_hate,8,1,9,5,1
xlmr,overall_non_hate,8,1,10,4,1
xlmr,overall_non_hate,8,1,11,3,3
xlmr,overall_non_hate,8,1,12,2,2
xlmr,overall_non_hate,8,1,13,1,1
xlmr,overall_non_hate,8,1,14,0,2
xlmr,overall_non_hate,8,2,4,9,1
xlmr,overall_non_hate,8,2,8,5,3
xlmr,overall_non_hate,8,2,9,4,1
xlmr,overall_non_hate,8,2,10,3,1
xlmr,overall_non_hate,8,2,11,2,1
xlmr,overall_non_hate,8,2,12,1,2
xlmr,overall_non_hate,8,3,1,11,1
xlmr,overall_non_hate,8,3,5,7,1
xlmr,overall_non_hate,8,3,6,6,2
xlmr,overall_non_hate,8,3,7,5,2
xlmr,overall_non_hate,8,3,9,3,1
xlmr,overall_non_hate,8,3,10,2,2
xlmr,overall_non_hate,8,4,4,7,1
xlmr,overall_non_hate,8,4,7,4,1
xlmr,overall_non_hate,8,4,8,3,2
xlmr,overall_non_hate,8,4,9,2,1
xlmr,overall_non_hate,8,4,10,1,1
xlmr,overall_non_hate,8,5,5,5,2
xlmr,overall_non_hate,8,5,6,4,1
xlmr,overall_non_hate,8,5,7,3,1
xlmr,overall_non_hate,8,6,2,7,1
xlmr,overall_non_hate,8,6,3,6,1
xlmr,overall_non_hate,8,6,4,5,1
xlmr,overall_non_hate,8,6,5,4,3
xlmr,overall_non_hate,8,6,6,3,1
xlmr,overall_non_hate,8,6,7,2,1
xlmr,overall_non_hate,8,7,1,7,1
xlmr,overall_non_hate,8,7,2,6,1
xlmr,overall_non_hate,8,7,4,4,1
xlmr,overall_non_hate,8,7,5,3,2
xlmr,overall_non_hate,8,7,6,2,1
xlmr,overall_non_hate,8,8,4,3,2
xlmr,overall_non_hate,8,8,5,2,1
xlmr,overall_non_hate,8,9,1,5,2
xlmr,overall_non_hate,8,9,2,4,1
xlmr,overall_non_hate,8,9,3,3,2
xlmr,overall_non_hate,8,10,0,5,1
xlmr,overall_non_hate,8,10,1,4,1
xlmr,overall_non_hate,8,10,2,3,3
xlmr,overall_non_hate,8,10,3,2,1
xlmr,overall_non_hate,8,11,0,4,2
xlmr,overall_non_hate,8,11,1,3,1
xlmr,overall_non_hate,8,11,2,2,1
xlmr,overall_non_hate,8,12,0,3,2
xlmr,overall_non_hate,8,12,1,2,2
xlmr,overall_non_hate,8,13,0,2,3
xlmr,overall_non_hate,8,13,1,1,1
xlmr,overall_non_hate,8,14,0,1,3
xlmr,overall_non_hate,8,14,1,0,3
xlmr,overall_non_hate,8,15,0,0,21
xlmr,overall_non_hate,9,0,10,4,1
xlmr,overall_non_hate,9,0,11,3,2
xlmr,overall_non_hate,9,0,12,2,3
xlmr,overall_non_hate,9,0,13,1,6
xlmr,overall_non_hate,9,0,14,0,12
xlmr,overall_non_hate,9,1,10,3,1
xlmr,overall_non_hate,9,1,11,2,1
xlmr,overall_non_hate,9,1,12,1,1
xlmr,overall_non_hate,9,1,13,0,3
xlmr,overall_non_hate,9,2,5,7,1
xlmr,overall_non_hate,9,2,7,5,2
xlmr,overall_non_hate,9,2,8,4,2
xlmr,overall_non_hate,9,2,9,3,1
xlmr,overall_non_hate,9,2,10,2,1
xlmr,overall_non_hate,9,2,11,1,2
xlmr,overall_non_hate,9,3,4,7,1
xlmr,overall_non_hate,9,3,5,6,1
xlmr,overall_non_hate,9,3,7,4,1
xlmr,overall_non_hate,9,3,8,3,2
xlmr,overall_non_hate,9,3,9,2,2
xlmr,overall_non_hate,9,3,10,1,1
xlmr,overall_non_hate,9,3,11,0,3
xlmr,overall_non_hate,9,4,8,2,1
xlmr,overall_non_hate,9,4,9,1,1
xlmr,overall_non_hate,9,4,10,0,1
xlmr,overall_non_hate,9,5,4,5,1
xlmr,overall_non_hate,9,5,6,3,1
xlmr,overall_non_hate,9,6,4,4,1
xlmr,overall_non_hate,9,6,5,3,1
xlmr,overall_non_hate,9,6,7,1,2
xlmr,overall_non_hate,9,7,1,6,1
xlmr,overall_non_hate,9,7,3,4,3
xlmr,overall_non_hate,9,7,5,2,1
xlmr,overall_non_hate,9,7,6,1,1
xlmr,overall_non_hate,9,8,1,5,1
xlmr,overall_non_hate,9,8,2,4,1
xlmr,overall_non_hate,9,8,3,3,1
xlmr,overall_non_hate,9,8,4,2,1
xlmr,overall_non_hate,9,8,5,1,1
xlmr,overall_non_hate,9,9,0,5,1
xlmr,overall_non_hate,9,9,1,4,1
xlmr,overall_non_hate,9,9,2,3,1
xlmr,overall_non_hate,9,9,5,0,1
xlmr,overall_non_hate,9,10,1,3,1
xlmr,overall_non_hate,9,10,2,2,1
xlmr,overall_non_hate,9,11,0,3,2
xlmr,overall_non_hate,9,11,1,2,3
xlmr,overall_non_hate,9,11,2,1,2
xlmr,overall_non_hate,9,11,3,0,1
xlmr,overall_non_hate,9,12,0,2,4
xlmr,overall_non_hate,9,12,1,1,2
xlmr,overall_non_hate,9,13,0,1,5
xlmr,overall_non_hate,9,13,1,0,3
xlmr,overall_non_hate,9,14,0,0,29
xlmr,overall_non_hate,10,0,11,2,1
xlmr,overall_non_hate,10,0,12,1,1
xlmr,overall_non_hate,10,0,13,0,16
xlmr,overall_non_hate,10,1,7,5,1
xlmr,overall_non_hate,10,1,8,4,1
xlmr,overall_non_hate,10,1,10,2,2
xlmr,overall_non_hate,10,1,11,1,4
xlmr,overall_non_hate,10,1,12,0,6
xlmr,overall_non_hate,10,2,6,5,2
xlmr,overall_non_hate,10,2,7,4,1
xlmr,overall_non_hate,10,2,8,3,1
xlmr,overall_non_hate,10,2,9,2,2
xlmr,overall_non_hate,10,2,10,1,1
xlmr,overall_non_hate,10,3,6,4,1
xlmr,overall_non_hate,10,3,7,3,2
xlmr,overall_non_hate,10,3,8,2,2
xlmr,overall_non_hate,10,3,9,1,1
xlmr,overall_non_hate,10,3,10,0,1
xlmr,overall_non_hate,10,4,2,7,1
xlmr,overall_non_hate,10,4,6,3,1
xlmr,overall_non_hate,10,4,7,2,2
xlmr,overall_non_hate,10,4,8,1,1
xlmr,overall_non_hate,10,5,2,6,1
xlmr,overall_non_hate,10,5,3,5,1
xlmr,overall_non_hate,10,5,4,4,3
xlmr,overall_non_hate,10,5,5,3,1
xlmr,overall_non_hate,10,5,6,2,1
xlmr,overall_non_hate,10,6,3,4,1
xlmr,overall_non_hate,10,6,4,3,1
xlmr,overall_non_hate,10,7,1,5,2
xlmr,overall_non_hate,10,7,2,4,3
xlmr,overall_non_hate,10,7,3,3,1
xlmr,overall_non_hate,10,7,4,2,1
xlmr,overall_non_hate,10,8,0,5,1
xlmr,overall_non_hate,10,8,1,4,1
xlmr,overall_non_hate,10,8,2,3,1
xlmr,overall_non_hate,10,8,3,2,1
xlmr,overall_non_hate,10,8,4,1,2
xlmr,overall_non_hate,10,8,5,0,1
xlmr,overall_non_hate,10,9,0,4,1
xlmr,overall_non_hate,10,9,1,3,1
xlmr,overall_non_hate,10,9,2,2,2
xlmr,overall_non_hate,10,9,3,1,1
xlmr,overall_non_hate,10,10,0,3,1
xlmr,overall_non_hate,10,10,2,1,1
xlmr,overall_non_hate,10,10,3,0,2
xlmr,overall_non_hate,10,11,0,2,2
xlmr,overall_non_hate,10,11,1,1,3
xlmr,overall_non_hate,10,12,0,1,3
xlmr,overall_non_hate,10,12,1,0,2
xlmr,overall_non_hate,10,13,0,0,40
xlmr,overall_non_hate,11,0,7,5,1
xlmr,overall_non_hate,11,0,9,3,1
xlmr,overall_non_hate,11,0,10,2,3
xlmr,overall_non_hate,11,0,11,1,1
xlmr,overall_non_hate,11,0,12,0,10
xlmr,overall_non_hate,11,1,7,4,1
xlmr,overall_non_hate,11,1,9,2,2
xlmr,overall_non_hate,11,1,10,1,6
xlmr,overall_non_hate,11,1,11,0,2
xlmr,overall_non_hate,11,2,7,3,1
xlmr,overall_non_hate,11,2,8,2,2
xlmr,overall_non_hate,11,2,10,0,2
xlmr,overall_non_hate,11,3,4,5,2
xlmr,overall_non_hate,11,3,5,4,4
xlmr,overall_non_hate,11,3,6,3,1
xlmr,overall_non_hate,11,3,7,2,4
xlmr,overall_non_hate,11,4,4,4,1
xlmr,overall_non_hate,11,4,5,3,1
xlmr,overall_non_hate,11,4,6,2,4
xlmr,overall_non_hate,11,4,8,0,5
xlmr,overall_non_hate,11,5,0,7,1
xlmr,overall_non_hate,11,5,4,3,1
xlmr,overall_non_hate,11,5,6,1,2
xlmr,overall_non_hate,11,6,2,4,3
xlmr,overall_non_hate,11,6,3,3,2
xlmr,overall_non_hate,11,6,4,2,3
xlmr,overall_non_hate,11,6,5,1,1
xlmr,overall_non_hate,11,7,3,2,1
xlmr,overall_non_hate,11,7,4,1,2
xlmr,overall_non_hate,11,8,1,3,2
xlmr,overall_non_hate,11,8,2,2,4
xlmr,overall_non_hate,11,8,3,1,2
xlmr,overall_non_hate,11,9,0,3,4
xlmr,overall_non_hate,11,9,1,2,2
xlmr,overall_non_hate,11,9,2,1,1
xlmr,overall_non_hate,11,10,0,2,2
xlmr,overall_non_hate,11,10,1,1,5
xlmr,overall_non_hate,11,10,2,0,1
xlmr,overall_non_hate,11,11,0,1,8
xlmr,overall_non_hate,11,11,1,0,6
xlmr,overall_non_hate,11,12,0,0,33
xlmr,overall_non_hate,12,0,7,4,1
xlmr,overall_non_hate,12,0,10,1,2
xlmr,overall_non_hate,12,0,11,0,10
xlmr,overall_non_hate,12,1,6,4,1
xlmr,overall_non_hate,12,1,7,3,2
xlmr,overall_non_hate,12,1,9,1,1
xlmr,overall_non_hate,12,1,10,0,4
xlmr,overall_non_hate,12,2,4,5,1
xlmr,overall_non_hate,12,2,6,3,1
xlmr,overall_non_hate,12,2,7,2,3
xlmr,overall_non_hate,12,2,8,1,1
xlmr,overall_non_hate,12,2,9,0,5
xlmr,overall_non_hate,12,3,3,5,1
xlmr,overall_non_hate,12,3,4,4,1
xlmr,overall_non_hate,12,3,5,3,3
xlmr,overall_non_hate,12,3,6,2,1
xlmr,overall_non_hate,12,3,7,1,1
xlmr,overall_non_hate,12,3,8,0,1
xlmr,overall_non_hate,12,4,3,4,2
xlmr,overall_non_hate,12,4,4,3,1
xlmr,overall_non_hate,12,4,5,2,1
xlmr,overall_non_hate,12,4,6,1,4
xlmr,overall_non_hate,12,4,7,0,1
xlmr,overall_non_hate,12,5,4,2,1
xlmr,overall_non_hate,12,5,5,1,1
xlmr,overall_non_hate,12,6,2,3,2
xlmr,overall_non_hate,12,6,3,2,2
xlmr,overall_non_hate,12,6,4,1,1
xlmr,overall_non_hate,12,6,5,0,2
xlmr,overall_non_hate,12,7,0,4,1
xlmr,overall_non_hate,12,7,1,3,2
xlmr,overall_non_hate,12,7,2,2,2
xlmr,overall_non_hate,12,7,3,1,1
xlmr,overall_non_hate,12,8,0,3,2
xlmr,overall_non_hate,12,8,1,2,2
xlmr,overall_non_hate,12,8,2,1,2
xlmr,overall_non_hate,12,8,3,0,1
xlmr,overall_non_hate,12,9,0,2,1
xlmr,overall_non_hate,12,9,1,1,3
xlmr,overall_non_hate,12,9,2,0,4
xlmr,overall_non_hate,12,10,0,1,7
xlmr,overall_non_hate,12,10,1,0,4
xlmr,overall_non_hate,12,11,0,0,46
xlmr,overall_non_hate,13,0,8,2,3
xlmr,overall_non_hate,13,0,9,1,3
xlmr,overall_non_hate,13,0,10,0,18
xlmr,overall_non_hate,13,1,6,3,1
xlmr,overall_non_hate,13,1,7,2,4
xlmr,overall_non_hate,13,1,8,1,1
xlmr,overall_non_hate,13,1,9,0,4
xlmr,overall_non_hate,13,2,4,4,1
xlmr,overall_non_hate,13,2,5,3,1
xlmr,overall_non_hate,13,2,6,2,1
xlmr,overall_non_hate,13,2,7,1,5
xlmr,overall_non_hate,13,2,8,0,1
xlmr,overall_non_hate,13,3,4,3,3
xlmr,overall_non_hate,13,3,6,1,5
xlmr,overall_non_hate,13,3,7,0,2
xlmr,overall_non_hate,13,4,3,3,1
xlmr,overall_non_hate,13,4,4,2,1
xlmr,overall_non_hate,13,4,5,1,2
xlmr,overall_non_hate,13,4,6,0,1
xlmr,overall_non_hate,13,5,2,3,2
xlmr,overall_non_hate,13,5,3,2,2
xlmr,overall_non_hate,13,5,4,1,1
xlmr,overall_non_hate,13,6,3,1,2
xlmr,overall_non_hate,13,6,4,0,1
xlmr,overall_non_hate,13,7,1,2,3
xlmr,overall_non_hate,13,7,2,1,3
xlmr,overall_non_hate,13,7,3,0,1
xlmr,overall_non_hate,13,8,0,2,4
xlmr,overall_non_hate,13,8,1,1,6
xlmr,overall_non_hate,13,8,2,0,3
xlmr,overall_non_hate,13,9,0,1,5
xlmr,overall_non_hate,13,9,1,0,6
xlmr,overall_non_hate,13,10,0,0,38
xlmr,overall_non_hate,14,0,7,2,1
xlmr,overall_non_hate,14,0,8,1,1
xlmr,overall_non_hate,14,0,9,0,10
xlmr,overall_non_hate,14,1,7,1,2
xlmr,overall_non_hate,14,1,8,0,11
xlmr,overall_non_hate,14,2,4,3,2
xlmr,overall_non_hate,14,2,5,2,3
xlmr,overall_non_hate,14,2,6,1,3
xlmr,overall_non_hate,14,3,3,3,3
xlmr,overall_non_hate,14,3,4,2,1
xlmr,overall_non_hate,14,3,5,1,3
xlmr,overall_non_hate,14,3,6,0,1
xlmr,overall_non_hate,14,4,1,4,1
xlmr,overall_non_hate,14,4,2,3,3
xlmr,overall_non_hate,14,4,3,2,2
xlmr,overall_non_hate,14,4,4,1,1
xlmr,overall_non_hate,14,4,5,0,3
xlmr,overall_non_hate,14,5,3,1,5
xlmr,overall_non_hate,14,5,4,0,1
xlmr,overall_non_hate,14,6,1,2,2
xlmr,overall_non_hate,14,6,2,1,4
xlmr,overall_non_hate,14,6,3,0,2
xlmr,overall_non_hate,14,7,0,2,1
xlmr,overall_non_hate,14,7,1,1,1
xlmr,overall_non_hate,14,7,2,0,3
xlmr,overall_non_hate,14,8,0,1,4
xlmr,overall_non_hate,14,8,1,0,5
xlmr,overall_non_hate,14,9,0,0,40
xlmr,overall_non_hate,15,0,6,2,1
xlmr,overall_non_hate,15,0,7,1,1
xlmr,overall_non_hate,15,0,8,0,17
xlmr,overall_non_hate,15,1,1,6,1
xlmr,overall_non_hate,15,1,2,5,1
xlmr,overall_non_hate,15,1,4,3,1
xlmr,overall_non_hate,15,1,6,1,3
xlmr,overall_non_hate,15,1,7,0,6
xlmr,overall_non_hate,15,2,5,1,4
xlmr,overall_non_hate,15,2,6,0,5
xlmr,overall_non_hate,15,3,2,3,2
xlmr,overall_non_hate,15,3,3,2,4
xlmr,overall_non_hate,15,3,4,1,3
xlmr,overall_non_hate,15,3,5,0,5
xlmr,overall_non_hate,15,4,2,2,1
xlmr,overall_non_hate,15,4,3,1,4
xlmr,overall_non_hate,15,4,4,0,5
xlmr,overall_non_hate,15,5,1,2,1
xlmr,overall_non_hate,15,5,2,1,3
xlmr,overall_non_hate,15,5,3,0,4
xlmr,overall_non_hate,15,6,0,2,1
xlmr,overall_non_hate,15,6,1,1,6
xlmr,overall_non_hate,15,6,2,0,2
xlmr,overall_non_hate,15,7,0,1,4
xlmr,overall_non_hate,15,7,1,0,7
xlmr,overall_non_hate,15,8,0,0,62
xlmr,overall_non_hate,16,0,6,1,2
xlmr,overall_non_hate,16,0,7,0,12
xlmr,overall_non_hate,16,1,2,4,1
xlmr,overall_non_hate,16,1,5,1,6
xlmr,overall_non_hate,16,1,6,0,5
xlmr,overall_non_hate,16,2,3,2,1
xlmr,overall_non_hate,16,2,4,1,1
xlmr,overall_non_hate,16,2,5,0,2
xlmr,overall_non_hate,16,3,3,1,3
xlmr,overall_non_hate,16,3,4,0,5
xlmr,overall_non_hate,16,4,1,2,1
xlmr,overall_non_hate,16,4,2,1,2
xlmr,overall_non_hate,16,4,3,0,1
xlmr,overall_non_hate,16,5,1,1,6
xlmr,overall_non_hate,16,5,2,0,3
xlmr,overall_non_hate,16,6,0,1,2
xlmr,overall_non_hate,16,6,1,0,11
xlmr,overall_non_hate,16,7,0,0,59
xlmr,overall_non_hate,17,0,4,2,1
xlmr,overall_non_hate,17,0,5,1,2
xlmr,overall_non_hate,17,0,6,0,26
xlmr,overall_non_hate,17,1,3,2,1
xlmr,overall_non_hate,17,1,4,1,2
xlmr,overall_non_hate,17,1,5,0,11
xlmr,overall_non_hate,17,2,2,2,1
xlmr,overall_non_hate,17,2,3,1,3
xlmr,overall_non_hate,17,2,4,0,4
xlmr,overall_non_hate,17,3,1,2,1
xlmr,overall_non_hate,17,3,2,1,5
xlmr,overall_non_hate,17,3,3,0,5
xlmr,overall_non_hate,17,4,0,2,1
xlmr,overall_non_hate,17,4,1,1,4
xlmr,overall_non_hate,17,4,2,0,9
xlmr,overall_non_hate,17,5,0,1,7
xlmr,overall_non_hate,17,5,1,0,17
xlmr,overall_non_hate,17,6,0,0,75
xlmr,overall_non_hate,18,0,4,1,2
xlmr,overall_non_hate,18,0,5,0,31
xlmr,overall_non_hate,18,1,2,2,1
xlmr,overall_non_hate,18,1,3,1,5
xlmr,overall_non_hate,18,1,4,0,8
xlmr,overall_non_hate,18,2,1,2,3
xlmr,overall_non_hate,18,2,2,1,6
xlmr,overall_non_hate,18,2,3,0,9
xlmr,overall_non_hate,18,3,1,1,4
xlmr,overall_non_hate,18,3,2,0,12
xlmr,overall_non_hate,18,4,0,1,3
xlmr,overall_non_hate,18,4,1,0,10
xlmr,overall_non_hate,18,5,0,0,74
xlmr,overall_non_hate,19,0,3,1,5
xlmr,overall_non_hate,19,0,4,0,36
xlmr,overall_non_hate,19,1,2,1,1
xlmr,overall_non_hate,19,1,3,0,12
xlmr,overall_non_hate,19,2,0,2,1
xlmr,overall_non_hate,19,2,1,1,4
xlmr,overall_non_hate,19,2,2,0,13
xlmr,overall_non_hate,19,3,0,1,1
xlmr,overall_non_hate,19,3,1,0,20
xlmr,overall_non_hate,19,4,0,0,101
xlmr,overall_non_hate,20,0,1,2,2
xlmr,overall_non_hate,20,0,2,1,3
xlmr,overall_non_hate,20,0,3,0,58
xlmr,overall_non_hate,20,1,1,1,3
xlmr,overall_non_hate,20,1,2,0,25
xlmr,overall_non_hate,20,2,0,1,6
xlmr,overall_non_hate,20,2,1,0,35
xlmr,overall_non_hate,20,3,0,0,137
xlmr,overall_non_hate,21,0,0,2,1
xlmr,overall_non_hate,21,0,1,1,9
xlmr,overall_non_hate,21,0,2,0,74
xlmr,overall_non_hate,21,1,0,1,3
xlmr,overall_non_hate,21,1,1,0,58
xlmr,overall_non_hate,21,2,0,0,170
xlmr,overall_non_hate,22,0,0,1,3
xlmr,overall_non_hate,22,0,1,0,141
xlmr,overall_non_hate,22,1,0,0,310
xlmr,overall_non_hate,23,0,0,0,1882
xlmr,politics,0,0,0,23,32
xlmr,politics,0,0,1,22,10
xlmr,politics,0,0,2,21,8
xlmr,politics,0,0,3,20,6
xlmr,politics,0,0,4,19,3
xlmr,politics,0,0,5,18,5
xlmr,politics,0,0,6,17,1
xlmr,politics,0,0,7,16,1
xlmr,politics,0,0,9,14,1
xlmr,politics,0,0,10,13,1
xlmr,politics,0,0,12,11,1
xlmr,politics,0,0,13,10,2
xlmr,politics,0,0,15,8,3
xlmr,politics,0,0,17,6,2
xlmr,politics,0,0,18,5,1
xlmr,politics,0,0,20,3,1
xlmr,politics,0,0,21,2,1
xlmr,politics,0,1,0,22,5
xlmr,politics,0,1,2,20,1
xlmr,politics,0,1,3,19,1
xlmr,politics,0,1,4,18,1
xlmr,politics,0,1,6,16,2
xlmr,politics,0,1,7,15,1
xlmr,politics,0,1,9,13,1
xlmr,politics,0,1,14,8,2
xlmr,politics,0,2,0,21,10
xlmr,politics,0,2,1,20,7
xlmr,politics,0,2,2,19,1
xlmr,politics,0,2,3,18,3
xlmr,politics,0,2,5,16,1
xlmr,politics,0,2,9,12,1
xlmr,politics,0,2,10,11,2
xlmr,politics,0,2,18,3,1
xlmr,politics,0,3,0,20,4
xlmr,politics,0,3,1,19,2
xlmr,politics,0,3,2,18,2
xlmr,politics,0,3,3,17,2
xlmr,politics,0,4,0,19,4
xlmr,politics,0,4,1,18,3
xlmr,politics,0,4,2,17,2
xlmr,politics,0,4,3,16,1
xlmr,politics,0,4,7,12,1
xlmr,politics,0,5,0,18,5
xlmr,politics,0,5,1,17,2
xlmr,politics,0,6,0,17,2
xlmr,politics,0,6,1,16,2
xlmr,politics,0,6,3,14,2
xlmr,politics,0,6,4,13,1
xlmr,politics,0,7,0,16,3
xlmr,politics,0,7,3,13,1
xlmr,politics,0,8,0,15,4
xlmr,politics,0,8,1,14,1
xlmr,politics,0,8,2,13,1
xlmr,politics,0,9,0,14,2
xlmr,politics,0,9,1,13,2
xlmr,politics,0,9,3,11,1
xlmr,politics,0,10,0,13,2
xlmr,politics,0,10,1,12,1
xlmr,politics,0,11,0,12,1
xlmr,politics,0,12,0,11,4
xlmr,politics,0,12,1,10,2
xlmr,politics,0,12,2,9,1
xlmr,politics,0,12,5,6,1
xlmr,politics,0,13,1,9,1
xlmr,politics,0,14,0,9,2
xlmr,politics,0,15,0,8,3
xlmr,politics,0,16,0,7,3
xlmr,politics,0,16,1,6,1
xlmr,politics,0,18,0,5,2
xlmr,politics,0,18,1,4,1
xlmr,politics,0,19,0,4,2
xlmr,politics,0,20,0,3,2
xlmr,politics,0,21,0,2,5
xlmr,politics,0,22,0,1,6
xlmr,politics,0,23,0,0,7
xlmr,politics,1,0,3,19,1
xlmr,politics,1,0,4,18,1
xlmr,politics,1,0,5,17,1
xlmr,politics,1,0,6,16,1
xlmr,politics,1,0,10,12,1
xlmr,politics,1,0,12,10,1
xlmr,politics,1,0,15,7,1
xlmr,politics,1,0,18,4,1
xlmr,politics,1,0,19,3,1
xlmr,politics,1,1,1,20,1
xlmr,politics,1,1,3,18,1
xlmr,politics,1,1,4,17,1
xlmr,politics,1,2,0,20,1
xlmr,politics,1,2,2,18,1
xlmr,politics,1,2,5,15,1
xlmr,politics,1,2,13,7,1
xlmr,politics,1,3,1,18,1
xlmr,politics,1,3,4,15,1
xlmr,politics,1,3,5,14,1
xlmr,politics,1,3,9,10,1
xlmr,politics,1,3,13,6,1
xlmr,politics,1,4,0,18,1
xlmr,politics,1,4,1,17,2
xlmr,politics,1,4,3,15,2
xlmr,politics,1,4,4,14,1
xlmr,politics,1,4,5,13,2
xlmr,politics,1,4,6,12,1
xlmr,politics,1,5,1,16,2
xlmr,politics,1,5,2,15,3
xlmr,politics,1,5,6,11,1
xlmr,politics,1,6,0,16,3
xlmr,politics,1,6,2,14,3
xlmr,politics,1,6,3,13,1
xlmr,politics,1,7,0,15,1
xlmr,politics,1,7,2,13,1
xlmr,politics,1,7,9,6,1
xlmr,politics,1,8,0,14,1
xlmr,politics,1,8,1,13,1
xlmr,politics,1,8,5,9,1
xlmr,politics,1,9,3,10,1
xlmr,politics,1,10,0,12,1
xlmr,politics,1,10,4,8,1
xlmr,politics,1,11,0,11,2
xlmr,politics,1,12,0,10,2
xlmr,politics,1,13,0,9,2
xlmr,politics,1,13,1,8,3
xlmr,politics,1,14,0,8,1
xlmr,politics,1,14,2,6,1
xlmr,politics,1,15,0,7,4
xlmr,politics,1,15,1,6,1
xlmr,politics,1,16,0,6,2
xlmr,politics,1,16,1,5,1
xlmr,politics,1,18,0,4,2
xlmr,politics,1,18,1,3,1
xlmr,politics,1,19,0,3,1
xlmr,politics,1,20,0,2,2
xlmr,politics,1,20,1,1,1
xlmr,politics,1,21,0,1,5
xlmr,politics,1,22,0,0,7
xlmr,politics,2,0,9,12,1
xlmr,politics,2,0,13,8,2
xlmr,politics,2,0,15,6,2
xlmr,politics,2,0,17,4,1
xlmr,politics,2,0,19,2,4
xlmr,politics,2,1,15,5,1
xlmr,politics,2,1,19,1,1
xlmr,politics,2,2,3,16,1
xlmr,politics,2,2,8,11,3
xlmr,politics,2,2,9,10,1
xlmr,politics,2,2,15,4,1
xlmr,politics,2,3,4,14,1
xlmr,politics,2,3,7,11,1
xlmr,politics,2,3,12,6,1
xlmr,politics,2,5,3,13,1
xlmr,politics,2,5,4,12,1
xlmr,politics,2,6,1,14,1
xlmr,politics,2,6,3,12,1
xlmr,politics,2,6,5,10,1
xlmr,politics,2,7,2,12,1
xlmr,politics,2,7,3,11,1
xlmr,politics,2,8,1,12,2
xlmr,politics,2,8,3,10,1
xlmr,politics,2,8,5,8,3
xlmr,politics,2,9,7,5,1
xlmr,politics,2,10,4,7,1
xlmr,politics,2,11,0,10,1
xlmr,politics,2,11,1,9,3
xlmr,politics,2,12,2,7,1
xlmr,politics,2,12,3,6,1
xlmr,politics,2,13,0,8,1
xlmr,politics,2,13,1,7,1
xlmr,politics,2,14,1,6,1
xlmr,politics,2,15,0,6,1
xlmr,politics,2,15,1,5,2
xlmr,politics,2,15,3,3,1
xlmr,politics,2,16,0,5,1
xlmr,politics,2,16,2,3,1
xlmr,politics,2,18,0,3,3
xlmr,politics,2,19,0,2,4
xlmr,politics,2,20,0,1,1
xlmr,politics,2,21,0,0,8
xlmr,politics,3,0,8,12,1
xlmr,politics,3,0,14,6,2
xlmr,politics,3,0,15,5,2
xlmr,politics,3,0,18,2,1
xlmr,politics,3,1,8,11,1
xlmr,politics,3,1,10,9,1
xlmr,politics,3,1,14,5,2
xlmr,politics,3,2,2,16,1
xlmr,politics,3,2,5,13,1
xlmr,politics,3,2,6,12,1
xlmr,politics,3,2,9,9,2
xlmr,politics,3,3,2,15,1
xlmr,politics,3,3,6,11,1
xlmr,politics,3,3,8,9,1
xlmr,politics,3,4,2,14,1
xlmr,politics,3,4,4,12,1
xlmr,politics,3,4,8,8,1
xlmr,politics,3,4,10,6,1
xlmr,politics,3,5,2,13,1
xlmr,politics,3,5,6,9,1
xlmr,politics,3,5,8,7,1
xlmr,politics,3,5,11,4,1
xlmr,politics,3,6,5,9,2
xlmr,politics,3,7,1,12,1
xlmr,politics,3,8,1,11,1
xlmr,politics,3,8,3,9,2
xlmr,politics,3,9,1,10,1
xlmr,politics,3,9,2,9,1
xlmr,politics,3,10,2,8,1
xlmr,politics,3,11,3,6,1
xlmr,politics,3,11,5,4,1
xlmr,politics,3,13,3,4,1
xlmr,politics,3,14,1,5,2
xlmr,politics,3,14,2,4,1
xlmr,politics,3,15,0,5,2
xlmr,politics,3,15,2,3,1
xlmr,politics,3,16,0,4,2
xlmr,politics,3,16,1,3,1
xlmr,politics,3,16,2,2,1
xlmr,politics,3,17,0,3,1
xlmr,politics,3,17,1,2,2
xlmr,politics,3,18,0,2,2
xlmr,politics,3,18,1,1,3
xlmr,politics,3,19,0,1,3
xlmr,politics,3,19,1,0,2
xlmr,politics,3,20,0,0,8
xlmr,politics,4,0,16,3,1
xlmr,politics,4,1,10,8,1
xlmr,politics,4,1,12,6,1
xlmr,politics,4,2,6,11,1
xlmr,politics,4,2,15,2,1
xlmr,politics,4,3,5,11,1
xlmr,politics,4,3,7,9,1
xlmr,politics,4,4,8,7,1
xlmr,politics,4,5,1,13,1
xlmr,politics,4,5,10,4,2
xlmr,politics,4,6,1,12,1
xlmr,politics,4,6,3,10,1
xlmr,politics,4,6,4,9,2
xlmr,politics,4,7,2,10,1
xlmr,politics,4,7,3,9,1
xlmr,politics,4,8,4,7,1
xlmr,politics,4,9,2,8,2
xlmr,politics,4,9,4,6,2
xlmr,politics,4,10,2,7,1
xlmr,politics,4,11,3,5,1
xlmr,politics,4,12,1,6,1
xlmr,politics,4,12,5,2,1
xlmr,politics,4,13,0,6,1
xlmr,politics,4,14,0,5,1
xlmr,politics,4,15,0,4,2
xlmr,politics,4,15,1,3,3
xlmr,politics,4,17,0,2,1
xlmr,politics,4,17,2,0,1
xlmr,politics,4,18,0,1,1
xlmr,politics,4,19,0,0,10
xlmr,politics,5,0,8,10,1
xlmr,politics,5,0,10,8,1
xlmr,politics,5,0,14,4,1
xlmr,politics,5,1,6,11,1
xlmr,politics,5,1,7,10,1
xlmr,politics,5,1,12,5,1
xlmr,politics,5,2,8,8,1
xlmr,politics,5,2,9,7,1
xlmr,politics,5,3,11,4,2
xlmr,politics,5,3,12,3,1
xlmr,politics,5,4,2,12,1
xlmr,politics,5,4,9,5,2
xlmr,politics,5,5,1,12,2
xlmr,politics,5,5,5,8,1
xlmr,politics,5,6,4,8,1
xlmr,politics,5,6,10,2,1
xlmr,politics,5,7,2,9,1
xlmr,politics,5,8,1,9,1
xlmr,politics,5,8,2,8,1
xlmr,politics,5,9,2,7,1
xlmr,politics,5,10,1,7,1
xlmr,politics,5,11,2,5,2
xlmr,politics,5,11,4,3,1
xlmr,politics,5,12,0,6,1
xlmr,politics,5,12,3,3,1
xlmr,politics,5,13,1,4,1
xlmr,politics,5,14,1,3,1
xlmr,politics,5,14,2,2,1
xlmr,politics,5,15,0,3,2
xlmr,politics,5,16,0,2,1
xlmr,politics,5,17,0,1,3
xlmr,politics,5,18,0,0,14
xlmr,politics,6,0,10,7,1
xlmr,politics,6,0,11,6,1
xlmr,politics,6,1,4,12,1
xlmr,politics,6,1,10,6,1
xlmr,politics,6,2,8,7,1
xlmr,politics,6,3,10,4,1
xlmr,politics,6,4,6,7,1
xlmr,politics,6,5,7,5,1
xlmr,politics,6,5,10,2,1
xlmr,politics,6,6,1,10,1
xlmr,politics,6,6,4,7,2
xlmr,politics,6,6,9,2,1
xlmr,politics,6,8,2,7,1
xlmr,politics,6,9,2,6,1
xlmr,politics,6,9,4,4,1
xlmr,politics,6,10,2,5,1
xlmr,politics,6,10,3,4,1
xlmr,politics,6,11,1,5,1
xlmr,politics,6,11,3,3,1
xlmr,politics,6,12,2,3,1
xlmr,politics,6,13,1,3,1
xlmr,politics,6,13,2,2,1
xlmr,politics,6,14,0,3,2
xlmr,politics,6,14,1,2,1
xlmr,politics,6,15,0,2,1
xlmr,politics,6,16,0,1,2
xlmr,politics,6,16,1,0,3
xlmr,politics,6,17,0,0,11
xlmr,politics,7,1,5,10,1
xlmr,politics,7,1,11,4,1
xlmr,politics,7,1,13,2,1
xlmr,politics,7,2,7,7,1
xlmr,politics,7,2,10,4,1
xlmr,politics,7,3,5,8,1
xlmr,politics,7,3,8,5,1
xlmr,politics,7,5,3,8,1
xlmr,politics,7,7,4,5,1
xlmr,politics,7,8,4,4,1
xlmr,politics,7,9,2,5,1
xlmr,politics,7,9,3,4,2
xlmr,politics,7,10,3,3,1
xlmr,politics,7,11,2,3,1
xlmr,politics,7,13,0,3,1
xlmr,politics,7,13,1,2,1
xlmr,politics,7,14,0,2,2
xlmr,politics,7,14,1,1,1
xlmr,politics,7,14,2,0,1
xlmr,politics,7,15,0,1,2
xlmr,politics,7,15,1,0,2
xlmr,politics,7,16,0,0,19
xlmr,politics,8,0,10,5,1
xlmr,politics,8,1,10,4,1
xlmr,politics,8,2,10,3,2
xlmr,politics,8,2,11,2,1
xlmr,politics,8,3,8,4,1
xlmr,politics,8,4,5,6,1
xlmr,politics,8,5,1,9,1
xlmr,politics,8,5,3,7,1
xlmr,politics,8,5,4,6,1
xlmr,politics,8,5,5,5,1
xlmr,politics,8,6,6,3,1
xlmr,politics,8,6,7,2,1
xlmr,politics,8,8,2,5,1
xlmr,politics,8,8,4,3,1
xlmr,politics,8,9,2,4,1
xlmr,politics,8,10,3,2,1
xlmr,politics,8,11,1,3,4
xlmr,politics,8,11,2,2,2
xlmr,politics,8,12,0,3,2
xlmr,politics,8,13,1,1,2
xlmr,politics,8,14,0,1,5
xlmr,politics,8,15,0,0,18
xlmr,politics,9,1,10,3,1
xlmr,politics,9,2,12,0,1
xlmr,politics,9,3,5,6,1
xlmr,politics,9,4,3,7,1
xlmr,politics,9,4,4,6,1
xlmr,politics,9,4,5,5,1
xlmr,politics,9,4,8,2,1
xlmr,politics,9,5,0,9,1
xlmr,politics,9,5,5,4,1
xlmr,politics,9,5,6,3,1
xlmr,politics,9,5,7,2,1
xlmr,politics,9,6,5,3,1
xlmr,politics,9,7,2,5,1
xlmr,politics,9,7,3,4,1
xlmr,politics,9,7,4,3,1
xlmr,politics,9,8,1,5,1
xlmr,politics,9,9,2,3,2
xlmr,politics,9,10,0,4,3
xlmr,politics,9,11,0,3,1
xlmr,politics,9,11,1,2,1
xlmr,politics,9,11,2,1,1
xlmr,politics,9,12,0,2,1
xlmr,politics,9,12,1,1,2
xlmr,politics,9,13,0,1,2
xlmr,politics,9,14,0,0,15
xlmr,politics,10,0,10,3,1
xlmr,politics,10,1,9,3,1
xlmr,politics,10,1,11,1,1
xlmr,politics,10,2,3,8,1
xlmr,politics,10,2,10,1,1
xlmr,politics,10,2,11,0,1
xlmr,politics,10,5,3,5,1
xlmr,politics,10,5,5,3,1
xlmr,politics,10,6,4,3,3
xlmr,politics,10,7,4,2,1
xlmr,politics,10,7,6,0,1
xlmr,politics,10,8,1,4,1
xlmr,politics,10,8,2,3,2
xlmr,politics,10,9,0,4,1
xlmr,politics,10,9,1,3,1
xlmr,politics,10,10,1,2,1
xlmr,politics,10,10,2,1,1
xlmr,politics,10,11,0,2,1
xlmr,politics,10,11,1,1,1
xlmr,politics,10,12,0,1,6
xlmr,politics,10,13,0,0,14
xlmr,politics,11,1,10,1,1
xlmr,politics,11,2,7,3,1
xlmr,politics,11,2,10,0,1
xlmr,politics,11,4,2,6,1
xlmr,politics,11,4,7,1,2
xlmr,politics,11,5,4,3,2
xlmr,politics,11,6,0,6,1
xlmr,politics,11,6,2,4,1
xlmr,politics,11,6,3,3,1
xlmr,politics,11,6,4,2,1
xlmr,politics,11,7,2,3,1
xlmr,politics,11,8,1,3,1
xlmr,politics,11,8,2,2,1
xlmr,politics,11,8,3,1,1
xlmr,politics,11,8,4,0,1
xlmr,politics,11,9,0,3,1
xlmr,politics,11,9,1,2,2
xlmr,politics,11,10,0,2,1
xlmr,politics,11,10,1,1,2
xlmr,politics,11,10,2,0,1
xlmr,politics,11,11,0,1,5
xlmr,politics,11,11,1,0,1
xlmr,politics,11,12,0,0,25
xlmr,politics,12,0,4,7,1
xlmr,politics,12,0,8,3,1
xlmr,politics,12,0,9,2,1
xlmr,politics,12,1,9,1,1
xlmr,politics,12,2,6,3,1
xlmr,politics,12,2,7,2,1
xlmr,politics,12,3,4,4,1
xlmr,politics,12,3,7,1,2
xlmr,politics,12,4,6,1,1
xlmr,politics,12,5,2,4,1
xlmr,politics,12,5,3,3,1
xlmr,politics,12,5,4,2,3
xlmr,politics,12,6,2,3,1
xlmr,politics,12,6,4,1,1
xlmr,politics,12,6,5,0,1
xlmr,politics,12,7,2,2,1
xlmr,politics,12,7,3,1,1
xlmr,politics,12,8,2,1,2
xlmr,politics,12,9,0,2,1
xlmr,politics,12,9,2,0,1
xlmr,politics,12,10,0,1,2
xlmr,politics,12,10,1,0,6
xlmr,politics,12,11,0,0,24
xlmr,politics,13,1,9,0,1
xlmr,politics,13,2,4,4,1
xlmr,politics,13,2,6,2,1
xlmr,politics,13,2,7,1,1
xlmr,politics,13,2,8,0,1
xlmr,politics,13,4,2,4,1
xlmr,politics,13,4,3,3,1
xlmr,politics,13,5,4,1,1
xlmr,politics,13,6,2,2,1
xlmr,politics,13,6,4,0,2
xlmr,politics,13,7,1,2,1
xlmr,politics,13,8,0,2,2
xlmr,politics,13,8,1,1,1
xlmr,politics,13,8,2,0,3
xlmr,politics,13,9,0,1,1
xlmr,politics,13,9,1,0,5
xlmr,politics,13,10,0,0,29
xlmr,politics,14,1,7,1,1
xlmr,politics,14,2,6,1,2
xlmr,politics,14,3,6,0,1
xlmr,politics,14,4,3,2,3
xlmr,politics,14,4,4,1,1
xlmr,politics,14,5,1,3,1
xlmr,politics,14,5,3,1,1
xlmr,politics,14,6,1,2,1
xlmr,politics,14,6,2,1,2
xlmr,politics,14,6,3,0,1
xlmr,politics,14,7,0,2,2
xlmr,politics,14,7,1,1,3
xlmr,politics,14,7,2,0,1
xlmr,politics,14,8,1,0,4
xlmr,politics,14,9,0,0,18
xlmr,politics,15,0,5,3,1
xlmr,politics,15,1,4,3,1
xlmr,politics,15,2,3,3,1
xlmr,politics,15,2,5,1,3
xlmr,politics,15,3,4,1,2
xlmr,politics,15,4,2,2,1
xlmr,politics,15,4,3,1,1
xlmr,politics,15,5,1,2,1
xlmr,politics,15,5,2,1,3
xlmr,politics,15,6,0,2,1
xlmr,politics,15,6,1,1,2
xlmr,politics,15,7,0,1,3
xlmr,politics,15,7,1,0,5
xlmr,politics,15,8,0,0,37
xlmr,politics,16,0,5,2,1
xlmr,politics,16,1,4,2,1
xlmr,politics,16,1,5,1,1
xlmr,politics,16,2,1,4,1
xlmr,politics,16,2,5,0,1
xlmr,politics,16,3,2,2,1
xlmr,politics,16,3,3,1,2
xlmr,politics,16,3,4,0,1
xlmr,politics,16,4,1,2,1
xlmr,politics,16,4,2,1,2
xlmr,politics,16,4,3,0,2
xlmr,politics,16,5,0,2,1
xlmr,politics,16,5,1,1,3
xlmr,politics,16,5,2,0,2
xlmr,politics,16,6,0,1,4
xlmr,politics,16,6,1,0,5
xlmr,politics,16,7,0,0,47
xlmr,politics,17,0,4,2,1
xlmr,politics,17,1,4,1,1
xlmr,politics,17,2,2,2,2
xlmr,politics,17,2,3,1,1
xlmr,politics,17,2,4,0,1
xlmr,politics,17,3,1,2,3
xlmr,politics,17,3,2,1,6
xlmr,politics,17,3,3,0,2
xlmr,politics,17,4,0,2,1
xlmr,politics,17,4,1,1,2
xlmr,politics,17,4,2,0,2
xlmr,politics,17,5,0,1,1
xlmr,politics,17,5,1,0,2
xlmr,politics,17,6,0,0,31
xlmr,politics,18,0,3,2,1
xlmr,politics,18,2,2,1,1
xlmr,politics,18,2,3,0,8
xlmr,politics,18,3,2,0,2
xlmr,politics,18,4,0,1,7
xlmr,politics,18,4,1,0,9
xlmr,politics,18,5,0,0,55
xlmr,politics,19,1,2,1,3
xlmr,politics,19,2,1,1,1
xlmr,politics,19,2,2,0,9
xlmr,politics,19,3,0,1,1
xlmr,politics,19,3,1,0,9
xlmr,politics,19,4,0,0,68
xlmr,politics,20,1,1,1,3
xlmr,politics,20,2,0,1,1
xlmr,politics,20,2,1,0,22
xlmr,politics,20,3,0,0,116
xlmr,politics,21,1,0,1,1
xlmr,politics,21,1,1,0,2
xlmr,politics,21,2,0,0,285
xlmr,politics,22,1,0,0,23
xlmr,race_or_region_of_origin,0,0,0,23,19
xlmr,race_or_region_of_origin,0,0,1,22,9
xlmr,race_or_region_of_origin,0,0,2,21,3
xlmr,race_or_region_of_origin,0,0,3,20,2
xlmr,race_or_region_of_origin,0,0,4,19,1
xlmr,race_or_region_of_origin,0,0,5,18,1
xlmr,race_or_region_of_origin,0,0,7,16,3
xlmr,race_or_region_of_origin,0,0,9,14,1
xlmr,race_or_region_of_origin,0,0,10,13,1
xlmr,race_or_region_of_origin,0,0,13,10,2
xlmr,race_or_region_of_origin,0,0,14,9,1
xlmr,race_or_region_of_origin,0,0,15,8,1
xlmr,race_or_region_of_origin,0,0,18,5,1
xlmr,race_or_region_of_origin,0,0,19,4,1
xlmr,race_or_region_of_origin,0,0,21,2,1
xlmr,race_or_region_of_origin,0,1,0,22,4
xlmr,race_or_region_of_origin,0,1,1,21,2
xlmr,race_or_region_of_origin,0,1,2,20,1
xlmr,race_or_region_of_origin,0,1,5,17,1
xlmr,race_or_region_of_origin,0,2,0,21,6
xlmr,race_or_region_of_origin,0,2,1,20,3
xlmr,race_or_region_of_origin,0,2,2,19,1
xlmr,race_or_region_of_origin,0,2,4,17,1
xlmr,race_or_region_of_origin,0,3,0,20,1
xlmr,race_or_region_of_origin,0,3,2,18,2
xlmr,race_or_region_of_origin,0,4,0,19,2
xlmr,race_or_region_of_origin,0,4,2,17,1
xlmr,race_or_region_of_origin,0,4,6,13,1
xlmr,race_or_region_of_origin,0,5,0,18,4
xlmr,race_or_region_of_origin,0,5,1,17,2
xlmr,race_or_region_of_origin,0,5,3,15,2
xlmr,race_or_region_of_origin,0,5,5,13,1
xlmr,race_or_region_of_origin,0,6,0,17,3
xlmr,race_or_region_of_origin,0,6,2,15,1
xlmr,race_or_region_of_origin,0,7,0,16,1
xlmr,race_or_region_of_origin,0,7,1,15,1
xlmr,race_or_region_of_origin,0,8,0,15,1
xlmr,race_or_region_of_origin,0,8,2,13,1
xlmr,race_or_region_of_origin,0,9,0,14,1
xlmr,race_or_region_of_origin,0,10,1,12,1
xlmr,race_or_region_of_origin,0,10,2,11,1
xlmr,race_or_region_of_origin,0,11,0,12,1
xlmr,race_or_region_of_origin,0,12,0,11,1
xlmr,race_or_region_of_origin,0,13,1,9,1
xlmr,race_or_region_of_origin,0,14,0,9,1
xlmr,race_or_region_of_origin,0,15,0,8,1
xlmr,race_or_region_of_origin,0,16,0,7,1
xlmr,race_or_region_of_origin,0,17,0,6,1
xlmr,race_or_region_of_origin,0,21,0,2,1
xlmr,race_or_region_of_origin,0,22,0,1,1
xlmr,race_or_region_of_origin,0,23,0,0,1
xlmr,race_or_region_of_origin,1,0,1,21,1
xlmr,race_or_region_of_origin,1,0,5,17,1
xlmr,race_or_region_of_origin,1,0,6,16,1
xlmr,race_or_region_of_origin,1,0,8,14,1
xlmr,race_or_region_of_origin,1,0,15,7,1
xlmr,race_or_region_of_origin,1,0,18,4,1
xlmr,race_or_region_of_origin,1,0,19,3,1
xlmr,race_or_region_of_origin,1,1,2,19,2
xlmr,race_or_region_of_origin,1,1,4,17,1
xlmr,race_or_region_of_origin,1,1,6,15,1
xlmr,race_or_region_of_origin,1,1,15,6,2
xlmr,race_or_region_of_origin,1,1,19,2,1
xlmr,race_or_region_of_origin,1,2,3,17,1
xlmr,race_or_region_of_origin,1,2,4,16,1
xlmr,race_or_region_of_origin,1,2,5,15,1
xlmr,race_or_region_of_origin,1,2,8,12,1
xlmr,race_or_region_of_origin,1,3,7,12,1
xlmr,race_or_region_of_origin,1,5,3,14,1
xlmr,race_or_region_of_origin,1,6,0,16,1
xlmr,race_or_region_of_origin,1,6,3,13,2
xlmr,race_or_region_of_origin,1,7,1,14,1
xlmr,race_or_region_of_origin,1,8,0,14,1
xlmr,race_or_region_of_origin,1,9,0,13,2
xlmr,race_or_region_of_origin,1,9,1,12,1
xlmr,race_or_region_of_origin,1,10,0,12,1
xlmr,race_or_region_of_origin,1,10,2,10,2
xlmr,race_or_region_of_origin,1,10,3,9,1
xlmr,race_or_region_of_origin,1,12,0,10,1
xlmr,race_or_region_of_origin,1,14,1,7,1
xlmr,race_or_region_of_origin,1,15,0,7,2
xlmr,race_or_region_of_origin,1,15,1,6,1
xlmr,race_or_region_of_origin,1,15,2,5,1
xlmr,race_or_region_of_origin,1,16,0,6,2
xlmr,race_or_region_of_origin,1,18,0,4,1
xlmr,race_or_region_of_origin,1,19,0,3,1
xlmr,race_or_region_of_origin,1,19,1,2,1
xlmr,race_or_region_of_origin,1,20,0,2,1
xlmr,race_or_region_of_origin,1,21,0,1,1
xlmr,race_or_region_of_origin,1,22,0,0,1
xlmr,race_or_region_of_origin,2,0,0,21,1
xlmr,race_or_region_of_origin,2,0,9,12,1
xlmr,race_or_region_of_origin,2,1,11,9,1
xlmr,race_or_region_of_origin,2,2,5,14,1
xlmr,race_or_region_of_origin,2,3,0,18,1
xlmr,race_or_region_of_origin,2,4,0,17,1
xlmr,race_or_region_of_origin,2,4,5,12,1
xlmr,race_or_region_of_origin,2,5,4,12,1
xlmr,race_or_region_of_origin,2,5,11,5,1
xlmr,race_or_region_of_origin,2,6,2,13,1
xlmr,race_or_region_of_origin,2,6,4,11,1
xlmr,race_or_region_of_origin,2,6,5,10,1
xlmr,race_or_region_of_origin,2,7,3,11,1
xlmr,race_or_region_of_origin,2,7,4,10,1
xlmr,race_or_region_of_origin,2,7,5,9,1
xlmr,race_or_region_of_origin,2,8,0,13,1
xlmr,race_or_region_of_origin,2,8,4,9,1
xlmr,race_or_region_of_origin,2,10,1,10,1
xlmr,race_or_region_of_origin,2,10,2,9,1
xlmr,race_or_region_of_origin,2,11,0,10,2
xlmr,race_or_region_of_origin,2,11,1,9,2
xlmr,race_or_region_of_origin,2,11,2,8,2
xlmr,race_or_region_of_origin,2,12,0,9,1
xlmr,race_or_region_of_origin,2,15,1,5,1
xlmr,race_or_region_of_origin,2,16,0,5,1
xlmr,race_or_region_of_origin,2,17,1,3,1
xlmr,race_or_region_of_origin,2,18,0,3,1
xlmr,race_or_region_of_origin,2,20,0,1,1
xlmr,race_or_region_of_origin,2,21,0,0,1
xlmr,race_or_region_of_origin,3,0,14,6,1
xlmr,race_or_region_of_origin,3,1,10,9,1
xlmr,race_or_region_of_origin,3,1,14,5,1
xlmr,race_or_region_of_origin,3,3,2,15,2
xlmr,race_or_region_of_origin,3,3,6,11,1
xlmr,race_or_region_of_origin,3,3,9,8,1
xlmr,race_or_region_of_origin,3,4,4,12,1
xlmr,race_or_region_of_origin,3,5,3,12,1
xlmr,race_or_region_of_origin,3,5,5,10,1
xlmr,race_or_region_of_origin,3,5,11,4,2
xlmr,race_or_region_of_origin,3,8,2,10,1
xlmr,race_or_region_of_origin,3,9,0,11,1
xlmr,race_or_region_of_origin,3,10,3,7,1
xlmr,race_or_region_of_origin,3,11,0,9,1
xlmr,race_or_region_of_origin,3,11,1,8,1
xlmr,race_or_region_of_origin,3,11,5,4,1
xlmr,race_or_region_of_origin,3,12,2,6,2
xlmr,race_or_region_of_origin,3,13,0,7,1
xlmr,race_or_region_of_origin,3,13,3,4,1
xlmr,race_or_region_of_origin,3,13,4,3,1
xlmr,race_or_region_of_origin,3,14,0,6,1
xlmr,race_or_region_of_origin,3,14,1,5,1
xlmr,race_or_region_of_origin,3,20,0,0,2
xlmr,race_or_region_of_origin,4,0,5,14,1
xlmr,race_or_region_of_origin,4,0,8,11,1
xlmr,race_or_region_of_origin,4,0,12,7,1
xlmr,race_or_region_of_origin,4,0,13,6,1
xlmr,race_or_region_of_origin,4,0,17,2,3
xlmr,race_or_region_of_origin,4,1,13,5,1
xlmr,race_or_region_of_origin,4,2,4,13,1
xlmr,race_or_region_of_origin,4,3,7,9,1
xlmr,race_or_region_of_origin,4,3,8,8,1
xlmr,race_or_region_of_origin,4,4,3,12,1
xlmr,race_or_region_of_origin,4,5,6,8,1
xlmr,race_or_region_of_origin,4,5,8,6,1
xlmr,race_or_region_of_origin,4,6,4,9,1
xlmr,race_or_region_of_origin,4,8,7,4,1
xlmr,race_or_region_of_origin,4,9,2,8,2
xlmr,race_or_region_of_origin,4,9,5,5,1
xlmr,race_or_region_of_origin,4,12,0,7,1
xlmr,race_or_region_of_origin,4,13,0,6,1
xlmr,race_or_region_of_origin,4,13,2,4,1
xlmr,race_or_region_of_origin,4,14,1,4,2
xlmr,race_or_region_of_origin,4,14,2,3,2
xlmr,race_or_region_of_origin,4,14,4,1,1
xlmr,race_or_region_of_origin,4,16,3,0,1
xlmr,race_or_region_of_origin,4,19,0,0,1
xlmr,race_or_region_of_origin,5,0,16,2,2
xlmr,race_or_region_of_origin,5,1,12,5,2
xlmr,race_or_region_of_origin,5,3,11,4,1
xlmr,race_or_region_of_origin,5,4,7,7,1
xlmr,race_or_region_of_origin,5,4,10,4,2
xlmr,race_or_region_of_origin,5,5,4,9,1
xlmr,race_or_region_of_origin,5,7,2,9,1
xlmr,race_or_region_of_origin,5,7,5,6,1
xlmr,race_or_region_of_origin,5,8,2,8,1
xlmr,race_or_region_of_origin,5,9,3,6,1
xlmr,race_or_region_of_origin,5,10,1,7,1
xlmr,race_or_region_of_origin,5,11,2,5,1
xlmr,race_or_region_of_origin,5,13,3,2,1
xlmr,race_or_region_of_origin,5,15,1,2,1
xlmr,race_or_region_of_origin,5,16,0,2,1
xlmr,race_or_region_of_origin,5,17,0,1,2
xlmr,race_or_region_of_origin,5,18,0,0,1
xlmr,race_or_region_of_origin,6,0,15,2,1
xlmr,race_or_region_of_origin,6,2,11,4,1
xlmr,race_or_region_of_origin,6,4,7,6,2
xlmr,race_or_region_of_origin,6,5,0,12,1
xlmr,race_or_region_of_origin,6,7,3,7,1
xlmr,race_or_region_of_origin,6,8,2,7,1
xlmr,race_or_region_of_origin,6,8,5,4,1
xlmr,race_or_region_of_origin,6,9,3,5,1
xlmr,race_or_region_of_origin,6,10,0,7,1
xlmr,race_or_region_of_origin,6,11,1,5,1
xlmr,race_or_region_of_origin,6,13,0,4,3
xlmr,race_or_region_of_origin,6,13,1,3,1
xlmr,race_or_region_of_origin,6,13,2,2,1
xlmr,race_or_region_of_origin,6,14,1,2,1
xlmr,race_or_region_of_origin,6,15,0,2,1
xlmr,race_or_region_of_origin,6,16,0,1,4
xlmr,race_or_region_of_origin,7,2,11,3,1
xlmr,race_or_region_of_origin,7,3,7,6,1
xlmr,race_or_region_of_origin,7,4,7,5,1
xlmr,race_or_region_of_origin,7,6,2,8,1
xlmr,race_or_region_of_origin,7,7,4,5,1
xlmr,race_or_region_of_origin,7,9,2,5,1
xlmr,race_or_region_of_origin,7,9,3,4,1
xlmr,race_or_region_of_origin,7,9,4,3,1
xlmr,race_or_region_of_origin,7,10,0,6,1
xlmr,race_or_region_of_origin,7,10,3,3,1
xlmr,race_or_region_of_origin,7,11,1,4,3
xlmr,race_or_region_of_origin,7,12,0,4,1
xlmr,race_or_region_of_origin,7,12,2,2,1
xlmr,race_or_region_of_origin,7,13,1,2,2
xlmr,race_or_region_of_origin,8,0,11,4,1
xlmr,race_or_region_of_origin,8,1,8,6,1
xlmr,race_or_region_of_origin,8,1,12,2,1
xlmr,race_or_region_of_origin,8,2,9,4,1
xlmr,race_or_region_of_origin,8,2,10,3,2
xlmr,race_or_region_of_origin,8,2,11,2,1
xlmr,race_or_region_of_origin,8,5,5,5,1
xlmr,race_or_region_of_origin,8,6,6,3,1
xlmr,race_or_region_of_origin,8,7,4,4,2
xlmr,race_or_region_of_origin,8,8,2,5,1
xlmr,race_or_region_of_origin,8,8,4,3,1
xlmr,race_or_region_of_origin,8,9,4,2,1
xlmr,race_or_region_of_origin,8,10,2,3,1
xlmr,race_or_region_of_origin,8,10,4,1,1
xlmr,race_or_region_of_origin,8,11,2,2,1
xlmr,race_or_region_of_origin,8,13,1,1,1
xlmr,race_or_region_of_origin,8,14,0,1,4
xlmr,race_or_region_of_origin,8,15,0,0,8
xlmr,race_or_region_of_origin,9,0,11,3,1
xlmr,race_or_region_of_origin,9,1,11,2,1
xlmr,race_or_region_of_origin,9,2,7,5,1
xlmr,race_or_region_of_origin,9,2,8,4,1
xlmr,race_or_region_of_origin,9,6,2,6,1
xlmr,race_or_region_of_origin,9,6,4,4,1
xlmr,race_or_region_of_origin,9,7,3,4,1
xlmr,race_or_region_of_origin,9,8,4,2,1
xlmr,race_or_region_of_origin,9,9,2,3,1
xlmr,race_or_region_of_origin,9,11,0,3,1
xlmr,race_or_region_of_origin,9,11,1,2,1
xlmr,race_or_region_of_origin,9,13,0,1,3
xlmr,race_or_region_of_origin,9,13,1,0,1
xlmr,race_or_region_of_origin,9,14,0,0,9
xlmr,race_or_region_of_origin,10,0,11,2,1
xlmr,race_or_region_of_origin,10,1,8,4,1
xlmr,race_or_region_of_origin,10,2,8,3,1
xlmr,race_or_region_of_origin,10,3,10,0,1
xlmr,race_or_region_of_origin,10,4,4,5,1
xlmr,race_or_region_of_origin,10,4,7,2,1
xlmr,race_or_region_of_origin,10,6,7,0,1
xlmr,race_or_region_of_origin,10,7,1,5,1
xlmr,race_or_region_of_origin,10,7,4,2,1
xlmr,race_or_region_of_origin,10,8,3,2,1
xlmr,race_or_region_of_origin,10,9,2,2,1
xlmr,race_or_region_of_origin,10,10,1,2,1
xlmr,race_or_region_of_origin,10,10,2,1,1
xlmr,race_or_region_of_origin,10,10,3,0,1
xlmr,race_or_region_of_origin,10,12,0,1,1
xlmr,race_or_region_of_origin,10,12,1,0,1
xlmr,race_or_region_of_origin,10,13,0,0,7
xlmr,race_or_region_of_origin,11,1,10,1,1
xlmr,race_or_region_of_origin,11,2,8,2,1
xlmr,race_or_region_of_origin,11,4,5,3,2
xlmr,race_or_region_of_origin,11,5,4,3,1
xlmr,race_or_region_of_origin,11,8,2,2,2
xlmr,race_or_region_of_origin,11,9,0,3,1
xlmr,race_or_region_of_origin,11,9,1,2,1
xlmr,race_or_region_of_origin,11,9,2,1,1
xlmr,race_or_region_of_origin,11,10,0,2,2
xlmr,race_or_region_of_origin,11,10,1,1,1
xlmr,race_or_region_of_origin,11,11,0,1,1
xlmr,race_or_region_of_origin,11,11,1,0,1
xlmr,race_or_region_of_origin,11,12,0,0,5
xlmr,race_or_region_of_origin,12,0,9,2,1
xlmr,race_or_region_of_origin,12,1,6,4,1
xlmr,race_or_region_of_origin,12,1,8,2,1
xlmr,race_or_region_of_origin,12,1,9,1,1
xlmr,race_or_region_of_origin,12,1,10,0,1
xlmr,race_or_region_of_origin,12,2,8,1,2
xlmr,race_or_region_of_origin,12,3,4,4,1
xlmr,race_or_region_of_origin,12,5,3,3,1
xlmr,race_or_region_of_origin,12,6,2,3,1
xlmr,race_or_region_of_origin,12,7,0,4,1
xlmr,race_or_region_of_origin,12,7,1,3,1
xlmr,race_or_region_of_origin,12,8,1,2,1
xlmr,race_or_region_of_origin,12,8,2,1,2
xlmr,race_or_region_of_origin,12,9,2,0,1
xlmr,race_or_region_of_origin,12,10,0,1,1
xlmr,race_or_region_of_origin,12,11,0,0,8
xlmr,race_or_region_of_origin,13,4,5,1,1
xlmr,race_or_region_of_origin,13,4,6,0,1
xlmr,race_or_region_of_origin,13,5,4,1,1
xlmr,race_or_region_of_origin,13,6,3,1,1
xlmr,race_or_region_of_origin,13,8,0,2,2
xlmr,race_or_region_of_origin,13,8,1,1,2
xlmr,race_or_region_of_origin,13,9,0,1,1
xlmr,race_or_region_of_origin,13,9,1,0,1
xlmr,race_or_region_of_origin,13,10,0,0,5
xlmr,race_or_region_of_origin,14,2,6,1,1
xlmr,race_or_region_of_origin,14,3,5,1,1
xlmr,race_or_region_of_origin,14,3,6,0,1
xlmr,race_or_region_of_origin,14,4,2,3,1
xlmr,race_or_region_of_origin,14,4,5,0,1
xlmr,race_or_region_of_origin,14,5,3,1,2
xlmr,race_or_region_of_origin,14,6,1,2,1
xlmr,race_or_region_of_origin,14,6,2,1,1
xlmr,race_or_region_of_origin,14,7,0,2,2
xlmr,race_or_region_of_origin,14,7,2,0,1
xlmr,race_or_region_of_origin,14,8,0,1,1
xlmr,race_or_region_of_origin,14,8,1,0,1
xlmr,race_or_region_of_origin,14,9,0,0,7
xlmr,race_or_region_of_origin,15,0,6,2,1
xlmr,race_or_region_of_origin,15,1,4,3,1
xlmr,race_or_region_of_origin,15,1,6,1,2
xlmr,race_or_region_of_origin,15,2,3,3,2
xlmr,race_or_region_of_origin,15,3,3,2,1
xlmr,race_or_region_of_origin,15,3,5,0,1
xlmr,race_or_region_of_origin,15,4,2,2,3
xlmr,race_or_region_of_origin,15,5,1,2,1
xlmr,race_or_region_of_origin,15,5,2,1,2
xlmr,race_or_region_of_origin,15,6,1,1,1
xlmr,race_or_region_of_origin,15,7,0,1,3
xlmr,race_or_region_of_origin,15,7,1,0,3
xlmr,race_or_region_of_origin,15,8,0,0,12
xlmr,race_or_region_of_origin,16,0,5,2,1
xlmr,race_or_region_of_origin,16,1,4,2,1
xlmr,race_or_region_of_origin,16,1,5,1,1
xlmr,race_or_region_of_origin,16,2,3,2,1
xlmr,race_or_region_of_origin,16,2,5,0,1
xlmr,race_or_region_of_origin,16,3,1,3,2
xlmr,race_or_region_of_origin,16,3,2,2,1
xlmr,race_or_region_of_origin,16,3,3,1,2
xlmr,race_or_region_of_origin,16,3,4,0,1
xlmr,race_or_region_of_origin,16,4,1,2,2
xlmr,race_or_region_of_origin,16,4,2,1,1
xlmr,race_or_region_of_origin,16,5,0,2,2
xlmr,race_or_region_of_origin,16,5,1,1,1
xlmr,race_or_region_of_origin,16,5,2,0,1
xlmr,race_or_region_of_origin,16,6,0,1,1
xlmr,race_or_region_of_origin,16,6,1,0,4
xlmr,race_or_region_of_origin,16,7,0,0,18
xlmr,race_or_region_of_origin,17,1,4,1,2
xlmr,race_or_region_of_origin,17,2,3,1,1
xlmr,race_or_region_of_origin,17,2,4,0,3
xlmr,race_or_region_of_origin,17,3,1,2,1
xlmr,race_or_region_of_origin,17,3,2,1,1
xlmr,race_or_region_of_origin,17,3,3,0,1
xlmr,race_or_region_of_origin,17,4,0,2,1
xlmr,race_or_region_of_origin,17,4,1,1,1
xlmr,race_or_region_of_origin,17,4,2,0,4
xlmr,race_or_region_of_origin,17,5,0,1,5
xlmr,race_or_region_of_origin,17,5,1,0,6
xlmr,race_or_region_of_origin,17,6,0,0,13
xlmr,race_or_region_of_origin,18,1,2,2,2
xlmr,race_or_region_of_origin,18,2,1,2,1
xlmr,race_or_region_of_origin,18,2,2,1,3
xlmr,race_or_region_of_origin,18,3,0,2,4
xlmr,race_or_region_of_origin,18,3,1,1,2
xlmr,race_or_region_of_origin,18,3,2,0,1
xlmr,race_or_region_of_origin,18,4,0,1,2
xlmr,race_or_region_of_origin,18,4,1,0,9
xlmr,race_or_region_of_origin,18,5,0,0,22
xlmr,race_or_region_of_origin,19,1,2,1,1
xlmr,race_or_region_of_origin,19,1,3,0,1
xlmr,race_or_region_of_origin,19,2,0,2,2
xlmr,race_or_region_of_origin,19,2,1,1,3
xlmr,race_or_region_of_origin,19,2,2,0,4
xlmr,race_or_region_of_origin,19,3,0,1,4
xlmr,race_or_region_of_origin,19,3,1,0,2
xlmr,race_or_region_of_origin,19,4,0,0,37
xlmr,race_or_region_of_origin,20,1,0,2,1
xlmr,race_or_region_of_origin,20,1,1,1,4
xlmr,race_or_region_of_origin,20,2,0,1,3
xlmr,race_or_region_of_origin,20,2,1,0,13
xlmr,race_or_region_of_origin,20,3,0,0,63
xlmr,race_or_region_of_origin,21,0,0,2,4
xlmr,race_or_region_of_origin,21,1,0,1,6
xlmr,race_or_region_of_origin,21,1,1,0,2
xlmr,race_or_region_of_origin,21,2,0,0,121
xlmr,race_or_region_of_origin,22,0,0,1,1
xlmr,race_or_region_of_origin,22,1,0,0,7
xlmr,religion,0,0,0,23,1
xlmr,religion,0,0,8,15,1
xlmr,religion,0,0,21,2,1
xlmr,religion,0,1,10,12,1
xlmr,religion,0,2,2,19,1
xlmr,religion,0,19,1,3,1
xlmr,religion,1,0,7,15,1
xlmr,religion,1,0,9,13,1
xlmr,religion,1,1,0,21,1
xlmr,religion,1,5,1,16,1
xlmr,religion,2,3,8,10,1
xlmr,religion,3,0,17,3,1
xlmr,religion,3,2,7,11,1
xlmr,religion,4,0,12,7,1
xlmr,religion,4,3,10,6,1
xlmr,religion,4,9,2,8,1
xlmr,religion,5,0,16,2,1
xlmr,religion,5,11,4,3,1
xlmr,religion,6,16,0,1,1
xlmr,religion,7,2,9,5,1
xlmr,religion,7,11,1,4,1
xlmr,religion,8,5,4,6,1
xlmr,religion,9,1,12,1,1
xlmr,religion,9,3,6,5,1
xlmr,religion,9,11,2,1,1
xlmr,religion,10,1,11,1,1
xlmr,religion,10,12,1,0,1
xlmr,religion,12,11,0,0,1
xlmr,religion,13,8,0,2,1
xlmr,religion,14,2,6,1,1
xlmr,religion,14,7,2,0,1
xlmr,religion,15,2,5,1,1
xlmr,religion,19,2,2,0,1
xlmr,religion,19,4,0,0,1
xlmr,religion,20,3,0,0,3
xlmr,religion,21,2,0,0,9
